pool_id_bech32,epochs_observed,epochs_with_observed_pledge,pledge_met_epoch_cnt,pledge_unmet_epoch_cnt,total_pool_rewards_ada,reward_from_unmet_ada,mean_active_stake_ada,mean_size_bucket,avg_pool_rewards_epoch_ada,mean_margin_pct,pledge_met_epoch_share_pct,reward_share_when_unmet_pct
pool1qqqqqdk4zhsjuxxd8jyvwncf5eucfskz0xjjj64fdmlgj735lr9,406,244,230,14,14672760.506483005,310265.904311,71205382.67053032,>70M,36139.804203160114,1.201970443349739,94.26229508196722,2.114570766516037
pool1gclysx2h7fndj0jdajlmwvqr8q9tzu3rurjknacu0ff954fsg9a,406,406,406,0,14591901.812476994,0.0,69235568.40710439,30M-70M,35940.64485831772,0.9999999999999896,100.0,0.0
pool1vx9tzlkgafernd9vpjpxkenutx2gncj4yn88fpq69823qlwcqrt,406,406,406,0,14442504.381611003,0.0,71150215.03662854,>70M,35572.6708906675,1.9999999999999791,100.0,0.0
pool1ekcsyzwexl7p2kwxxh34hy28l6772vrmff7jwmuxsa6u6fzty9z,406,406,335,71,14369952.447773006,2864631.7438140004,71701373.42837514,>70M,35393.97154623893,0.14778325123152716,82.51231527093597,19.934872813430562
pool1nee5kmpzv0qfz7lu258fe9ylgxh68lsqqdmjgw7jnheej3usn35,372,372,371,1,14356800.783100998,0.0,64155954.826227866,30M-70M,38593.55049220698,100.0,99.73118279569893,0.0
pool155efqn9xpcf73pphkk88cmlkdwx4ulkg606tne970qswczg3asc,372,372,371,1,14348197.728451997,0.0,64158827.16359297,30M-70M,38570.42400121505,100.0,99.73118279569893,0.0
pool1gpzkwf3ntp7ky6yvyky8q6qu4dyup5y6v4pxzn56yut8sqp6k53,372,372,371,1,14348165.917310005,0.0,64156239.046066746,30M-70M,38570.33848739249,100.0,99.73118279569893,0.0
pool13c9mnvfx4nvwvkszxcprwlv60fh3tteef50hhhv9yxptsua2v70,356,356,321,35,14105573.467939992,1701032.9474809994,69083763.30332802,30M-70M,39622.39738185391,100.0,90.1685393258427,12.059296641481545
pool1rvng7n968748udkc5rxy4h9zp9hms4s3jsfwuues76ft28uc056,406,406,158,248,13439160.021555997,7345552.050658,63895028.989507206,30M-70M,33101.37936343842,2.4778325123152833,38.91625615763547,54.65782116498323
pool1xytvsd9qnvqxpthh9p8k85e823trvn3npxeur8kr9zhkqz5uls9,406,406,406,0,12749290.057183007,0.0,65412169.43515522,30M-70M,31402.192259071446,0.051256157635467973,100.0,0.0
pool1mxqjlrfskhd5kql9kak06fpdh8xjwc76gec76p3taqy2qmfzs5z,406,406,406,0,12747048.128535017,0.0,58442378.41582621,30M-70M,31396.67026732763,7.000000000000023,100.0,0.0
pool1z7n2ruhmxmv77f6cqhd3wsy6774h2wuay77agxuf2y9mj8q55vw,406,406,406,0,12444745.461027013,0.0,59746281.6795427,30M-70M,30652.082416322693,0.9999999999999896,100.0,0.0
pool15yyxtkhz64p7a8cnax9l7u82s9t9hdhyxsa3tdm977qhgpnsuhq,406,168,0,168,12380222.37722799,4398445.683839001,63068240.498196505,30M-70M,30493.15856460096,1.2455665024630536,0.0,35.52800224275002
pool16agnvfan65ypnswgg6rml52lqtcqe5guxltexkn82sqgj2crqtx,404,404,392,12,12215219.32475598,12259.129673999998,63555138.998933785,30M-70M,30235.69139791084,0.7273514851485103,97.02970297029702,0.10035947245871407
pool1pshqcksxywy68lt04lw6uf35f4yssekh5dx2mxqmyrukke2z5y3,406,406,406,0,11965565.742323,0.0,56849006.123520896,30M-70M,29471.83680375123,0.9999999999999896,100.0,0.0
pool16kus5xvdysgmtjp0hhlwt72tsm0yn2zcn0a8wg9emc6c75lxvmc,406,406,404,2,11881734.369387992,0.0,57707050.325523674,30M-70M,29265.355589625597,3.245566502463048,99.50738916256158,0.0
pool1a2nh3ktswllhwf07fjahpdg5mpqyq7j950pyftq9765r6t4cefl,406,406,406,0,11759332.800248008,0.0,54607227.241590045,30M-70M,28963.873892236472,1.308275862068956,100.0,0.0
pool16fyda57p3c8gp5r6gmcq5tvqsp6mnzwvkxswgznkuh8wztrp6vv,406,406,406,0,11598350.057282992,0.0,55970810.72758064,30M-70M,28567.364673110817,1.9999999999999791,100.0,0.0
pool18vej0s9gska8c847aj95g9v24duuxg2g63d5cuqngnxew643jw9,377,377,377,0,11556018.383751998,0.0,65408617.21818617,30M-70M,30652.568657167103,0.0,100.0,0.0
pool1w7c2j0px43jmudhf48ezp7dy8j7904c9l3wc7809lhh2z026hch,406,406,406,0,11540995.608327996,0.0,59102083.887486435,30M-70M,28426.097557458117,1.5853726600985294,100.0,0.0
pool12t3zmafwjqms7cuun86uwc8se4na07r3e5xswe86u37djr5f0lx,406,406,406,0,11397581.413845997,0.0,60635890.485576734,30M-70M,28072.860625236448,0.10320197044334975,100.0,0.0
pool1qqqqpanw9zc0rzh0yp247nzf2s35uvnsm7aaesfl2nnejaev0uc,406,406,242,164,11308482.407168994,3759605.290268001,57315307.576963544,30M-70M,27853.404943765996,1.3317733990147664,59.60591133004927,33.245887068671614
pool1lvsa8e0dw6z8g2fkw7prnfa7627wuy5jjexaadck6w5sxw5xkvm,406,406,406,0,11290421.76779,0.0,52391301.30412771,30M-70M,27808.920610320198,2.4778325123152833,100.0,0.0
pool1z5uqdk7dzdxaae5633fqfcu2eqzy3a3rgtuvy087fdld7yws0xt,406,239,239,0,11264881.207355004,0.0,57950960.669566974,30M-70M,27746.012825997546,0.9088669950738842,100.0,0.0
pool1vc8jp7uagxgh8trzx7r260ndcydz89ges8sws05cyv7jj8q8gqs,406,406,406,0,11148290.969979012,0.0,54240609.367744744,30M-70M,27458.844753642887,1.281108374384227,100.0,0.0
pool1myvgx4ef424e6nw2strqq7dxcepav52plyyhxrk0avaw7y098l2,406,406,97,309,11062420.171049995,6524553.983247004,51934369.367448404,30M-70M,27247.34032278324,1.9999999999999791,23.891625615763548,58.979444663669135
pool195gdnmj6smzuakm4etxsxw3fgh8asqc4awtcskpyfnkpcvh2v8t,406,323,323,0,11061692.081949992,0.0,54055450.91872141,30M-70M,27245.546999876828,1.3152709359605805,100.0,0.0
pool1ctzja2cdwyeqnvehmrlclc5wrn9w9acwklk3acn73jrx56d66vs,406,406,406,0,10973955.370210994,0.0,52588612.07127066,30M-70M,27029.44672465762,1.2902216748768383,100.0,0.0
pool1qqqqdktl6pq46td0mwut0qn30g7nlue0sete9wxl0hwsq37wrw8,406,164,162,2,10924617.252884002,54929.340929,56684583.736241534,30M-70M,26907.9242681872,1.247536945812803,98.78048780487805,0.5028033445702561
pool17rjst78s67lvellg8s586rf076jxa3wnsdz730f4xk2zwuhrtej,380,380,380,0,10858681.060574997,0.0,62558282.723831706,30M-70M,28575.47647519736,0.047368421052631574,100.0,0.0
pool12z39rkzfylvn9wfe8j6x9ucq6g2l4mw4azj70y0gd8ejczznyj3,405,405,405,0,10850534.575078992,0.0,57483018.96460926,30M-70M,26791.44339525677,1.182716049382709,100.0,0.0
pool14mm59ntjqzphjr6chrww639cdr3yjce4qcwzc5jkk38y22u7uc6,406,406,406,0,10795907.077309009,0.0,50002758.86152799,30M-70M,26590.904131302977,5.000000000000037,100.0,0.0
pool19w5khsnmu27au0kprw0kjm8jr7knneysj7lfkqvnu66hyz0jxsx,386,386,386,0,10776929.174110001,0.0,59210963.55989027,30M-70M,27919.505632409328,1.085492227979263,100.0,0.0
pool1ddg6t2h9kj6lqlec4ncjs945lzj43m3ggrgdhf5sgzhtygpkznz,406,406,406,0,10695076.07921899,0.0,56685361.15589488,30M-70M,26342.551919258593,0.4999999999999948,100.0,0.0
pool108zdflss3ayqlm5c7vr6mtqj2uwl99vk28ur8dv4zswdzt6yauc,406,270,193,77,10675579.146221004,2471943.320216,53665382.83069135,30M-70M,26294.529916800504,1.9999999999999791,71.48148148148148,23.15512148201375
pool12vs4c3cm0tr49c7alrevfs0xa5g3s4al4fn46h33e69uusat04v,406,406,406,0,10565971.733795004,0.0,47577572.89552373,30M-70M,26024.560920677348,4.0985221674876415,100.0,0.0
pool1lhz4gsk5ezdl5s4mv2kxgrkhzzhad6me2v0xmwuyt845vensdlc,387,387,22,365,10561473.096699,9908292.456964,57500528.46591779,30M-70M,27290.62815684496,0.542635658914729,5.684754521963824,93.81544000770923
pool1nudasuv0lljpe0tswcverqvlh0v4226vgnpsuxn0e9nkvnvcvne,406,406,406,0,10553446.817696001,0.0,52818381.52669354,30M-70M,25993.711373635473,1.4999999999999916,100.0,0.0
pool1w6l6rvhxtym5psec3mvgrjlg28d6hrv8g9jjexadzmxfgndfg2f,406,406,406,0,10497339.971496996,0.0,51179440.871093415,30M-70M,25855.517171174866,2.467980295566521,100.0,0.0
pool1w8ham64lthvzzxzn5hknq4yrj8xt2nark409s2xmntlwvt4ag3r,406,406,94,312,10490116.451022996,5978334.275756996,48951115.09375572,30M-70M,25837.72524882511,0.9999999999999896,23.15270935960591,56.99016120239532
pool1dzdxps32uqhva9q9urx4lm7m0nhlczjjccwy9kv4t2d3krsn4m7,383,0,0,0,10373663.880100003,0.0,57734065.85206681,30M-70M,27085.284282245437,100.0,0.0,0.0
pool1vxz0deezj5c2950e7arpzfqxzq8zd9kawsullrzjw5rsq0yhxgr,406,406,406,0,10354387.627658997,0.0,46966174.72886391,30M-70M,25503.417802115757,5.000000000000037,100.0,0.0
pool1ell3xjtspzzz4vtsatscan6rheltf7j3hh2s8qsam2h3jvcxzm9,406,406,406,0,10338772.019055992,0.0,51200548.20529758,30M-70M,25464.95571196057,1.2830049261083651,100.0,0.0
pool1ju8f57hyvaa32tp85r468kuedvmjmcy56f8u9968drea57p50l5,376,376,376,0,10317268.973664995,0.0,60707456.65584118,30M-70M,27439.545142726052,0.5013297872340376,100.0,0.0
pool1eqa7kxx4xg35cu4rqj4exkvzhenscgh8wxez0gl7hsagygp79kr,382,382,382,0,10309834.241223,0.0,61127360.70295202,30M-70M,26989.094872311518,0.07853403141361255,100.0,0.0
pool1gtphgrdj8sluxm9e7ca2spcwcq2p0dxj9zf5v0yv3gsagzq704n,406,406,406,0,10307225.841057997,0.0,51431494.518385984,30M-70M,25387.255766152703,1.566379310344818,100.0,0.0
pool16eua0zalaln7q0s9u7jzlyygqad0pu2l2qdxx8r8ueqrw2jdhqf,383,0,0,0,10297258.289003009,0.0,57990596.65155083,30M-70M,26885.791877292453,100.0,0.0,0.0
pool1wpmjtfqcwvtcs9znpuulk99yk2zz6pfh0c4k9f2xlcspgqjndk2,404,404,404,0,10252300.092446996,0.0,52110392.69481465,30M-70M,25376.980426849,2.5000000000000187,100.0,0.0
pool1qs6h0y7czzt605kptmrv6cr85kxd6tajr2hs0etvxphv7tr7nqu,305,305,305,0,10213431.874937996,0.0,61238595.69756345,30M-70M,33486.66188504261,3.5000000000000107,100.0,0.0
pool1pvu2zdexh8wr4ggmuz90jvqrua6an43qj9m9urs785p8kwjzqwl,406,406,406,0,10022996.117368007,0.0,47002627.0484861,30M-70M,24687.182555093612,5.000000000000037,100.0,0.0
pool1qfxukshs4fkcrflzdnxa2fdza5lfvew3y6echg8ckaa4q8m5hyf,404,404,404,0,10001781.62125,0.0,50662060.82058076,30M-70M,24756.885201113862,1.436881188118797,100.0,0.0
pool10zyf32q3w3n9x940j6yqgkwuegzn77p94wcmpku6gvmrqw8a97d,406,406,297,109,9991528.797913993,2798004.2090129997,50304626.21086381,30M-70M,24609.67684215269,3.4470443349753985,73.15270935960592,28.003764645077737
pool1lnr8t7pxvq3vfg8c5lc7yjcq39haws4ntu28xpxzx4zyya9ntny,377,0,0,0,9985984.658462,0.0,61158530.855876304,30M-70M,26488.022966742705,3.2068965517241206,0.0,0.0
pool1tdsrw0n33gmy0mzh7cgtn9p0jy5xwjxaa2s26gn2ewf8kg4nrzx,401,401,401,0,9985925.51144001,0.0,54098968.76046257,30M-70M,24902.557385137185,1.0860349127181919,100.0,0.0
pool155cu3s06js3llfh07vnzepatfuvt3s5s7uwldt9rzz55wz7pugt,406,406,406,0,9961288.181568997,0.0,43349625.26157861,30M-70M,24535.19256544088,5.000000000000037,100.0,0.0
pool10quq4wlghwrvmhdzc7geq22pyhzegccwj56ax2g8hx0cjfahufs,406,406,406,0,9930576.691075994,0.0,47555844.717908144,30M-70M,24459.548500187175,5.000000000000037,100.0,0.0
pool19lz8nyz0jjpdrdtnjaar4untk4th23gpg5s7aegn7480zff4vgq,404,404,404,0,9882319.622429,0.0,49514047.869814694,30M-70M,24461.1871842302,2.5000000000000187,100.0,0.0
pool17ahr5ygy48vpdfnatqn2z4wfu2te4quapk2yx3k50ce6kd7feg0,406,406,406,0,9840427.846678993,0.0,50877777.18456953,30M-70M,24237.507011524613,2.0052216748768315,100.0,0.0
pool1up53z2kadt6l5xs359ckx477rpyvyg3favh25qrhqt2ujclpq3h,386,386,386,0,9806858.078801,0.0,51956221.50152248,30M-70M,25406.36807979534,0.9999999999999901,100.0,0.0
pool1fpu5xurq3jx5rn626ejcx0dzzzk5lmtvdl2qkj9l4kw2sjp50dz,404,404,404,0,9786903.623162994,0.0,50458849.317120135,30M-70M,24225.008968225233,2.5000000000000187,100.0,0.0
pool1zz7x8ergn02chznayj9fjds2gk5q6prmpdr49faspd65kzqsrjs,406,406,406,0,9715556.778815996,0.0,51695594.57734036,30M-70M,23929.942804965507,0.0,100.0,0.0
pool1g3ssnndd8e7lcmstkjl9ane9mup0eshv3aklg63u5tznwl4ch87,383,383,383,0,9706161.933371,0.0,53669723.772111975,30M-70M,25342.45935606005,3.574412532637044,100.0,0.0
pool1c7jrfce3zxkk9s9enzpvwj8fuayvx3pdzc2k2es6mrw6gsfcjep,382,382,381,1,9688206.885953005,0.0,51771717.53708375,30M-70M,25361.79813076703,1.7500261780104696,99.73821989528795,0.0
pool10kya8ug3wr6cwnzm0qdcppjtuwfwmnvusu2uenscz4dg7pl07qv,322,322,319,3,9668816.484872991,0.0,49962055.64949881,30M-70M,30027.38038780432,100.0,99.06832298136646,0.0
pool1x0qm7xsyh2za3ltprxsgael544je4hg8tc3q3v5gv232z8jt4wp,404,404,333,71,9648497.538400002,355775.6407909999,44449419.88834275,30M-70M,23882.419649504955,0.9987623762376253,82.42574257425743,3.687368311750616
pool16ajaae2n5lsyr4f9k9uz5y8tpf0996tw640dzu7chwp2wdrnz6a,357,357,357,0,9643923.117315996,0.0,62213440.143453635,30M-70M,27013.790244582622,0.061624649859943974,100.0,0.0
pool1tdvqgy6mq7lx7d345e276xmgmhh3s4zj8dzu6xzq5m7rx4tzkg2,374,374,374,0,9637500.476407994,0.0,56076072.22747095,30M-70M,25768.717851358273,0.9999999999999905,100.0,0.0
pool1smy2r8jdvgna5ykhe8rrch7h4qalyfafyzyh0rmanmq0jxptww7,406,406,406,0,9636937.451526994,0.0,42947892.52781356,30M-70M,23736.299141692103,5.000000000000037,100.0,0.0
pool19hrn8me383w9atvmjwukjxqsdvr8udpmyxau956hdc53x669j8p,289,289,287,2,9606319.879087007,0.0,63190189.507925294,30M-70M,33239.861173311445,99.65397923875432,99.30795847750865,0.0
pool1a4qtpgce7cu6wzc79fx7qrc3938hkl2gf8c2h5jugvm2gnu86l7,372,372,371,1,9576664.383701993,0.0,54846696.5089941,30M-70M,25743.7214615645,1.7520698924731075,99.73118279569893,0.0
pool1qqqyv9pn9typyqwcxqk5ewpxy5p27g5j2ms58hpp2c2kuzs5z77,406,406,406,0,9568264.708498003,0.0,44505272.58282575,30M-70M,23567.15445442858,2.068472906403956,100.0,0.0
pool1xjhzgchsl2ccvc5pj3aqytv9hh0jnaz63wtfnw4th07tjypm46x,380,380,289,91,9483286.187395003,2345721.542765999,53887081.26963795,30M-70M,24956.016282618428,0.6,76.05263157894737,24.73532377293312
pool1jx4ss2zjage3cw0wht3450328y82yeprmq4fr3e2qtac2rhezkv,406,406,406,0,9467450.737947997,0.0,40999429.65611131,30M-70M,23318.844182137924,5.000000000000037,100.0,0.0
pool1ukeqarukv9gxwy9pt8jkr4qvad2yf87758g3xzemmvmtk8lrynp,406,406,106,300,9422700.188184002,7251406.107617004,50084078.93556894,30M-70M,23208.621153162567,2.0788177339901255,26.108374384236456,76.95677420268782
pool103455uc7a3477q8pdmzvny884qtlv9vhm2csxvqx2cadwuk36sq,385,385,16,369,9366969.956238003,8918759.604257999,51139205.00160488,30M-70M,24329.792094124685,1.9649610389610388,4.1558441558441555,95.21499103686656
pool1k0xrqp03mn9u3q3sadndd6vu9udl5v38xpzyw0shm8sskuxw2av,406,406,406,0,9358726.275847998,0.0,43826758.31062553,30M-70M,23051.04994051231,5.000000000000037,100.0,0.0
pool19asxjgd6ah9ddzauwede4wpt9vsp6s4ax5nz297wt47evc9sn7z,396,396,396,0,9339354.513731001,0.0,48688555.24368411,30M-70M,23584.22857002778,1.6794696969696856,100.0,0.0
pool15zrkyr0f80hxlt4scv72tej8l8zwrcphmrega9wutqchjekceal,406,406,406,0,9338638.776342005,0.0,43949886.15482232,30M-70M,23001.573340743853,0.39039408866995035,100.0,0.0
pool1fd0q9h8974y6psejmzczlywy8fgxxy07rn2ynrwu734aqwq540p,377,0,0,0,9336726.770225996,0.0,51331845.441623256,30M-70M,24765.853501925718,7.8355437665783,0.0,0.0
pool1uj4u73qgtprqre78q75fq2vkcrpfrcdreqcqkvn6u0m2k6nk2yp,368,368,368,0,9287608.141591998,0.0,57545301.84594848,30M-70M,25238.065602152168,3.5978260869564904,100.0,0.0
pool1hntu7agmt8u5j9c20ejen7dvq0jfkvkpnul3mrdd8tppqvwfvt2,406,406,238,168,9285577.561493995,3603378.2468749983,43235760.33947394,30M-70M,22870.880693334962,4.100985221674833,58.620689655172406,38.80618327736241
pool1wdujj7tmux5nuwnpeksgncendr3mj8ecsjcddpzx9gewc3flp4r,383,0,0,0,9282278.102091003,0.0,51975449.9286856,30M-70M,24235.713060289825,100.0,0.0,0.0
pool14skj6e4rpjanzclx3fc880xnl8xafgg63tmw93t9xspvwx985qu,406,406,406,0,9223057.387828004,0.0,48110361.064923584,30M-70M,22716.890117802963,3.554187192118194,100.0,0.0
pool1c55n72ag3tz8g7rntzuu9a86u7eugsy008xl3xsje8kwgvz2vdz,305,305,305,0,9215259.275735997,0.0,57581777.56586641,30M-70M,30213.964838478678,3.5000000000000107,100.0,0.0
pool1jzk8rwf2fs5l02dmm6pm5tnw9stmd8jpmvsy54085vu2u2656re,339,0,0,0,9104009.525053997,0.0,60227903.652184024,30M-70M,26855.485324643058,100.0,0.0,0.0
pool19066qvd5dv6vq7fh5a5l7muzk6nc5fw8zq3w4tclyrhvjvlyeuc,396,0,0,0,9071372.015429001,0.0,44084867.67572915,30M-70M,22907.505089467177,100.0,0.0,0.0
pool1lfvzgsrghmugvpym868mh29288ez0nncz680mamzjygu2jpuwcd,365,365,365,0,9019765.907108996,0.0,56596448.96612796,30M-70M,24711.687416736975,0.03287671232876713,100.0,0.0
pool1s6se64qce5rjjjhh6ufcdnc54p8qg78mlhjm38lymx99sqysvzx,386,386,386,0,8995481.580216998,0.0,51704900.241987325,30M-70M,23304.356425432637,2.9287564766839247,100.0,0.0
pool10akpqvczl93ep4rc59c0aqyn3dm0env2ydysuwmdm670wl24pd8,292,292,292,0,8874501.410396999,0.0,56363285.250356585,30M-70M,30392.12811779794,2.6780821917808377,100.0,0.0
pool1qnrqc7zpwye2r9wtkayh2dryvfqs7unp99f2039duljrsaffq5c,406,345,0,345,8843708.067447001,5575640.175551995,41766092.726816446,30M-70M,21782.532185830052,2.999999999999983,0.0,63.04640692602113
pool1s04pdfl3sv5gzuc80322rc4ne0xs7gekux7gtckvvwt7qutjy6w,383,383,383,0,8801484.769846994,0.0,46632181.81295209,30M-70M,22980.377989156645,2.5000000000000178,100.0,0.0
pool1tmt8thfaqeqv499l3s7k5kl64s84nycvnx55ll3ksm9hq50p0ks,363,363,363,0,8752409.944534004,0.0,53108788.11778029,30M-70M,24111.3221612507,1.9889807162534252,100.0,0.0
pool1xxhs2zw5xa4g54d5p62j46nlqzwp8jklqvuv2agjlapwjx9qkg9,406,42,42,0,8642860.886428006,0.0,36708937.01686717,30M-70M,21287.834695635484,1.5467980295566424,100.0,0.0
pool1lqeg5d3jpwr3nvra568nk28sr8lttyr6cf4yyssdx6qtxea9nmr,405,201,77,124,8624385.971652003,0.0,37029575.40445094,30M-70M,21294.780176918524,5.000000000000037,38.308457711442784,0.0
pool1zgxvcqf0dvh0ze56ev2ayjvuex3zdd3hgxzdrcezkx497mv3l7s,372,0,0,0,8611422.015390994,0.0,50480972.045342274,30M-70M,23148.98391234138,3.591397849462334,0.0,0.0
pool1a6v2wt0m8wjra80zuw00sfdxn4w52cna96gcaglzvred6gnsusx,318,318,318,0,8571004.336056005,0.0,44669817.729225084,30M-70M,26952.843824075488,7.5943396226415345,100.0,0.0
pool1jhzf2mm6zdlhl6w89uhgx8nq8p6ykcc86qq58vjy0ejyxrrksfj,406,406,406,0,8485922.339454992,0.0,40725349.78338219,30M-70M,20901.286550381752,2.999999999999983,100.0,0.0
pool1kmmahq4upmm5j8fkh3xa9vd7gdffkp8pd4axucfh4w4dw549yqe,236,236,236,0,8439201.202895002,0.0,72324735.79611641,>70M,35759.32713091103,98.47457627118644,100.0,0.0
pool1xppj5zu9kmuqk05u6dtd3dmtj7fl25cvjyzsc95gmfyjywaslnp,339,339,337,2,8432877.964118995,0.0,44980614.88851344,30M-70M,24875.746206840693,2.5000000000000155,99.41002949852508,0.0
pool1ynxx88cq0y8vg8yrq3jrw6epm7rq9a8859v34sq9lzjy7ztg90u,383,383,383,0,8349753.789006998,0.0,46316081.69475424,30M-70M,21800.923731088766,3.574412532637044,100.0,0.0
pool1ppznyu6qrvlw9uuqa3tslryjd40nh56jyvmaqw6kdf4kzq3y8kh,389,389,20,369,8341937.184432998,7637804.069117,41995344.836509734,30M-70M,21444.568597514135,2.453727506426746,5.141388174807198,91.5591175077416
pool17xextu09ghdfcmsq83whq0a45geg83jxe4qt94sevu087tzdzkl,406,406,405,1,8312435.903628993,0.0,39088593.46892942,30M-70M,20473.98005819949,0.9975369458127976,99.75369458128078,0.0
pool1u6kpt8hgqcm596kukj97ghefmxn8ks2cgwg8qqe0gtgscnufk5p,406,287,287,0,8300008.725605004,0.0,44197817.72523744,30M-70M,20443.37124533252,0.871428571428572,100.0,0.0
pool1s0cfkzheywsftgwp0yz7sq4rt5gyf7t5kfwj5a269kpxvndjn6q,406,406,406,0,8293437.891688001,0.0,35324853.38460082,30M-70M,20427.186925339905,1.3430788177339814,100.0,0.0
pool15ccmgcc4k9t8auxw9v4dfjmrl2kqnuevawn8z6n7xv09utw9hh3,406,406,406,0,8291519.861841998,0.0,40725412.83088157,30M-70M,20422.462713896548,1.544334975369442,100.0,0.0
pool1r9fpxs4kcn80kylsjxs8tg3p50nk2s66qerfqtw4x70n5740nj9,236,236,236,0,8281419.335792007,0.0,72322670.85639049,>70M,35090.759897423755,94.95762711864406,100.0,0.0
pool1vcwsfldh4gkzga4mc6p86y0vytkqfm9e2dy44hs00v34yeqnfaf,287,0,0,0,8263510.941661003,0.0,68673995.47538686,30M-70M,28792.721051083634,5.000000000000024,0.0,0.0
pool12g6gfm5c4q7rzwwxdmh0xdxk07tyvujp6d9tke2m46k7q7cz7p0,365,365,365,0,8245216.550443001,0.0,44252877.14380692,30M-70M,22589.634384775345,2.9999999999999885,100.0,0.0
pool1vquhv3kh6xkklckaenl8alyuhfsld57ef5573aqauueyqacx4ak,406,395,344,51,8240041.243202997,675450.8844859997,39560955.072843425,30M-70M,20295.66808670689,1.9901477832512109,87.0886075949367,8.197178443046777
pool1jst7rrhucnp93hepezv5yqy6fx982xs2v0udwfc5ea6my3kfak7,383,381,381,0,8213174.280858994,0.0,44473366.744628206,30M-70M,21444.31927117231,3.574412532637044,100.0,0.0
pool1njjr0zn7uvydjy8067nprgwlyxqnznp9wgllfnag24nycgkda25,287,0,0,0,8200443.5038220035,0.0,68684249.67963246,30M-70M,28572.973880912905,5.000000000000024,0.0,0.0
pool13pclvkwxee4znt7qc55k8ny89zvdkvfrt04dtd99zjm5vs2tws5,405,405,405,0,8199627.233417995,0.0,38230096.79090214,30M-70M,20245.99316893332,4.799999999999972,100.0,0.0
pool1ksz6vfc4xqdxyhp06h4n7kckh60370cy2t6m3wfgdxtug7ph4x0,303,303,299,4,8195669.036723995,0.0,46625369.06036243,30M-70M,27048.412662455426,100.0,98.67986798679867,0.0
pool1qa6lqyu67ghpa0evxfu9nzqkj3h82qpfku82ec79zdwru4pd25m,392,392,392,0,8169925.584077998,0.0,44642755.35440286,30M-70M,20841.646898158157,0.02551020408163265,100.0,0.0
pool12l453n0jtxqq88cgwgr67z06ldyhqqvwxgkn0sgungjfvhtp2el,386,386,386,0,8156418.721488999,0.0,44392272.49244412,30M-70M,21130.618449453366,3.5699481865284657,100.0,0.0
pool1g5gmej3cj67td4pmvmacnls8nuq0gjld2pwfeg3jwpxujdx6lmu,406,116,1,115,8112730.980827004,1261936.8232039995,40542818.526279114,30M-70M,19982.09601188917,1.50194285714284,0.8620689655172413,15.555018725338762
pool1ecvcst7k9eul4ggnljh0jw2s5nc2tyfmyzsx3xg3kmmz6ptgfwj,405,405,405,0,8094381.146931003,0.0,34730499.554921135,30M-70M,19986.126288718526,2.9999999999999836,100.0,0.0
pool1xed948ze4guhrkt9zxjmecjvgkvgf8gd8skkzgtacz6gsyk9m5c,287,0,0,0,8039969.844388001,0.0,68159159.66062662,30M-70M,28013.832210411154,5.000000000000024,0.0,0.0
pool1sjwdmeme5zs042jzwmdvxshhv27kepxke0mr02f2yzacsyd4wtu,361,361,332,29,8036659.255441005,499063.75901900005,48668559.222728625,30M-70M,22262.214003991703,3.2326869806094027,91.96675900277008,6.209840969444142
pool1fqas6yd8n3fdpz8e869qjvyensdmzletqjexcut8mxasu2sk72r,287,0,0,0,8033497.658479,0.0,67724643.93446451,30M-70M,27991.281039996516,5.000000000000024,0.0,0.0
pool150n38x8gquu4yt5s0s6m3ajjqe89y68x96dh32tq8a4es2l6dvp,397,0,0,0,8029020.490325998,0.0,53628003.84704962,30M-70M,20224.232973113343,100.0,0.0,0.0
pool1etfar35l4tf6vam3gvqf5dnaq7levz32vgw4p00jzk7q7twg2te,406,406,406,0,8006093.264411997,0.0,36670061.2541949,30M-70M,19719.441537960585,5.000000000000037,100.0,0.0
pool1c89d4drtwn0048mekkdkzllz559ahnntxelyw2mppxnmc36hjlx,406,406,406,0,8004488.006936994,0.0,38693353.382207975,30M-70M,19715.48770181526,1.1090147783251243,100.0,0.0
pool17arsgklktp9sayk5kzaakwvl3jwyczp07guux2yd0upgqh04qjl,287,0,0,0,7979479.134881999,0.0,67280794.85538685,30M-70M,27803.06318774216,5.000000000000024,0.0,0.0
pool1fl20ddkpvnstlx63fal6e3ku46r76nk2s4mqtk5jnyxn2vt7hg6,287,0,0,0,7979341.743984993,0.0,66351975.22168104,30M-70M,27802.584473815306,5.000000000000024,0.0,0.0
pool16e43yxx4djcvnsunwgrm8tnph0ljrt3p9tnezu3qvtcwzh4zwwa,287,0,0,0,7953634.537186,0.0,67267875.45568262,30M-70M,27713.012324689895,5.000000000000024,0.0,0.0
pool189lsf6c2upyhmrzddyvyfjxxkqnte9pw8aqx7f4cuf85sjxlm02,400,400,386,14,7947762.062101004,0.0,43130868.44675196,30M-70M,19869.40515525251,2.0374999999999788,96.5,0.0
pool1dxwgzj66pual956mnv9delkelg873yvgr2dd8s279m0hxqvr475,405,405,405,0,7942582.356475002,0.0,41276887.907322384,30M-70M,19611.314460432102,1.0869135802469014,100.0,0.0
pool155p7g23vdme50kp5lfqylfx5h7ndldyz2mletvr8fqucqzyrk44,261,155,154,1,7937943.176427,0.0,67567788.72684498,30M-70M,30413.575388609195,3.29501915708812,99.35483870967742,0.0
pool1qqvukkkfr3ux4qylfkrky23f6trl2l6xjluv36z90ax7gfa8yxt,406,406,406,0,7927300.735813998,0.0,37689304.03054635,30M-70M,19525.371270477826,0.7600985221674883,100.0,0.0
pool1lev7ygxcqd4aw5em7wf7y64au4hv04yl5cew27lkjmgngj46vqk,286,0,0,0,7911135.908003,0.0,67651950.29826233,30M-70M,27661.314363646852,5.000000000000024,0.0,0.0
pool166dkk9kx5y6ug9tnvh0dnvxhwt2yca3g5pd5jaqa8t39cgyqqlr,406,247,247,0,7900694.695734999,0.0,42896542.55858937,30M-70M,19459.839152056647,0.7376847290640355,100.0,0.0
pool1ahazpr2yz5gljk2m4q8g7wnmq7m2sr9unhdfmr5arhqrjnntwdz,362,362,362,0,7887348.0184929995,0.0,51542904.68309411,30M-70M,21788.254194732042,0.0,100.0,0.0
pool1jeu74g86ys4fekhykqcww99kdsq3nlym8a6kfw8s8ff3vskad70,406,406,406,0,7881322.1541389935,0.0,35499825.0379319,30M-70M,19412.123532362053,2.5073891625615956,100.0,0.0
pool126mkma8nv5axltmz7mmg8qz9e70nmhnf58hwx5772fhwgkhk6ag,406,406,10,396,7859776.780369,7542436.098086999,36400257.8855119,30M-70M,19359.05610928325,2.999999999999983,2.4630541871921183,95.96247207586597
pool1j276s043qh2knv3ukmap6sra6sk7p5khuetzwx9h43wqydzsx8c,287,0,0,0,7842857.836210001,0.0,66329303.95821713,30M-70M,27327.030788188156,5.000000000000024,0.0,0.0
pool167zl76srpt5a2gthpsq0ye9z4fpray5vsh7xyzcn63hd5mnw7fa,386,386,386,0,7820408.557119006,0.0,40937404.82092652,30M-70M,20260.125795645094,2.999999999999986,100.0,0.0
pool1ft4xjlz9uw0r0ewcgtkgeakqrfc5azxmxwsm5pt94dv67mw4rgd,406,406,406,0,7818052.629492,0.0,44001981.62792434,30M-70M,19256.28726475862,0.9729064039408769,100.0,0.0
pool1af03lvsktpekmnnw333629hfuhtytcgyh8hmlweet4lxs6p56fq,218,218,213,5,7795439.838826993,0.0,58088172.78902541,30M-70M,35758.89834324308,100.0,97.70642201834863,0.0
pool1ng3vqzrhn3z45yjdscv3q37n26g2pj3vp99rfkgv6225y8lqg8j,364,364,364,0,7729538.746996,0.0,45673155.19453749,30M-70M,21234.99655768132,3.604395604395573,100.0,0.0
pool1sdare7xfd6tmak8ghek7kwgpgj6xzu0reppmw4t46rmcs0h6vr2,287,0,0,0,7725353.378164999,0.0,65139435.87130623,30M-70M,26917.607589425083,5.000000000000024,0.0,0.0
pool1xmsdhync6k6grkkj7tuycskjpseykpr24luhlazl5nsngsy87gm,364,364,364,0,7715462.018054006,0.0,46214007.57768826,30M-70M,21196.324225423094,3.604395604395573,100.0,0.0
pool1whk6lawmfz4zq5fw8zghglp23452gnm9zgs59nqafhpexwcvute,406,406,406,0,7695361.451039996,0.0,35058145.80426806,30M-70M,18954.092243940875,4.893500000000015,100.0,0.0
pool1vxvdypctdecvc2j7xu9y8h2fdxvkpjy2pp8luwg2h6dx5jlv0nk,406,406,406,0,7569177.942776999,0.0,30544721.833268628,30M-70M,18643.29542555911,1.9999999999999791,100.0,0.0
pool1m62sl6rauje9cknrkhwl39tc4hujudkd7gp478dpz7tagmjr8wm,406,406,406,0,7554098.143015005,0.0,34294473.990584455,30M-70M,18606.153061613313,0.8401970443349775,100.0,0.0
pool1vev8z03vh7jwx3mfrgzrt9fltt97nupaxv8ffj4r5r8mgwts5ze,365,251,60,191,7549988.184647999,4621631.627989997,48296430.74191027,30M-70M,20684.899136021915,0.9386301369862934,23.904382470119522,61.21375974319449
pool15d62znf04qymt6ve536tt5y9ky979ly4um5zmgz9m850vu7wuv7,362,362,358,4,7523373.537776005,0.0,43288226.40367914,30M-70M,20782.799828110514,2.9999999999999893,98.89502762430939,0.0
pool1ydmetputlff49n9ry5qjupemx3xwxdapm46je574afxdcy0907y,318,318,318,0,7517304.020481999,0.0,39855242.52381574,30M-70M,23639.320819125784,7.5943396226415345,100.0,0.0
pool1t6ek99u2dzj8sr606uqm3uz0tt4ejr4cpvwtqfwen6p2z57rrst,349,349,349,0,7502587.990806006,0.0,49389116.444137745,30M-70M,21497.386793140417,6.022922636103121,100.0,0.0
pool1qqq6qqa0hpzvumv5p87ynczfmdj557xuwlc3289ke42g72z7f74,406,406,406,0,7489137.964254999,0.0,37991040.59777079,30M-70M,18446.15262131773,2.2158251231526913,100.0,0.0
pool1ld9hkah2dkzh73pvh9tf6xr0x28us34msv3zcv2sase5vhvq962,406,357,357,0,7468064.059932002,0.0,35722897.02114157,30M-70M,18394.246453034488,0.8000000000000005,100.0,0.0
pool14xq8v9s80ut6vmwp93tzhlydhsdqhxk3e9jerl2kl7hm2dq6pru,286,0,0,0,7458121.156471999,0.0,64083678.70432736,30M-70M,26077.346700951046,5.000000000000024,0.0,0.0
pool1k0ucs0fau2vhr3p7qh7mnpfgrllwwda7petxjz2gzzaxkyp8f88,406,406,403,3,7454268.475094001,0.0,43841613.03927142,30M-70M,18360.267180034483,0.11083743842364539,99.26108374384236,0.0
pool1gk20vlqg7qq868avysckjcjtwyphtjurfwlgra45670ny6r4fww,287,0,0,0,7450492.159556992,0.0,61974505.26520786,30M-70M,25959.902994972097,5.000000000000024,0.0,0.0
pool1hsq2jrulgj97tna2femdhsfn2wurkkwt8uk9uvs42h9zs0a783p,406,406,406,0,7355437.5592499925,0.0,35325263.18892113,30M-70M,18116.84127894087,5.000000000000037,100.0,0.0
pool1wt0pf4u2xktp0f7apveu242w6nkm4ltk3m8g039lvuhwq4zdtf3,391,391,391,0,7354327.349194995,0.0,42982207.331360035,30M-70M,18809.021353439886,1.9936061381074308,100.0,0.0
pool1xlphlhnjvfeh40vcqf9fdewztsj6kyxq6604kaccpv00umjfu0d,405,405,400,5,7325067.228424001,0.0,35462222.983509496,30M-70M,18086.585749195063,2.9234567901234643,98.76543209876543,0.0
pool18rhzlrv83a7ygj7cp5uv8dx07qkn5drhe8nh6f3qvhv66xcyj2m,385,385,385,0,7322516.324201002,0.0,39665982.5214941,30M-70M,19019.5229200026,2.4935064935065117,100.0,0.0
pool1ax8znp3yeeh0udrr2vvtm4wkxjldwv4mywycn573km7fu20y5xa,405,405,391,14,7307360.544117006,0.0,39869136.640561834,30M-70M,18042.865541029645,5.222222222222263,96.54320987654322,0.0
pool1cq25dmlt5974x8tqg3e4dlzvrxefcce2atpnwlfp7ad5ugec9fp,365,365,365,0,7274005.961267004,0.0,40981580.27549199,30M-70M,19928.783455526038,2.978082191780811,100.0,0.0
pool1lskcfz80qg2kr2p6776kl9emjn8ulkqsqse7um7skz4y2lwa0cu,405,405,405,0,7261458.318445,0.0,37605226.69996302,30M-70M,17929.526712209878,0.0,100.0,0.0
pool173mzegwuu0pjcrt60ekelzj5haqr8r5e4e0n45qh9jdz7xm5kh8,406,406,406,0,7218897.336700999,0.0,39038127.822451636,30M-70M,17780.535312071428,1.800344827586195,100.0,0.0
pool1r99a6puhdv2xzcfw05jjqvks3xhmy2l4wsndx9hmhudvu4yevz5,210,210,205,5,7134406.098440997,0.0,69163072.47973047,30M-70M,33973.36237352856,100.0,97.61904761904762,0.0
pool19l206haluae6wyzm7tjpt3gln9paa5m9s4fedec2u09fqz300ht,320,0,0,0,7127071.104648001,0.0,50564383.53377393,30M-70M,22272.097202025,100.0,0.0,0.0
pool1cmaafeyy52ppz62jqmsm20c5p8nua7xx95lkkf96ktmqqj3w5td,369,369,325,44,7119957.899450998,677023.882401,44467665.54262675,30M-70M,19295.27886030081,1.2769647696476938,88.07588075880759,9.508818618902277
pool1f8erepj5w5nth5xfxgxnwpz59jzywt6zdwfr50jzjwfwksmg9ek,362,205,205,0,7098976.377613,0.0,40878693.841649346,30M-70M,19610.431982356353,2.9999999999999893,100.0,0.0
pool1wxn9nsl8rvxa6r8e5eaak0ml6etfxnz2n9vqrmsw5nzgyexgkrn,406,201,0,201,7086368.948862994,1832989.2195669995,31906825.469308194,30M-70M,17454.110711485206,0.9999999999999896,0.0,25.866409620982296
pool1yafxktvszg85t5m20l8q8sufgcae6cxlk8cx96wrt8cdva7aknf,210,210,205,5,7080979.582954,0.0,69137494.16631489,30M-70M,33718.95039501905,100.0,97.61904761904762,0.0
pool1edqwpnln3zr9gj9sfsmyl72pen6hdwev07xgqj7uz5mkjrgfj6h,286,0,0,0,7065711.863924002,0.0,61675052.21668985,30M-70M,24705.28623749651,5.000000000000024,0.0,0.0
pool1v5u6wzakuc25q3zpx04t8gjz3rgu60wuxkv2mh5nga23xjkc86s,310,310,310,0,7040928.941205004,0.0,52722362.56824997,30M-70M,22712.67400388711,0.22580645161290333,100.0,0.0
pool1spus7k8cy5qcs82xhw60dwwk2d4vrfs0m5vr2zst04gtq700gjn,406,406,406,0,7016950.482933002,0.0,29329604.272722226,10M-30M,17283.129268307886,5.000000000000037,100.0,0.0
pool1vhz87537anw4u0ruqsyuftyh7zxnrxptr4nnv0m6mjgeu8kp83z,212,212,205,7,6978009.771317002,0.0,68460367.54126416,30M-70M,32915.140430740576,100.0,96.69811320754717,0.0
pool138m7hevnvp664cmtralju857t5k7e4frpnaevtgpuykggr50kne,355,355,355,0,6977035.604523997,0.0,42575341.61981989,30M-70M,19653.62142119436,3.9899999999999785,100.0,0.0
pool1pp7tn2w6ken4rpfcjwcdup3g4m5gcdhc9lgvrm3mnxz5stmrhq2,404,404,403,1,6971263.235534001,0.0,36793628.74476109,30M-70M,17255.60206815347,3.9369801980197767,99.75247524752476,0.0
pool1qc05c76autq4235sq20zu4vjwtl5m0xn4mxq9kg6e66uwz95kd4,287,0,0,0,6970109.018651995,0.0,58207163.51758881,30M-70M,24286.094141644582,5.000000000000024,0.0,0.0
pool1w69y40jqha8vnpsg0fhn26vym2z6cwur3r06dpqw8nw0wrsmdns,174,174,147,27,6968427.878435999,0.0,56202467.82742559,30M-70M,40048.43608296551,100.0,84.48275862068965,0.0
pool1ljlmfg7p37ysmea9ra5xqwccue203dpj40w6zlzn5r2cvjrf6tw,389,389,389,0,6966065.1960050035,0.0,30836010.210246485,30M-70M,17907.622611838055,2.837403598971711,100.0,0.0
pool1fg42yz0qpu5jd0gd3g5xty4mm6jdxkje8szag8h798nyyxw6zd3,405,405,405,0,6965531.762924994,0.0,31676646.56741105,30M-70M,17198.84385907406,4.799999999999972,100.0,0.0
pool1qlps2dwr0qd0a7pjqr47apewf2lq42xv03zgentgwv9mspeh57g,286,0,0,0,6961077.008593002,0.0,61377594.43864438,30M-70M,24339.430099975532,5.000000000000024,0.0,0.0
pool1dl4695wfl79k7gtzt87gsf8gsqeq97yzuvaq0d4zxhz6c0nlf4g,334,334,334,0,6958957.848354997,0.0,51633961.69960657,30M-70M,20835.203138787416,6.158682634730511,100.0,0.0
pool1rjxdqghfjw5rv6lxg8qhedkechvfgnsqhl8rrzwck9g45n43yql,381,381,381,0,6949792.723620001,0.0,38600054.86835854,30M-70M,18240.92578377953,0.3674540682414701,100.0,0.0
pool1ywpt43nttzjd7883wafg255mh0hmjypwe65ercw6p2sxg5lt7ez,364,364,364,0,6944129.877854002,0.0,42041132.168626495,30M-70M,19077.27988421429,3.604395604395573,100.0,0.0
pool1lkpj6fa4l0sy39qfvyl4pcsnnd22y8np8j98vzwula2kuxgers4,406,406,21,385,6941608.122265001,5145093.030140998,28441542.711539626,10M-30M,17097.556951391627,1.8620689655172231,5.172413793103448,74.11961233648822
pool13crd2ljx87988umk22er6ynwadfwdqupdpcq6prc6v59z62kxse,384,384,384,0,6923809.863663996,0.0,37413988.16114379,30M-70M,18030.754853291655,4.03124999999996,100.0,0.0
pool14wk2m2af7y4gk5uzlsmsunn7d9ppldvcxxa5an9r5ywek8330fg,406,406,406,0,6923076.733042999,0.0,39505566.14289552,30M-70M,17051.91313557389,2.061182266009835,100.0,0.0
pool142xwjhpcvtp7tahpmn8tlnek7smefp9wn66z67j8vjpmjxqdg56,369,369,368,1,6807166.388255994,0.0,42120162.145329304,30M-70M,18447.605388227625,1.1355013550135418,99.7289972899729,0.0
pool1gxu8g9fke4yydpaycwkumsrjz88uuq72tpe8yy3ndtx9uy9fv3j,174,174,145,29,6803014.298955001,0.0,55376189.538736805,30M-70M,39097.78332732759,100.0,83.33333333333334,0.0
pool1hyqdlnuff3rnvg9lx70ccca2xqxcezzz4998tp6chhxnx2st257,287,0,0,0,6790908.769683005,0.0,55791703.1218358,30M-70M,23661.703030254375,5.000000000000024,0.0,0.0
pool1uthdnav2zc2hxpg2hyeyy545lnxtl8lqdcdqxjm0j8t5srmyvzj,405,405,271,134,6783525.661131007,1758414.5690849996,34705035.67929873,30M-70M,16749.446076866683,5.000000000000037,66.91358024691358,25.921838538336452
pool19zz6frugmvm82ecgl5hh5vq3093d4kzr4h2r5vfmt6la7trk929,287,0,0,0,6765150.954159001,0.0,52998906.38335783,30M-70M,23571.954544108015,5.000000000000024,0.0,0.0
pool17e2p709fg8vk60py86hqrl4gwnttuspm9hfvv46jgh0xuf72jqx,174,174,147,27,6717117.496527996,0.0,56111115.36824016,30M-70M,38604.123543264344,100.0,84.48275862068965,0.0
pool1750p8pnt7dp86xs7jlkrcm3zue3d8gps4sngzts3rj2v7vrz7ul,174,174,147,27,6702743.649070999,0.0,55818885.2411705,30M-70M,38521.51522454597,100.0,84.48275862068965,0.0
pool1l0m820vyqh5pp2yzpw973qzz23neqqd977u0uczh9fs9zqvg0je,238,97,97,0,6685667.642683004,0.0,62759711.13991284,30M-70M,28091.040515474808,3.5966386554621823,100.0,0.0
pool1jg3fmnmc9n52sgzslhhvhye5e3xeqmrwkekdhh82sma47r47zg0,400,400,400,0,6679572.634728999,0.0,31559591.248594057,30M-70M,16698.9315868225,2.999999999999984,100.0,0.0
pool1q0a7a94cfk4ph7gugj636tsuhhd98l2sfjv2adhaff2mvs7kmtl,378,378,378,0,6679531.490432997,0.0,33254969.718005992,30M-70M,17670.718228658723,2.9999999999999867,100.0,0.0
pool1lurfk0k0wwx54hlg8a7zp3jtstu57u59aeq7aketl55hknmmtu0,406,406,406,0,6678277.648099995,0.0,31387456.26291234,30M-70M,16448.959724384225,0.5494827586206886,100.0,0.0
pool10hex9l4wjgqarvhr94xgyh9frv5lhtajhrj4dah0kl65jtws30k,398,398,398,0,6674836.192418996,0.0,33730883.722089365,30M-70M,16770.945207082907,1.9491206030150903,100.0,0.0
pool1ys6fndfj9r6e2waeqmy27raejcqzm4u8ztjrp2naz95kgwyv9qu,345,345,345,0,6673697.788390998,0.0,33614920.71907313,30M-70M,19344.051560553617,5.999999999999983,100.0,0.0
pool1cyq3v3v43hu7spwlfxdm6vq9djpsjjueerhlu5qr2rvd57vqk84,316,316,316,0,6672757.791612003,0.0,45820321.4313957,30M-70M,21116.32212535444,1.4841772151898698,100.0,0.0
pool1vnsfv2qpt5gxte9prupjey8kw7ap7t6c8lc02ks4s3gtqplhgd3,406,405,190,215,6657805.442354002,928778.3508530001,26641915.40802829,10M-30M,16398.535572300498,0.9999999999999896,46.913580246913575,13.95021766398466
pool1jz5ljsnj4fzmk84j0wcw9ldy866dn07nzqg2ktyuyjvfvr3jgtq,383,383,169,214,6653419.4215570055,3874415.2271970003,35365921.90988076,30M-70M,17371.852275605757,2.453002610966068,44.12532637075718,58.23194032596138
pool1kcnh9avc9jgelajcja7y6wsvjdaulkqj02azcszjvm3pwmksr0l,338,338,337,1,6648908.660695993,0.0,34642180.59432699,30M-70M,19671.327398508856,2.5000000000000155,99.70414201183432,0.0
pool1kp7au7kju3v23yth6nsse4jhxzweud48nmc7m6akpdq57ztq4zv,171,171,145,26,6645672.021830001,0.0,56301433.40624398,30M-70M,38863.57907502924,100.0,84.7953216374269,0.0
pool1j6zqawj6f58lp4p00t26eqe58gxx4pa3cudlzpkv23y92nlxjzd,406,405,405,0,6634714.459518992,0.0,30856757.36347656,30M-70M,16341.661230342346,1.2779556650246306,100.0,0.0
pool13qdkwy5y88ncr5qpjrh8hgtf94d0zw4wuhgezjg3hvlyyrh37c7,365,365,365,0,6624266.004234,0.0,41733561.73257246,30M-70M,18148.67398420274,0.5342465753424661,100.0,0.0
pool1axzm26vduyuxgw0x9ddh4vkvn7q5hyd558l0t9c08p556lf2zaj,377,377,319,58,6620449.447222999,0.0,41557004.54531661,30M-70M,17560.873865312995,43.31830238726858,84.61538461538461,0.0
pool1gwnu7f7qgaruxph8gn3u28qphvquvnj63elyd3r0nndacj9g9pa,406,406,405,1,6590407.485002,0.0,29975045.245719984,10M-30M,16232.530751236452,5.000000000000037,99.75369458128078,0.0
pool1sskadl6p2w0ttfr60y2ssfzcmrnaty4wt68v5glzd3e5vwkh7z5,383,0,0,0,6582182.662612996,0.0,33043874.734302208,30M-70M,17185.855515960826,100.0,0.0,0.0
pool16hs0jxw7h6pwg3ru7rcq3yvg4csj7lhmcpj68kqem2sh5nt8mwk,381,381,381,0,6563723.530031998,0.0,35453519.176100135,30M-70M,17227.62081373228,2.9999999999999862,100.0,0.0
pool1vfdw3j9246kkem4lychnsqj9edsmfglfvxvmyl4ekqddj92e33f,345,345,345,0,6548158.091214002,0.0,33155443.614853717,30M-70M,18980.16838033044,5.999999999999983,100.0,0.0
pool1xt7mjrtnsew3v33lu8sf93upf20sxhmcrfnpm82ra46yxk7uy45,242,0,0,0,6525420.5166900065,0.0,60319903.01713666,30M-70M,26964.547589628128,100.0,0.0,0.0
pool1pavpy40ahr5w3rfkw63uhm0r8c0jg4shrjlrjfnt8km8jewpjan,345,345,345,0,6521400.377821997,0.0,33149591.172765985,30M-70M,18902.609790788396,5.999999999999983,100.0,0.0
pool1kgwaa6fhpaqu8v4hrk35lzjhjsa6typ55ammszhd2q7zkxv5v40,345,345,345,0,6516935.588812,0.0,33159731.32844098,30M-70M,18889.668373368117,5.999999999999983,100.0,0.0
pool102vsulhfx8ua2j9fwl2u7gv57fhhutc3tp6juzaefgrn7ae35wm,345,345,345,0,6511949.175646994,0.0,33285818.914066546,30M-70M,18875.215001875345,5.999999999999983,100.0,0.0
pool1ewd9g9zcz6tvlytk0plfj3e8jq645l0xr4n62epa49dgv9h43an,344,344,344,0,6509391.105649999,0.0,33269977.12577496,30M-70M,18922.648562936043,5.999999999999984,100.0,0.0
pool1r55hyfrd3tw6nzpkvf4rfceh2f04yph92fc462phnd0akp2s5r6,376,376,376,0,6504611.1617549965,0.0,37852301.26161538,30M-70M,17299.497770624992,2.045478723404262,100.0,0.0
pool1p9sjhjx0v3k76wvgdqu7jcks2ra48wqlhc6g0mkewd25k3zcymy,406,406,406,0,6502257.903928001,0.0,30024166.249718428,30M-70M,16015.41355647291,4.893500000000015,100.0,0.0
pool1l7elukrgntsdwrt0hyu6sshw0rk05y82k4sjwse8u79hkhf862z,345,345,345,0,6499534.889591006,0.0,33344485.472166143,30M-70M,18839.2315640319,5.999999999999983,100.0,0.0
pool143d6z506u6yfufgzrtx8ywcwx3j4s29lxv5tdugcpcwk2l83gck,261,0,0,0,6497437.799324003,0.0,62799258.22629643,30M-70M,24894.397698559398,5.000000000000019,0.0,0.0
pool12mmcc4rc2fzfv7gyv8h06nvnsrm3m7erzdv8x6gzvjxlu2lf09n,406,406,94,312,6496259.8241350055,2863527.847257997,28028957.237153023,10M-30M,16000.63996092366,0.9999999999999896,23.15270935960591,44.079638511676734
pool1l37xvdpcl49kr3wscpjp9pr854g06nnjrlndtu3h7k6pvfapgap,268,268,17,251,6482202.768983001,5754028.394420999,41368837.43997877,30M-70M,24187.323764861943,2.529850746268668,6.343283582089552,88.76655975579354
pool1vwfg3d0yhun8anncaxjfg8whjn6sa328shuyc6rmf2cgvyjrs7w,345,345,345,0,6475646.105432004,0.0,33159043.373575024,30M-70M,18769.988711397113,5.999999999999983,100.0,0.0
pool1qzlwlpcsgflr9z3f24fg836tyq45p0kf5cnrp20s8v0psp6tdkx,406,406,406,0,6451794.916900003,0.0,30827792.259578988,30M-70M,15891.120484975378,1.9999999999999791,100.0,0.0
pool1jk25l2pejpdzq8vdjlxrr05th49v9tgd78fqrtxvuw3rumpfc6t,406,406,406,0,6437498.780118998,0.0,33201003.47208804,30M-70M,15855.908325416252,3.4090886699507252,100.0,0.0
pool16jtszaecta7rey84rteah39gv53pw7953u37fhrqm49xwfdtdjd,345,345,345,0,6427547.780557001,0.0,33431355.95449763,30M-70M,18630.573276976815,5.999999999999983,100.0,0.0
pool1xftlxx9slpz59thcgtwgdj3k9e0ntn3p4qnmzs3r84dkx0hccjc,387,387,387,0,6412011.014930002,0.0,32833992.96981546,30M-70M,16568.50391454781,5.000000000000036,100.0,0.0
pool1cxl0gk32hwe6sckdmy2zydkl7wrk8npjay0u3u5zsglwvkqmjen,345,345,345,0,6392188.202963998,0.0,33136470.81976935,30M-70M,18528.08174772173,5.999999999999983,100.0,0.0
pool1h0524mtazrjnzqh5e4u060jsfk8lpsqqjfpa5gygjwuhqu34wvt,406,406,406,0,6376782.3559949985,0.0,29188697.42072815,10M-30M,15706.360482746302,5.000000000000037,100.0,0.0
pool1u99x2rr6trfznwakv0959llmxmtgc2nvanc067uugl3ejuvvnc8,352,352,169,183,6371818.599126006,4106705.864106002,36409234.741407245,30M-70M,18101.757383880697,0.8749999999999938,48.01136363636363,64.45107939308411
pool1j6jx6knedgcysdyjcdchlq9hcmhc062jttck9lav7a8aklta6mk,337,337,337,0,6351654.638360001,0.0,32810540.571114827,30M-70M,18847.639876439174,5.999999999999986,100.0,0.0
pool1jjry6f6q0swaq457ft9eclaxaskvrxnpj0v3w8edsyfryml3vj6,406,405,402,3,6348831.724358,13057.815327,26977480.8026751,10M-30M,15637.516562458128,1.9999999999999791,99.25925925925925,0.20567272679321832
pool19nu8lt0vwycv0eqezpyjquawfklxtjjx9s0ac0f22mgp2ggpsvy,345,345,345,0,6347511.630437,0.0,33150295.58298942,30M-70M,18398.584436049274,5.999999999999983,100.0,0.0
pool1jsv2hveu0n6sw7zesdcmc8cfle2xp5w7ma6qlt4xvh62cxly5wc,345,345,345,0,6344020.8940060055,0.0,33340421.244319938,30M-70M,18388.466359437698,5.999999999999983,100.0,0.0
pool1wfvreaqszfzxe5w2swwpqpy7e4jax9nyky0x855xqswkzq4v7zf,337,337,337,0,6341945.1454139985,0.0,32812480.43574083,30M-70M,18818.82832467062,5.999999999999986,100.0,0.0
pool1h66njz7qg7p3sa9dd8mptfhsy04pyxr9ca0v8zwkcz3eyg3g3au,337,337,337,0,6328343.836967999,0.0,31863297.082470383,30M-70M,18778.468358955488,5.999999999999986,100.0,0.0
pool154hq0j6u6ydz62mtlu7xaj78mhreyp0zsv2kq7f0qmne2fu4t7y,363,363,363,0,6325632.838884008,0.0,35590687.999757245,30M-70M,17425.98578204961,0.9999999999999908,100.0,0.0
pool1xgqwmz4nydmn6ng6vsen5rtehy7u3uaytsml3q2pudp3w35uaxu,345,345,345,0,6321807.673137996,0.0,32465267.385735974,30M-70M,18324.08021199419,5.999999999999983,100.0,0.0
pool1k3qcz2ruwtgv0vduu6jhzu7d7uu6ca7sxz7lc3sxzwxay98k842,337,337,337,0,6286136.470184003,0.0,32228313.211993802,30M-70M,18653.22394713354,5.999999999999986,100.0,0.0
pool1vcnevxtlwswfh8cdnqc9xrgpxq8wt33l2jtcfle2eqwpwd9997d,337,337,337,0,6281432.910618004,0.0,31858747.212869793,30M-70M,18639.266797086068,5.999999999999986,100.0,0.0
pool104z3yr7faqhck6wcsczhmqrrpdeparcr8juw8unxy8tm6xp447d,261,0,0,0,6269419.335821001,0.0,60393274.53275508,30M-70M,24020.76373877778,5.000000000000019,0.0,0.0
pool1ases3nklh6gyjf74r7dqm89exjfd520z9cefqru959wcccmrdlk,285,285,285,0,6266829.998445997,0.0,47381034.718593955,30M-70M,21988.877187529815,100.0,100.0,0.0
pool1krznhwu3h5pu2stuslr53z5rme50t6384macsmylcnljwc7yjky,406,406,406,0,6262815.088924003,0.0,31537152.198599156,30M-70M,15425.652928384243,0.9261083743842279,100.0,0.0
pool1mh4ng2ldxk4sqfppzu6r4knxrk6e87e9c4wgrred84uy7xauzlh,348,348,348,0,6257888.378482001,0.0,39733735.6698605,30M-70M,17982.437869201152,3.1666666666666545,100.0,0.0
pool18j42fxelgk53gumv8y7f039mscg6kl2lvmktfcs5aymqvx728d8,337,337,337,0,6256991.5699310005,0.0,32228845.20442202,30M-70M,18566.740563593474,5.999999999999986,100.0,0.0
pool1urgvu6zk422j4xwtxa45lzpd6dm25msfthpkezr042secrtuwzc,354,354,279,75,6256633.355965006,935088.0053699999,39235212.08739217,30M-70M,17674.105525324878,3.1977401129943366,78.8135593220339,14.94554582583135
pool1grlhzfvd93ea4832tm36hwd7y4h8ghnlwnp3awx5heffjttgf0u,337,337,337,0,6254990.535162003,0.0,32995198.62177901,30M-70M,18560.802774961434,5.999999999999986,100.0,0.0
pool1ewrm7y47s9hv6hxku9n5gfnsuspymp0qqpwgvgm9rvm37cek2h6,364,303,303,0,6251774.008460002,0.0,38483051.98484211,30M-70M,17175.20331994506,2.72527472527472,100.0,0.0
pool1hht4pctn70tqdsd0zwuxv8d8cz6l5scjzaquty7vamyzy78eqvc,406,406,406,0,6246001.978357998,0.0,27986921.415929254,10M-30M,15384.24132600492,0.9999999999999896,100.0,0.0
pool1mtxmk0skqkr5y0wxnxps4n35j6wn9q8dfr82y423vvlp53vccux,219,219,219,0,6241390.356814001,0.0,72701413.4859212,>70M,28499.499346182653,3.000000000000005,100.0,0.0
pool1k4ejdzlnd83l8f8xm5t0m4uv5q0tzexpm23f6cg7lzzayrquzqw,295,295,295,0,6216749.70315201,0.0,37213778.97804806,30M-70M,21073.72780729495,2.5000000000000124,100.0,0.0
pool1rkyc3ss904h066sffergss99r9p2kqa4k6ds0g4u5ud4x7yaajd,406,406,406,0,6209174.766461,0.0,24177687.968583625,10M-30M,15293.533907539408,0.9999999999999896,100.0,0.0
pool10cqp98vsdtam5p4xkfuleahy99vcdggsfdl4cszxcefmcheexma,337,337,337,0,6208378.939897996,0.0,31853803.903409515,30M-70M,18422.4894358991,5.999999999999986,100.0,0.0
pool1tn7rcvc5lln8frln5n9rfd9cg8kcrj4vlm3ycdquyx5s2mlhmtk,242,0,0,0,6203719.507963,0.0,65260265.70334953,30M-70M,25635.204578359502,5.000000000000016,0.0,0.0
pool14u30jkg45xwd27kmznz43hxy596lvrrpj0wz8w9a9k97kmt4p2d,305,305,305,0,6197777.407717,0.0,33243708.36930759,30M-70M,20320.581664645902,3.5000000000000107,100.0,0.0
pool15fgwk5vxn34efj79qlfzuahdpu6ax8x2hkchyh8mehdh23q0nqz,337,337,337,0,6196661.143562998,0.0,32236168.127738733,30M-70M,18387.718526893168,5.999999999999986,100.0,0.0
pool15auyy282239uj3z4uah4y74wu5exdy5lpwegj6yn5pzy7g4rv3r,337,337,337,0,6188406.038513001,0.0,32231522.64315445,30M-70M,18363.222666210684,5.999999999999986,100.0,0.0
pool1xrrrr8gldqz8pjxj6j8c638a9py04xuv66kfgn2dlsx9g52te0t,406,406,406,0,6186359.532075994,0.0,27662498.597316243,10M-30M,15237.33874895565,5.000000000000037,100.0,0.0
pool1nz9h4raywm6mu2v8l7htuaqvmn06l3mepuaxynpzlwljsf8txhy,309,309,309,0,6186135.537512995,0.0,48577830.152211115,30M-70M,20019.856108456297,0.029126213592233007,100.0,0.0
pool1xn4kqt45xh3udf87kmtkdfz8xh9qn6trlqsf39eusk23ufmxhgr,316,316,316,0,6185138.481646001,0.0,41955227.98503401,30M-70M,19573.22304318355,1.4841772151898698,100.0,0.0
pool1835qw65tsy3x7mta5dfdmfq4mvqzn9cpvf9keaca0nqgvguk7j5,295,295,295,0,6176302.951069999,0.0,35825534.404407784,30M-70M,20936.620173118637,2.5000000000000124,100.0,0.0
pool19ejln2jcpg5dphc8m5nh8sya49sycsqj0v2cjxw6nku966cc8nu,406,406,406,0,6171112.8447159985,0.0,27127835.23523993,10M-30M,15199.785331812804,5.000000000000037,100.0,0.0
pool1yc6f3cqsc7jfh07hcns64v5cp8720mve870pgxf2wkr3u8l7tse,400,400,400,0,6170083.5952929985,0.0,30920382.987652868,30M-70M,15425.208988232496,0.8312499999999966,100.0,0.0
pool13846y7q7tng3endxhet9qdcz5w0fjs09ytcye4dm5g54wmyqeqr,406,406,405,1,6145523.525610992,0.0,31334063.88793949,30M-70M,15136.757452243823,1.5935960591133058,99.75369458128078,0.0
pool1xru6f3fflzwkptgm68pncrsncg9ngllv0jk8jnz40m7wusfhazk,398,208,37,171,6126124.294438999,2155820.6604700005,32616270.53265985,30M-70M,15392.2720965804,0.9258793969849155,17.78846153846154,35.19061247952398
pool19jyw8flky7da5y20jtdme4utwd8sa0l5pletmnny06w9xx05eqc,337,337,337,0,6124433.374811002,0.0,31047112.024473388,30M-70M,18173.392803593477,5.999999999999986,100.0,0.0
pool1fcp4d2pxh0e7q5ju63sjqcdpxpr3pvxg6ykl23t6c97d7dnvjvw,219,219,219,0,6110436.942785998,0.0,72253880.58311744,>70M,27901.53855153424,2.995433789954342,100.0,0.0
pool1v62c7d92xv6gyh4x9rhfpkwzlpw2ypxk92xvzavakg3xypatklv,219,219,219,0,6107067.591561003,0.0,72400300.73883443,>70M,27886.1533861233,3.000000000000005,100.0,0.0
pool1ekhy5xsgjaq38em75vevk8df0k0rljju77tljw288ys5kumqce5,406,357,311,46,6077501.882868999,0.0,26574979.232224453,10M-30M,14969.21646026847,0.25935960591133,87.11484593837535,0.0
pool1mut4phum9hegtl8m2r68gpjh5x8w8t6zwf75zrphhp3qwwrrpgt,305,305,305,0,6050508.736610006,0.0,38078613.12651609,30M-70M,19837.733562655758,2.5000000000000133,100.0,0.0
pool1kkfkdces5mdcyc9dn2hgg3463jggjvw3h89nejjarkz25uavaqu,406,406,406,0,6049464.904199003,0.0,26236986.55284854,10M-30M,14900.159862559121,0.9999999999999896,100.0,0.0
pool1ksrg8a964464las0ymw88slrwxkychjz9lh09lqltu5m7nw3pq0,406,406,253,153,6042593.791537996,1987228.9518439989,30564329.60904802,30M-70M,14883.23593974876,0.9376600985221596,62.315270935960584,32.88701872740312
pool12jnulzs7j8lsku4r2a7q6tee6tt66872vwhqh8jxvgzn6837jtl,349,349,347,2,6041793.685991,0.0,35757676.87717835,30M-70M,17311.729759286532,0.9999999999999913,99.42693409742121,0.0
pool1s2gxepqa5r6qzze05x3vxunt24cmqth2d2lmfrtudfqcg5c78kw,337,337,337,0,6031727.839877999,0.0,30147693.988766022,30M-70M,17898.302195483677,5.999999999999986,100.0,0.0
pool1ydf0337sh8ct7ke59sf46ke9eygyj80wc9zqhkwjw7v6vmlxp59,337,337,337,0,6020762.819098999,0.0,30708210.346197337,30M-70M,17865.765041836792,5.999999999999986,100.0,0.0
pool1840k62s50neuj7hdp4l2julx49dtm72z25p9hh68pjvqjhhw602,170,170,149,21,6002476.073187,0.0,53630014.72429363,30M-70M,35308.68278345294,100.0,87.6470588235294,0.0
pool17cv6zzmue6npvlzlz6trf6p5k4mnnskm3ysctuh048c7k9s64jz,171,171,128,43,6000199.411486,0.0,49435393.23550033,30M-70M,35088.88544728655,100.0,74.85380116959064,0.0
pool1k633phcvz2hjhj45evwwau4w576jpq83acg5h84w23jauqu56cw,311,311,310,1,5991056.980742999,0.0,48222752.23948924,30M-70M,19263.848812678454,0.04662379421221865,99.67845659163987,0.0
pool1328ql2v48e4q93eml8r5w8qgcg8yqe7ved90la3qrjmw7pnty9l,171,171,129,42,5989254.279812001,0.0,49830456.50132438,30M-70M,35024.87882930994,100.0,75.43859649122807,0.0
pool150tmra3wtm5vhwpn7ndku3djcw030mkvr54ph7gvgp7ugeq0m5m,171,171,129,42,5982818.806622004,0.0,49823687.8420835,30M-70M,34987.24448316961,100.0,75.43859649122807,0.0
pool15r7xg0vrrv2yu8wj3866eap8ftkuxvdk5rjz2lh4xajjq5v3p5d,370,369,369,0,5964406.883182998,0.0,31296666.077040676,30M-70M,16120.018603197292,2.9999999999999876,100.0,0.0
pool1ddgcpgjcyawxw95se9x8qnc8gxgwjr4fqrk4vk6v9x47s0ggpjp,406,374,62,312,5903915.272268005,1144590.4099880005,22836791.127981964,10M-30M,14541.663232187204,0.9999999999999896,16.577540106951872,19.38697215667025
pool1cf7mqj0xd8z4jqhr7nf565mxuvepk8euv5t6ehmuwe49kfz9llr,355,355,355,0,5902665.101156002,0.0,38569840.4010517,30M-70M,16627.22563705916,0.4971830985915449,100.0,0.0
pool1swuyjknhewtqcmh583jjpvlcl0p9h9hrt5l2f3v2hl6gchqrn40,268,0,0,0,5897220.930733999,0.0,47101014.59744201,30M-70M,22004.555711694025,100.0,0.0,0.0
pool18kpfz02v3knfp24k4a3zv50h5eva5s90slwtfvae3n5rq4zfget,329,329,329,0,5895460.870386,0.0,31066534.631238133,30M-70M,17919.333952541034,5.9999999999999885,100.0,0.0
pool1x2h98z6e5xvrg5zw3v3dlu8hqdtj6lhp6r3w5ge7rvcqcx3pafq,406,406,406,0,5892587.695652003,0.0,26845852.096541688,10M-30M,14513.762797172421,5.000000000000037,100.0,0.0
pool18gk8kvd9qf829nldqus92q9y640e6u0jdyfz04mmktwxvglgt06,265,265,265,0,5880041.277493999,0.0,55073799.74010683,30M-70M,22188.83500941132,100.0,100.0,0.0
pool13rx88l4d5gpw69e586tfcdeuzmx6f2ys95pqjnlnmlzrs739h0y,339,339,339,0,5874945.743922998,0.0,33775886.20193211,30M-70M,17330.223433401174,100.0,100.0,0.0
pool1hkpgddlnya3pgktj3sxdraa8x8400vhaphcudvym9ye22esak43,406,406,405,1,5873563.006792996,0.0,26452439.503569387,10M-30M,14466.903957618217,10.000000000000075,99.75369458128078,0.0
pool1nwvfpwq36ea6ne5czpvpun7pr89qcg654kmu6ml4vjc2xzwlx4u,337,337,337,0,5870496.164240001,0.0,30137758.733743165,30M-70M,17419.869923560833,5.999999999999986,100.0,0.0
pool1fqwnqk3phwa2s5thgym8dw34pv0z67m526uqprnjh93cvzxymef,375,375,375,0,5857058.373761997,0.0,32330333.076626886,30M-70M,15618.822330031991,2.999999999999987,100.0,0.0
pool136q98jnwt093qle4ph86vdpuwplg7gyvt20h2nq4m6ksv8xjcuj,247,247,247,0,5856585.629890999,0.0,59991445.70027817,30M-70M,23710.872995510115,0.9999999999999966,100.0,0.0
pool13annzt9hjfc822f0ejvxjf7fsmxd6cc28whpk5kagec6ggfmm7u,368,368,368,0,5849104.181176,0.0,37492030.114337504,30M-70M,15894.304840152176,5.000000000000035,100.0,0.0
pool1fxra32qureulvqrhrdpnrl5yechhqreg2khrghv3tkl4z66t0rm,246,0,0,0,5839549.772495,0.0,59965814.843596965,30M-70M,23738.007205264228,5.000000000000016,0.0,0.0
pool1jd33dsshcmepweqwmrgn9jc0lqfnammnua8yc2qq9w0txxkawt6,329,329,329,0,5838232.881114,0.0,31070385.706571892,30M-70M,17745.388696395137,5.9999999999999885,100.0,0.0
pool1haus36sw7cwyg8jdeg882mentse5txac7fmeew8ketuwky6q602,334,334,334,0,5837443.078029,0.0,40244127.89117684,30M-70M,17477.37448511677,6.158682634730511,100.0,0.0
pool19f6guwy97mmnxg9dz65rxyj8hq07qxud886hamyu4fgfz7dj9gl,406,406,406,0,5834798.351360993,0.0,32268247.200034916,30M-70M,14371.424510741363,1.4657635467980217,100.0,0.0
pool13s5faca3kkg6jhqcll8xd9tarur3zkhalyuu92d5g87zyj4wrrc,287,0,0,0,5821947.355586998,0.0,47704173.12700463,30M-70M,20285.530855703826,5.000000000000024,0.0,0.0
pool1etu9qtmx2dhf2yu0hu3uzj4au8gnpyx54m6jhy5876pwsulrcmc,329,329,329,0,5819103.311090999,0.0,31085871.845683657,30M-70M,17687.24410665957,5.9999999999999885,100.0,0.0
pool1ye4zrxf0w7d7drq5wmat36dlzq270dxy9rhgcwufnaja644vwr9,362,284,275,9,5810711.958296997,0.0,31024339.65906759,30M-70M,16051.69049253314,2.9999999999999893,96.83098591549296,0.0
pool1uezuqdzj9ue9y2l3ce9873sj33tz3q9tcf4tuhm97fdggywuydy,329,329,329,0,5809655.732665003,0.0,32017662.37087156,30M-70M,17658.52806281156,5.9999999999999885,100.0,0.0
pool1u32s3ry3vjhqwhcrqz7p5u35cvzrx4tvdwydgvq6qm8720qrg0s,405,313,224,89,5803361.515304997,0.0,22724671.501078278,10M-30M,14329.287692111102,20.00000000000015,71.56549520766772,0.0
pool1yp85j5tmfwwlj8hmsxcrp2dnxuu0fu858qvl6tpeedpckt9zvkj,329,329,329,0,5788005.050669001,0.0,31059345.28145314,30M-70M,17592.720518750764,5.9999999999999885,100.0,0.0
pool1uzkf7xmg6p3p5nn8y0eknfgws8e8j94vklx590qra2kfxpsxwsa,329,329,329,0,5769544.081525001,0.0,31063245.678713366,30M-70M,17536.608150531916,5.9999999999999885,100.0,0.0
pool1llxh8l0h8g9ghz3nrzh7ndvev4x43vnk72nsemzm795vxqs6dp8,406,406,406,0,5762681.531879994,0.0,24788854.440203175,10M-30M,14193.796876551709,5.000000000000037,100.0,0.0
pool15wkxegrfflzcyhurrjxsm9ljqtz09xr5rtnqsarnp7hmsz5um3t,384,384,382,2,5752676.5368599985,0.0,31331810.12909879,30M-70M,14980.928481406247,5.05208333333337,99.47916666666666,0.0
pool18gsrasdghtjsnzlf20pht85l4epwag74w9pfx5qvdvcpxw68sl6,287,0,0,0,5750942.771328006,0.0,46477635.87198107,30M-70M,20038.1281230941,5.000000000000024,0.0,0.0
pool1qzlw7z5mutmd39ldyjnp8n650weqe55z5p8dl3fagac3ge0nx8l,406,82,82,0,5747596.348092001,0.0,27754585.323821433,10M-30M,14156.64125145813,1.9999999999999791,100.0,0.0
pool1xucruwwxsym3u9v0m4ex3az5d4vpz9xu877vsl9udpt0q237e9m,287,0,0,0,5744560.009861001,0.0,45577059.59059238,30M-70M,20015.888536101047,5.000000000000024,0.0,0.0
pool15kek228mhvnsncdjn77u8qtrn8hjh5wfzmh6g942xf0353yc77j,287,0,0,0,5729631.361356004,0.0,44140026.11488865,30M-70M,19963.872339219528,5.000000000000024,0.0,0.0
pool1u7mqtde27swkarngjsn5mmw3sy20zavlafgqkmg8qv2n2nwga0l,398,398,398,0,5724582.891853002,0.0,26356441.035588454,10M-30M,14383.374100133171,1.823618090452269,100.0,0.0
pool12va8zrqehhwuz39trxgq6dagzjyq3qjenqd96jy9qvwwx2372zv,329,329,329,0,5722576.617203999,0.0,30487250.735261094,30M-70M,17393.84990031611,5.9999999999999885,100.0,0.0
pool1caulv7s08g0jnptzdc69qycptacu7fzahny2epzh7sh9vhqz6xz,374,374,374,0,5716423.132689001,0.0,29489728.142665215,10M-30M,15284.553830719255,2.9999999999999876,100.0,0.0
pool14fjmlppz76667ws3jl5luejf2wgztuhpsftulvh3ucc65anqgve,361,361,361,0,5709086.491029001,0.0,36479530.65497008,30M-70M,15814.644019470916,3.700000000000028,100.0,0.0
pool12n6lycv28kjtkzecfz2a3uujyxy6ewuwjcmjq84my67psqmgagv,406,406,406,0,5658413.72182,0.0,24846336.279804215,10M-30M,13936.979610394088,0.8029556650246242,100.0,0.0
pool1mqy259k253xryf4hvdq0n72n2uvadcgp34r0fxwpqzm0z5n0qp6,387,387,387,0,5658356.495891995,0.0,29066468.770051666,10M-30M,14621.07621677518,5.000000000000036,100.0,0.0
pool1vh4y864hcq2r66ak37w4dsnkhnsfxaaacs0p5s4vj5676m6txwm,406,406,406,0,5656092.552852993,0.0,23811798.166281536,10M-30M,13931.262445450722,1.8275862068965345,100.0,0.0
pool1lxg4rf0aqqachwft52hs9mtwlmpfyw6jqxyulz0pcfj25d4uaqd,329,329,329,0,5654353.941998,0.0,30478692.049982958,30M-70M,17186.48614589058,5.9999999999999885,100.0,0.0
pool1cn0dqtplwf67fds40hgkf0u5rm4q4azev5qutmgkw5hdyvue2ue,404,404,404,0,5650913.308799001,0.0,28678325.570526976,10M-30M,13987.409180195547,1.3948019801980072,100.0,0.0
pool162ejhdrf7m5te4hpuzagrpck6vt78undp2flx9as3lww6uvs4lq,329,329,329,0,5645960.079999001,0.0,30468576.28645545,30M-70M,17160.972887534957,5.9999999999999885,100.0,0.0
pool1c8f3ffu2g0eatw4fctjpq5q48pppzst0yg90fgj23637uhhhx23,329,329,329,0,5644007.170811002,0.0,30477197.80841696,30M-70M,17155.03699334651,5.9999999999999885,100.0,0.0
pool1c50yum9j2pj66p6qyjwxd6h6z8scvysxq2hlrnw22vgs5rq2547,329,329,329,0,5620031.271194001,0.0,30469486.090810586,30M-70M,17082.161918522797,5.9999999999999885,100.0,0.0
pool1ppqdq5yfkkllrcj0u47pakg9e4ha568pz3a9kkrr6w2kyw8gxv7,387,387,279,108,5612778.313239006,2419854.108135999,25592041.873252667,10M-30M,14503.303134984513,1.9793281653746573,72.09302325581395,43.11330277250086
pool1qwa8x4u4a2pff0xdv0haxpgk3tyrvl5adl2lpf3ztcftqruhea0,406,406,405,1,5600082.297910997,0.0,25216137.403303422,10M-30M,13793.30615249014,0.33596059113300375,99.75369458128078,0.0
pool1z8rxpwrukslywg9s2wy4kvfhknqg7dnah5pszf7fcm0fu2valeh,329,329,329,0,5587383.302984003,0.0,30473052.86421766,30M-70M,16982.927972595753,5.9999999999999885,100.0,0.0
pool1v8f9npqqyywumf58s5g7kmvywx09c5pv02nr65q00ftuur8780p,329,329,329,0,5566714.618270002,0.0,29376101.858084634,10M-30M,16920.105222705173,5.9999999999999885,100.0,0.0
pool1eu4s4jmjam94dgzm56mejgk5k3l7m7unk95296c7t73xqgp6kfr,329,329,329,0,5556640.817115998,0.0,30465252.363784894,30M-70M,16889.485766310023,5.9999999999999885,100.0,0.0
pool1cjjtz6enkc76yytlf2zd86ngdu60e705vq7wq940ncu6506s6n2,405,405,270,135,5537842.642365003,0.0,21159231.370729074,10M-30M,13673.685536703711,20.00000000000015,66.66666666666666,0.0
pool1p5ja48uqc7pjnuqvwu7cgmspvx938qpnf4zqm0x2k0ngkh4lkjx,382,382,382,0,5535496.178830995,0.0,31593115.969802756,30M-70M,14490.827693274856,2.5000000000000178,100.0,0.0
pool1fmcv9p7vv754rwc0p6ud2mgm76vnn0gq0gngrk7rq400vsvhsvs,385,385,385,0,5501527.290737995,0.0,28412752.232149817,10M-30M,14289.681274644143,5.0000000000000355,100.0,0.0
pool19r8kcmqpajlm6h5q0lv8jye0q7evdur39wfsgs4z98fcqpz9lct,384,384,384,0,5477747.241186011,0.0,27370404.86701787,10M-30M,14264.966773921902,4.03124999999996,100.0,0.0
pool104avq7309gjm0fxms69yqusxy8zf888k4mamngg5vnc6vculpzq,363,363,363,0,5474865.331813001,0.0,32236988.06674735,30M-70M,15082.27364135813,2.999999999999989,100.0,0.0
pool1uzla0r73fvpnvxr07m98nfzlxcv3q26mkjz00cqjfh7uqsyjkju,386,386,386,0,5469456.171697002,0.0,26236220.477852833,10M-30M,14169.575574344564,0.9999999999999901,100.0,0.0
pool10ya6hxrssmyhl560gqyalhqxudkgfjdlc0e4krww6wweyaeajs8,365,365,365,0,5435019.055098994,0.0,33566035.6281661,30M-70M,14890.463164654777,0.6054794520547937,100.0,0.0
pool1jdhjfcu34lq88rypdtslzwyf27uh0h3apcr9mjd68zhc69r29fy,386,374,6,368,5433990.258434996,4905640.442718,27525273.994129572,10M-30M,14077.69497003885,2.999999999999986,1.6042780748663104,90.27694584294007
pool14zdcvdec8qmqzsat5wg3a2h9f0u5yzrgjew534z8u3gs5durnjz,364,363,363,0,5432093.583354,0.0,33813557.219344065,30M-70M,14923.334020203296,2.999999999999989,100.0,0.0
pool1g6g2d09le8hd6nv9jhyavewdnw8tu0ndst4lqysd00ru24cav0a,406,406,405,1,5431433.077481999,0.0,24486859.23079663,10M-30M,13377.913983945811,0.9975369458127976,99.75369458128078,0.0
pool1ff2hr0sukqqd75jr2rh3wrmnesxqgpq42dgd6rm3ungnqp904ue,334,334,334,0,5431431.246847,0.0,40081399.52233046,30M-70M,16261.770200140718,6.158682634730511,100.0,0.0
pool10rdglgh4pzvkf936p2m669qzarr9dusrhmmz9nultm3uvq4eh5k,258,258,258,0,5367033.670472999,0.0,53600030.75239453,30M-70M,20802.45608710465,4.744186046511644,100.0,0.0
pool1zn9hjcmfddhcp2aj9xxuvz7z40rasyatkgavr8ryyz72qdfwtrj,382,382,382,0,5363042.624494002,0.0,29419381.14481426,10M-30M,14039.378598151838,0.6125654450261765,100.0,0.0
pool1yt868wrp9s2x5pehe96del9m3nwasme62yw02vww3kg6zwzspcz,345,345,345,0,5359766.309446004,0.0,32660274.243143022,30M-70M,15535.554520133346,0.40579710144927567,100.0,0.0
pool1yzu4lp7f8ua7negffj8mmwfylx4ckhsu00a4gtf630rlcwnl7gd,405,405,270,135,5355864.601133999,0.0,20645062.05221408,10M-30M,13224.357039837036,20.00000000000015,66.66666666666666,0.0
pool1supp67ypelmgzuzqqvarc6czgmg3ggwpnrnfr90xpfcqqf8h05t,406,406,406,0,5345628.451231001,0.0,20856915.40491421,10M-30M,13166.572539977835,0.9999999999999896,100.0,0.0
pool19uynx6nxcdksmaqdcshjg487fap3rs3axyhrdqa7gdqgzgxss4y,406,406,406,0,5344234.395381003,0.0,21796717.38367252,10M-30M,13163.138904879317,5.000000000000037,100.0,0.0
pool145dkdplkqke4g0unzkjljeh2wr797d08k2jv822rhmmc68xak38,238,238,235,3,5338454.616675003,0.0,37772183.052059844,30M-70M,22430.481582668082,37.11344537815105,98.73949579831933,0.0
pool1jq7r3evstu2c040vlry8tgvpwf0mfvft86cxecwjpwcuvvqfu2r,344,344,344,0,5331616.679219001,0.0,35005755.75507226,30M-70M,15498.885695404073,3.1453488372092915,100.0,0.0
pool1evg78egp8gfqae273kvmmdee2dnt6vty60dpwdespg4hujznh3a,406,406,406,0,5322819.837746995,0.0,26946315.90214377,10M-30M,13110.393689032006,1.0469211822660036,100.0,0.0
pool16tcjctesjnks0p8sfrlf8f3d3vrp2fdn2msy80sgg3cdjtayu3z,406,406,405,1,5299114.878450001,0.0,21519548.698636852,10M-30M,13052.007089778326,0.9999999999999896,99.75369458128078,0.0
pool1q66d2n39uvln4hazyzv8fyq977mpqus78sjd2369qfn7cptdeyh,406,406,406,0,5292467.970646995,0.0,21721076.74704343,10M-30M,13035.635395682253,5.000000000000037,100.0,0.0
pool1457cnl7qu568h98xrw8krfnjkhf05mfhaq2l50epwy36yuln20q,206,206,206,0,5281967.464288,0.0,60600928.63915971,30M-70M,25640.61875867961,4.0,100.0,0.0
pool1lq7t0qg273vp8t2wzmeyj7sdq2vhu2v87jjplgurpfxcs9afnr3,405,405,270,135,5274757.898420006,0.0,21283708.059565574,10M-30M,13024.093576345695,20.00000000000015,66.66666666666666,0.0
pool1f6jtzz94508d6x47cct4umuh5c2jpajdyd892hfrrfzquyyza8m,171,171,112,59,5267968.550891001,0.0,43262198.37001223,30M-70M,30806.833630941524,100.0,65.49707602339181,0.0
pool1wyfau3rlkckr3clr4mkyxn9vdlrkup0fj7uyyflfccmms24gm3a,386,386,386,0,5255164.986300003,0.0,26729816.18661817,10M-30M,13614.417062953375,0.9222797927461057,100.0,0.0
pool1uyvyxt9k9g038h567x8halej4x87j7m4r4zyz9lhv4dcv83husk,384,384,364,20,5252628.9192900015,458670.420257,26574456.174036454,10M-30M,13678.72114398438,4.028645833333293,94.79166666666666,8.732206811194242
pool1hy08gpvzkutxkg3ccxwmkzqaun9cd0styl4dtpqp2yxq2rjxehj,373,373,373,0,5244041.580869001,0.0,29373404.36134498,10M-30M,14059.092710104562,7.506702412868586,100.0,0.0
pool1vafsg5t78rnx3qr3fv7ys9h50pnvxqhd4l8tj629l5zk7tc39ch,406,305,304,1,5240539.542374998,0.0,24773955.71500521,10M-30M,12907.732862992607,2.1973123152709397,99.672131147541,0.0
pool1kcvaxe4q4npwt28qlr3h84htjf4qrqglqk3cr2484ptycr0ldut,287,0,0,0,5232509.535702,0.0,41546745.47640694,30M-70M,18231.74054251568,5.000000000000024,0.0,0.0
pool1qlxxw3zlgx0kgv2cel0n6z3a6yjs0w8grwtp5xwna8fm2g5tsda,369,369,369,0,5204962.461950997,0.0,29460927.805194642,10M-30M,14105.589327780479,7.499999999999953,100.0,0.0
pool1lqucyxuvjktfmpf7fd28j54cfgamyrxed344vnwlm9wqkwjeqwk,387,387,387,0,5202682.001531,0.0,27349363.695306353,10M-30M,13443.622742974161,5.000000000000036,100.0,0.0
pool1pfprlfz0ywcnewjegazz05ghgcfkvu40v6edsz6yn8w362sdjr8,406,406,406,0,5144094.916178999,0.0,27771242.682573736,10M-30M,12670.184522608371,0.8310344827586214,100.0,0.0
pool1ljywsch33t7gaf02aeeqkqpuku0ngpwl9fm04t7u5sl5xyunmgp,406,406,406,0,5124063.165234005,0.0,24735617.734330487,10M-30M,12620.845234566516,0.0,100.0,0.0
pool1nhlv5z2lsptzgcp9ype0mppc7zyndm66ypm4sw5hy27ewdchqx0,391,385,124,261,5115449.234738004,1416230.3374420006,23507537.309294395,10M-30M,13082.990370173924,0.8465473145780061,32.20779220779221,27.685356113489707
pool17qvfg2g843gw6lurru282kkex6vp3pyj6zwj99j4u6k7zvmva5a,386,386,386,0,5107923.883313001,0.0,22663396.798470452,10M-30M,13232.963428272024,0.9999999999999901,100.0,0.0
pool1uk2f28awascuhrhuwrp7x6y87x8ch33vwx8jtmrysp7l5ngq78j,405,405,405,0,5089479.980467006,0.0,24187118.953752007,10M-30M,12566.617235721002,0.8990864197530898,100.0,0.0
pool1ntfxj2jgvhzen8e86ed679ctukar3vj538ywyyq8ryld66jj4sx,345,345,345,0,5072286.299162008,0.0,32137906.36449744,30M-70M,14702.279128005819,0.40579710144927567,100.0,0.0
pool1a23gmvalpdams9d42t7fur8vmknzjv7wd3nsvuvrc7dv66lnau0,294,294,293,1,5071671.511787998,0.0,43409934.21747402,30M-70M,17250.583373428562,2.5034013605442307,99.65986394557824,0.0
pool1nl74emh67vuyt8cgv6gwhjnrctxgrpqlrdzznj4l3lh5j8lj3ah,361,361,361,0,5062898.850839997,0.0,23684971.722240925,10M-30M,14024.650556343482,5.000000000000034,100.0,0.0
pool18sk7mn0r0cyujft352lwkzg5pz7e67ve3ps2sryrwacd2r5zhp6,210,210,141,69,5031501.252576002,0.0,46687422.35888721,30M-70M,23959.52977417144,100.0,67.14285714285714,0.0
pool1ua0lx5ap5tj9f5l7tyjflp766ca5yu93djh5hqvm4e0kjgw5k7v,406,406,406,0,5010925.884238994,0.0,19690002.943108372,10M-30M,12342.181980884221,0.9999999999999896,100.0,0.0
pool1gu522f03e6azk25v5n6mur9zyl8ghe2ul8223zp3vfnp77fagfa,210,210,141,69,4982921.552305999,0.0,46658859.74413039,30M-70M,23728.197868123807,100.0,67.14285714285714,0.0
pool12udshcl3ycj4qpxes28n0ugsye23h89rj8z2a5ast4482m08xe7,362,362,362,0,4979308.689444998,0.0,29520466.866320215,10M-30M,13754.996379682316,99.99169060773534,100.0,0.0
pool1afv4cmmjdkujtd5r9t63090a3frwwqy8f3e46gz003vyzjcj63r,406,406,304,102,4975846.075886001,0.0,22661605.13699167,10M-30M,12255.778512034485,1.9999999999999791,74.8768472906404,0.0
pool1s8347yjgmfguf0ynj69euw7r75w7usdrfheckpcrjrk2yfvnpwq,242,0,0,0,4960164.409296,0.0,54063182.640775174,30M-70M,20496.54714585124,5.000000000000016,0.0,0.0
pool17kew7rtakc7g6qzydntann5umw08xq3ll2j7spk7en4kvff69fa,385,385,385,0,4940353.495290001,0.0,24979729.524180084,10M-30M,12832.087000753249,4.031168831168791,100.0,0.0
pool1psk0c2p7pwactw00nkzjexdw0msn7g8nddc06eyvds6yswr3tjg,345,345,345,0,4934640.387343999,0.0,31347903.092130423,30M-70M,14303.305470562316,3.98999999999998,100.0,0.0
pool1mfyzxyggryp0jhgghvzas7qjdyz2rcfnm5rfq8s9uefvukrlps5,293,293,293,0,4916102.637252003,0.0,43244988.10086111,30M-70M,16778.50729437544,4.1433447098975815,100.0,0.0
pool1u4sxd6x0qsy7evljt24vtnyhpxd098n609sfcmly6c096mr3jgq,406,406,406,0,4893043.522278996,0.0,20270810.92475047,10M-30M,12051.831335662551,1.9899999999999862,100.0,0.0
pool15xsnapsr0fyfjywqnqug0dn4hpv70ayehz8frk9qrgzass43wsx,184,184,184,0,4876200.043568999,0.0,44749217.785427906,30M-70M,26501.087193309773,100.0,100.0,0.0
pool1gjmerqh4wxl553enqeqgc6m3r3gt6yspdg29jy6nuypa6k2tpdt,404,404,83,321,4859172.510051999,0.0,16867976.61689784,10M-30M,12027.654727851483,13.000000000000082,20.544554455445542,0.0
pool1zmfpd5r5vfwjmwm4cgy53exe58h7plnecny3t4948yw7zumzp4c,389,389,389,0,4837309.945955999,0.0,24253097.191876326,10M-30M,12435.24407700771,2.2403598971722527,100.0,0.0
pool1w7dk7rn0cflzzfr4fqvjpapn0rkz5ksmerx5tgwpm2gtj2gly97,242,0,0,0,4824229.461596999,0.0,53276484.226351134,30M-70M,19934.832485938015,5.000000000000016,0.0,0.0
pool1rvjj8cp3urh7de07pm0ceqha2x4lxws69lhd4429dm6djfjsy4l,406,406,405,1,4817352.2647009995,0.0,25734543.382549856,10M-30M,11865.399666751231,0.908866995073883,99.75369458128078,0.0
pool12rs385dd534g8gtdtmnvlhq63whdvc6vnuzxa5cpx843zdy73qy,372,372,372,0,4816468.125103001,0.0,25362725.779374268,10M-30M,12947.494959954303,0.8252688172042953,100.0,0.0
pool1qqqq4md2rfdt75qvh3x9cgmkrgkl74ctcj3fnxpu3ylcudl22ex,406,406,406,0,4800583.4102300005,0.0,21844260.25324635,10M-30M,11824.097069532021,1.9507389162561377,100.0,0.0
pool1ad7ez845cr9qv6ad4k459kqdtdv6tn5evwy4yw3xakmy5mkxlm5,184,184,184,0,4791000.121844999,0.0,44866759.012349464,30M-70M,26038.04414046195,100.0,100.0,0.0
pool1m4enp55hp80tf6xl7k6f6593wnyu3pr83xfvef9x3ktdw9m0em5,381,373,373,0,4773912.220766002,0.0,26785508.866371594,10M-30M,12529.953335343838,1.9475065616797718,100.0,0.0
pool1p8fhygz7ga9hghhwmkr64p3ftn77lxu9nyddvsqszattcdyajc0,383,372,370,2,4755429.3890869925,10122.899754999999,23246141.723882664,10M-30M,12416.264723464732,1.2741514360313257,99.46236559139786,0.21287036199571285
pool1mp2fsmtyedzql9252ahwu7259hwcdtayjqy0jg3a5f2fupfusp8,184,184,184,0,4754988.686913,0.0,44441219.80228513,30M-70M,25842.32982017935,100.0,100.0,0.0
pool1ea568m9q882n0tx5d4vxff2dmz2n7rq5h62hx5ystq625m4tcfu,383,383,383,0,4735030.884498002,0.0,22775592.536808018,10M-30M,12363.00492036032,2.999999999999986,100.0,0.0
pool1uhy50u9y76nd6z2xmzt3mta0yc7g3gdssef8lheyyg7zzymgzm8,366,366,366,0,4708116.878664001,0.0,24898221.73234557,10M-30M,12863.707318754101,2.9999999999999885,100.0,0.0
pool1d3gckjrphwytzw2uavgkxskwe08msumzsfj4lxnpcnpks3zjml3,366,366,365,1,4686765.377522001,0.0,28959272.376688033,10M-30M,12805.369883939893,1.9169945355191131,99.72677595628416,0.0
pool1vdcu0y6ujrwmnv4u50j6upxkjug7cx7zsaynjvgkcm2ycmajelc,387,387,387,0,4678278.764253001,0.0,20614132.689986728,10M-30M,12088.575618224808,1.9793281653746573,100.0,0.0
pool1g8y2gz4sk7xhyaj469jlj3njyu5dlvqa7t7v9c2gk0yc69879z8,386,386,386,0,4673776.356102999,0.0,21702245.919911206,10M-30M,12108.228901821241,0.9999999999999901,100.0,0.0
pool1swe9nsv8lzugakjkfv04dn38scmq48wzynmn0lxasupuzmqcgjm,406,406,406,0,4673403.137529995,0.0,20303760.196020294,10M-30M,11510.845166330038,0.839999999999997,100.0,0.0
pool1ljqjqskd4f4zekzddw204u5xtzhyz2cllq5v5dmn27zdwf9c70f,172,172,172,0,4617410.989158,0.0,64947645.783998586,30M-70M,26845.41272766279,4.000000000000003,100.0,0.0
pool1aqg6fvhcaulvss2ruvpx6ur9vj7pejvdcxv6xp0qlwuwx94evf0,406,406,406,0,4608492.9386669975,0.0,22622229.255286805,10M-30M,11350.967829229057,1.9901477832512109,100.0,0.0
pool13mas2wthxs28zftxskcsd8t87jk2w9ntc0u5uflt45sh7lcvs8h,227,227,93,134,4604491.972019996,2814340.841846999,50945562.84277693,30M-70M,20284.105603612315,18.416299559471412,40.969162995594715,61.121636413937416
pool1gkpzl9jq38vx5j8evv8qrpljddxmh2gp8trmrczvgs7gyzmugtu,184,184,184,0,4602408.765634,0.0,44731331.92651566,30M-70M,25013.09111757609,100.0,100.0,0.0
pool1xc6la5z92seku86c4rdnuvxjdc3fh8pdtanlgxdy99cxjrkhzkd,382,382,382,0,4570184.726976996,0.0,22427587.699342016,10M-30M,11963.834363814127,20.000000000000142,100.0,0.0
pool1xlst0jw9safmz3c8m56zvl4m65y306dcp48hdks8ursmsz2awm2,287,0,0,0,4568842.243394001,0.0,34430369.0318793,30M-70M,15919.31095259234,5.000000000000024,0.0,0.0
pool149d5lzg7m6susau4f4yfdztgkty34qrcdpvd3ygsetmljgxxf8g,310,310,310,0,4550526.494881,0.0,33262174.2650903,30M-70M,14679.117725422582,0.00967741935483871,100.0,0.0
pool1zk6uxgptztrxxamzd0ugrtu84xg8mjymd2xcdvxqazpruqt9r3x,387,387,315,72,4525675.031783993,141352.58937500004,19549450.33968115,10M-30M,11694.250728124014,1.199095607235135,81.3953488372093,3.1233481940765797
pool1wf7wk3802jxtkmek6uprm77cgqx53t4qep9kwkl078w3yw0ff69,381,381,381,0,4514135.343005999,0.0,24399277.615160115,10M-30M,11848.124259858265,5.0000000000000355,100.0,0.0
pool1mxhq6etmemv3pdyycz2kxth3a8gdqnjewxgne67fqwlfgz6f7xa,221,85,79,6,4505366.425215,0.0,47393884.30179536,30M-70M,20386.273417262444,98.65610859728507,92.94117647058823,0.0
pool1tpy5yawzpetcverves0h6xdycxgrstehfvrkygydt9jcqxwpw3j,399,399,397,2,4502079.334388998,0.0,25329705.2487638,10M-30M,11283.40685310526,1.1430576441102718,99.49874686716792,0.0
pool1c3ecg6h4m73a2mftmdm9mz3gxklxmnzuwzl9e38lzd4y26qcm8a,384,384,384,0,4486597.398771002,0.0,24999531.5570348,10M-30M,11683.847392632817,2.5000000000000178,100.0,0.0
pool1fm57fshvdlrgs5pnpk78tnxha0me28equyy96vj0xm85gy5chv0,402,402,402,0,4478503.512978002,0.0,23442483.58695122,10M-30M,11140.556002432842,0.8014925373134267,100.0,0.0
pool1kchver88u3kygsak8wgll7htr8uxn5v35lfrsyy842nkscrzyvj,384,371,147,224,4441279.814229009,1696845.897718001,17430857.363205574,10M-30M,11565.83284955471,0.5026953125000003,39.62264150943396,38.206237136458554
pool16j3mvwws7zc9pjluyhddgea0tq647v0dh3y4nkcuckg9znjcun2,310,310,310,0,4428560.997226002,0.0,31712748.384762894,30M-70M,14285.680636212908,3.9899999999999847,100.0,0.0
pool1fyp482ntshhm9zfz4nv7pmsaeakscf5mnuzcxuvtqf6t56fc7l0,406,406,402,4,4405403.254364001,12458.148261999999,18454841.315105505,10M-30M,10850.746931931037,1.9000000000000083,99.01477832512316,0.2827924605916367
pool1jufp9k6gmyusvch65ra8yk2s7wu6cx5fsgnltl83p93ejg6h3xg,347,347,347,0,4393970.498468001,0.0,27563820.192728393,10M-30M,12662.739188668593,0.0,100.0,0.0
pool1r0dcmvzsldk06yagudxaajqjuzhvwlzcnaclcwtvm8v4qmsn7l0,247,247,247,0,4393364.998540998,0.0,38505527.088232644,30M-70M,17786.902828101207,1.9999999999999931,100.0,0.0
pool1grgycym8cf0xmgjjr7gx7udmkpu93hqaygysy5myx6ghx8dvl5r,404,404,404,0,4373443.887686002,0.0,20723680.55258807,10M-30M,10825.356157638618,2.876980198019788,100.0,0.0
pool1yvf4nxph69ztm0tgj73ummxq45kfjhecyad26e3xc2002xgzalg,310,310,235,75,4370344.668097998,766304.5445879999,32873544.208726574,30M-70M,14097.886026122575,2.999999999999998,75.80645161290323,17.534190156253754
pool1z0f60shmc83ppn5h4sdrjuauf0yaq0ma8yr9gkse0qhh56q49af,190,190,189,1,4352056.536228001,0.0,38848616.176963024,30M-70M,22905.56071698948,99.47368421052632,99.47368421052632,0.0
pool193uec04jldvah7r52q86wl033g4v42x0aste8jfg9999qepaxfp,318,318,318,0,4340668.207154999,0.0,34709962.29692615,30M-70M,13649.900022499996,0.4654088050314469,100.0,0.0
pool1pemnlylem2e94xguhd3fytj90848kpv4agvr6rthx2tp58z79ek,385,161,160,1,4311020.915782002,9704.94507,21180308.358405404,10M-30M,11197.456924109096,0.9740259740259647,99.37888198757764,0.22511941508962874
pool1qvudfuw9ar47up5fugs53s2g84q3c4v86z4es6uwsfzzs89rwha,248,248,248,0,4293666.228537,0.0,43051590.48164553,30M-70M,17313.17027635887,10.000000000000034,100.0,0.0
pool1e556526sqwugxwnmeumt9lhj5jukklg8vv3ynk75xt9vs7adr5y,406,406,405,1,4284424.469873997,0.0,18064793.92592717,10M-30M,10552.76963023152,1.0034482758620615,99.75369458128078,0.0
pool18v9r8afalh50l4lstct2awdc3zspnvurcs7t45nv29uc2mnxc6c,406,406,406,0,4225294.295555997,0.0,18820600.95932205,10M-30M,10407.128806788169,0.22044334975369473,100.0,0.0
pool106p2jjwuwagq2as7cdzx4y6cyc2pdj7a3h3vv5cvkvnskegff3w,405,405,277,128,4223965.783669,371625.50675099983,17988073.565055925,10M-30M,10429.545144861728,0.20246913580246928,68.39506172839506,8.79802360586833
pool1zc6vprnqdu8k30kcmz96p2u8nqyeffv89nng4lwsqe8yq7wez50,184,184,184,0,4215979.340349001,0.0,39742608.67167737,30M-70M,22912.931197548918,100.0,100.0,0.0
pool1s3z5qsg75dar26ykyzcz2u8wc2swgq7pyp7f9sdh5n06qh3jhq2,406,406,406,0,4198315.947669997,0.0,16986595.25559476,10M-30M,10340.679674064031,0.9999999999999896,100.0,0.0
pool14enw2643rn9nn6yzv60jyz3hj4kxs0jvap87lkgsqykh508jxm6,379,379,370,9,4171382.5512639973,0.0,24920967.1584883,10M-30M,11006.286414944583,5.0000000000000355,97.62532981530343,0.0
pool1qvhss6kxmtl27nr4ugvypayhvt4a4vzll8p9csdg2v8q7d22llu,406,406,406,0,4163973.0777169983,0.0,20270958.78394248,10M-30M,10256.091324426105,1.4162561576354598,100.0,0.0
pool1y7wn47wcnqnp5xvxp67qtmkhjyzfzhc94k0kjc94xrp6y0wyaxe,337,337,337,0,4163380.3742909986,0.0,21122623.298443414,10M-30M,12354.244434097918,5.999999999999986,100.0,0.0
pool1y53awxsm6cmksp8qht8qfq5f5c69t6mrgrdcresk5y0ecv2yj93,406,406,406,0,4101185.3546070023,0.0,17871378.14847998,10M-30M,10101.44176011577,1.9901477832512109,100.0,0.0
pool1rm20ecfxj8plt6509yzlc5x853s2twpjkmv8zt0pjtr9vhlmyhq,219,219,217,2,4085392.348074999,0.0,35105918.3706717,30M-70M,18654.75958025114,98.64383561643835,99.08675799086758,0.0
pool1a600v0jd2z3yajazd80phln3exekumm7g56d9yvlrh6vx8dx2fc,406,406,406,0,4076111.209010998,0.0,15594730.540769877,10M-30M,10039.682780815265,5.000000000000037,100.0,0.0
pool10d6mmw3mn9ku3r7uqqye672dz3sv76lh5kvh5rdpr9l5ug5yknr,186,186,186,0,4068641.5800149995,0.0,60241922.42709088,30M-70M,21874.417096854835,4.999999999999998,100.0,0.0
pool1fh4sh2telea0tfdy39h0drx6uq566yt9gf24edpz7335sclx39z,406,406,406,0,4065073.717195002,0.0,17549971.04826259,10M-30M,10012.496840381778,1.9901477832512109,100.0,0.0
pool147en6w8f9cplnn5x7qt4ese7fpacmmcwuffrtu0yqxpaz4agppr,386,386,383,3,4057229.0357850012,0.0,22597313.247891877,10M-30M,10510.95605125648,1.499999999999993,99.22279792746113,0.0
pool1cduc7ut6grhqyavrmm3gzcdf4qfdsjk7vdwcxy9c0r5fyaxh2sq,406,406,406,0,4053282.517125005,0.0,18728432.059635725,10M-30M,9983.454475677352,2.5750000000000233,100.0,0.0
pool19pyfv4xnln8x4l7auw0n0skk3hd97shun707hrw5d4s553ys74x,385,385,385,0,4046778.356987998,0.0,24781249.87750656,10M-30M,10511.112615553242,0.8909090909090832,100.0,0.0
pool15s7w4spg5ee7n7rprhs0dq78plw2mhjkpu5v97uvl27gz2way7z,291,291,291,0,4044829.1308580013,0.0,37206993.639735706,30M-70M,13899.756463429558,1.0343642611683852,100.0,0.0
pool1vtpn0drn5t39frknedmqq2jkhsfstwketsnvdm7cjzz674s30v2,314,314,281,33,4044623.7483340017,865491.3707530001,31684592.70937252,30M-70M,12880.96735138217,0.64012738853503,89.49044585987261,21.398563243602073
pool1v4xevkf7fx08pzy7atsk59dds6p0sdyl6xmhwf4mh79x6l5p6kx,406,375,374,1,4039493.968720002,0.0,15948822.15695805,10M-30M,9949.492533793109,1.8940886699507202,99.73333333333333,0.0
pool1fvgmxt3688a5zl6amhvaqk9tmvk3lhxkgdsta6yj3czuy5hjwfy,284,0,0,0,4032010.081652001,0.0,35495713.77574448,30M-70M,14197.2185973662,100.0,0.0,0.0
pool140x77a7cz2j689lmxf836qpjtc3y83rka28v6gpswxdw2mag62e,406,405,405,0,4031140.9289679974,0.0,17994929.618305497,10M-30M,9928.918544256152,2.9922413793103186,100.0,0.0
pool1zc7vxe3ymyej76h8wu8gm79chtt7w9c3adkza4uhrjvagr9w4zp,406,406,406,0,4017349.3207999985,0.0,17451856.569505144,10M-30M,9894.949066009849,2.4741379310345013,100.0,0.0
pool1nwt6mxqus3tpzrshky5h5kykz9rjpxmacrvw0z6yak9uk5p5045,368,367,367,0,4005548.155580002,0.0,22874042.445782587,10M-30M,10884.64172711957,5.000000000000035,100.0,0.0
pool18p3wzqhpgs932rx2lew3dtrge4uvumjx4lz0kzthlntt6shz4rg,150,150,146,4,3996665.4855640014,0.0,44450474.954351135,30M-70M,26644.436570426675,2.9999999999999956,97.33333333333334,0.0
pool12lsfsh2s8yt8dvrt9m8kgrgr6ktntngvn2vad60xlqz7kxz9fxr,386,386,386,0,3991851.398941999,0.0,18038779.1834786,10M-30M,10341.5839350829,5.000000000000036,100.0,0.0
pool1hkklrx9ac7w57d79mnv76rxlgq4acg5ecwhyep7k3zn0u5cz2k9,391,391,390,1,3945811.540499,0.0,21772063.801279817,10M-30M,10091.5896176445,1.867007672634254,99.74424552429667,0.0
pool1dzkrcxlqgamf3dwgyh89nrx2xkwm7cfju9mp54eyqwulku73jxs,369,369,369,0,3944204.2013330036,0.0,20719268.19950553,10M-30M,10688.900274615185,7.499999999999953,100.0,0.0
pool15t2zmpej2qep4n9z6lx854r9lyrq3y4ahdj9kn0dk2qj237xhln,150,150,146,4,3941843.102660998,0.0,44383594.28242288,30M-70M,26278.954017739987,2.9999999999999956,97.33333333333334,0.0
pool1cc76kmtcpf6vht32ya5ke9er74dnpy4jh5qpy4klqwp87ygdsu6,406,406,406,0,3939152.2562380014,0.0,18060778.98425262,10M-30M,9702.34545871429,2.6576354679802883,100.0,0.0
pool1q5sspejl875flc0z6wh9y9zxkgqnk0y3aaw8jc0pkxs6cpavm4q,374,374,374,0,3911840.594391999,0.0,19693022.302876435,10M-30M,10459.46682992513,0.9999999999999905,100.0,0.0
pool1y7q5ll02xljt8tywgy4ckt06hg0hzpd74ukt3y4543kpgup74zr,168,168,89,79,3904732.1901240014,0.0,34389715.42541946,30M-70M,23242.453512642864,100.0,52.976190476190474,0.0
pool1xs34q2z06a46nk7hl48d27dj5gzc6hh9trugw2ehs9ajsevqffx,406,406,404,2,3902076.4006749997,0.0,25563580.79092508,10M-30M,9611.025617426109,0.32635467980295535,99.50738916256158,0.0
pool1nqheyct9a0mxn80cwp9pd5guncfu3rzwqtmru0l94accz7gjcgl,192,192,192,0,3881540.8785899994,0.0,51274205.57842458,30M-70M,20216.358742656248,26.5,100.0,0.0
pool1pmm654jfx088td54ekkkd0j28x6r5gnjdhnutzggursrxjnpk2y,227,170,170,0,3859908.118133002,0.0,47737004.682235755,30M-70M,17004.0005204097,18.416299559471412,100.0,0.0
pool1lfnlxfxxwvjadesxzm4c7grgs3elj70vfdnpjwjmg0ufsqnq52t,342,342,341,1,3857811.4877699995,0.0,25827694.764944952,10M-30M,11280.150549035086,0.4356725146198833,99.70760233918129,0.0
pool1cd987kw92e3nmjywcfwfws79a09rwp0p0xj5mdtr39qukxgp9uf,305,305,305,0,3857457.188804001,0.0,19891654.85348803,10M-30M,12647.400619029511,3.5000000000000107,100.0,0.0
pool1larpvn53yyufaf8fh89nrrpgruqcq8mgxrtdxp5y87cqse3yfg2,385,385,385,0,3853709.8432209985,0.0,17543909.033075154,10M-30M,10009.635956418178,5.0000000000000355,100.0,0.0
pool1t6stu46gth7awdlrdmxmjhgrk9rjhez9qfnlhkhfvf0fj4q3h2a,382,382,247,135,3827153.386103,0.0,16236846.281595921,10M-30M,10018.72614163089,20.000000000000142,64.65968586387434,0.0
pool1chtam5czevzk2ttctvltpsc8twlwf6zzyh7kj3jkz72gks975sn,362,109,109,0,3804565.672153999,0.0,21050274.609372783,10M-30M,10509.849923077345,2.9999999999999893,100.0,0.0
pool1pmrgd8snhv0nnj97xcg70nqqhg0v9g3d0e93jl8vn23wxtsxz53,406,195,14,181,3783267.544055,315925.2756750001,14724291.365587996,10M-30M,9318.392965652709,1.402709359605904,7.179487179487179,8.350593025635812
pool1qzlw7den2mlj0fmm65g0fnf46vyhzkhmdaf0f8v3s6skuue6rlk,369,369,369,0,3779073.447742003,0.0,20741958.292735096,10M-30M,10241.391457295402,2.365853658536583,100.0,0.0
pool1enul577he3e0s500lv8z98m6k936uecz2rpckxxmmk8c7k0n2rd,363,363,360,3,3774300.8330690013,0.0,25806302.280249156,10M-30M,10397.52295611295,1.8428374655647197,99.17355371900827,0.0
pool1jt7d6ak3m8gnjyxtuxfswe258xzwda80ndl0a57vv5m2zv8h6at,406,406,404,2,3756114.828580002,0.0,21022990.50764299,10M-30M,9251.514356108379,2.5300492610837386,99.50738916256158,0.0
pool1qv3velgldz529zq904jy9qfrhdh0akwkkhylu2rymd6sw9m02cc,286,0,0,0,3738571.932833,0.0,28402907.95731183,10M-30M,13071.92983508042,5.000000000000024,0.0,0.0
pool198dkwjt2quju6xehznn4tstmr7xp2mvmu023yd7qkgjn7e8hn30,168,168,88,80,3737058.5027099997,0.0,33954942.74819021,30M-70M,22244.395849464283,100.0,52.38095238095239,0.0
pool1lqpymyzg9glc88r7urptuv0d8t2tu9ty7xtshvxmgpu0j4lp8p3,403,403,403,0,3733105.4723679973,0.0,16024743.19464163,10M-30M,9263.289013320093,1.0014888337468881,100.0,0.0
pool1pclcqwg45da00d4py9qfry3k86w7vkzjgfmvyrpx75g7u8t9nwf,299,299,299,0,3725394.7526319986,0.0,26657378.124450605,10M-30M,12459.514222849493,4.593645484949831,100.0,0.0
pool1k2qhlrrweu8fecd4hx4hn22lv00nrd3rjdxj6durax7m78q7ynu,288,0,0,0,3724303.773813999,0.0,30703032.352284517,30M-70M,12931.610325743051,15.013888888888935,0.0,0.0
pool15m78a3nfcepn8ekyzx6sa8yexg7cqseer2ktu26f7l9jjq0e502,404,404,404,0,3710874.196717002,0.0,18684289.478190042,10M-30M,9185.33217009159,5.136138613861426,100.0,0.0
pool1kmsr376syqkluhxvv8k2axugqw7unjmlkwhfxjxtj7cw7qcn0jn,377,377,377,0,3683388.9699509973,0.0,19622492.004370216,10M-30M,9770.262519763919,1.9999999999999807,100.0,0.0
pool1s6s6eyve0lmc4e0emzf2l68n9ya0rhrpdcq0jmkmmmxv2rkrx42,382,382,247,135,3671572.574020998,0.0,15716122.708319342,10M-30M,9611.44652885078,20.000000000000142,64.65968586387434,0.0
pool1rct5guwnp6nk9f4ldn5tr3s42j0nm5rxeayv56lxua5ck47ex39,376,376,376,0,3662473.266505998,0.0,24255827.795699947,10M-30M,9740.620389643613,0.9999999999999903,100.0,0.0
pool1gqgyta9sku3crjzfl9kj7kxsgfkt98y98yeu09kx22zscrezuj7,304,304,304,0,3660505.6148849996,0.0,29798709.402746577,10M-30M,12041.136891069078,1.043750000000001,100.0,0.0
pool1j099ctc7kcc9fa78dz5qwsy2g0n96lrgletwxvxmyzh4zd7ck0j,366,133,133,0,3646270.0418359973,0.0,23833520.696962144,10M-30M,9962.486453103818,1.8045628415300479,100.0,0.0
pool19xtc9sy9g7zcrrazrkg4s6ayjkkh9aynvfa6gqnawtdauulqxck,210,210,107,103,3618016.439588,0.0,34927865.52888756,30M-70M,17228.64971232381,100.0,50.95238095238095,0.0
pool1dww6s8stvm7dl2n8740s3v5rnxmsuqcl8jcnu64g7cds5w29pft,363,363,237,126,3611475.017710995,150229.88597600005,16793443.643358547,10M-30M,9948.96699093938,0.9999999999999908,65.28925619834712,4.159793027482104
pool1asfgkqtmjuusclgx72xpzvpw336gkulchtstsx9lsj9uqzjckv0,346,346,346,0,3597745.434649,0.0,23434412.762258813,10M-30M,10398.108192627167,3.0549132947976783,100.0,0.0
pool18zf8txwv8lmtpq2src8wrhz0pjut5qft8h5tfxnctwc95r7jvvj,345,345,345,0,3573608.9569400004,0.0,22596802.8445352,10M-30M,10358.286831710146,2.991304347826079,100.0,0.0
pool1rj6apcqxcvavaxp22f75zs9upphena7ntsnut2efvq98g4404up,406,406,402,4,3558945.2554579983,0.0,15957782.9784554,10M-30M,8765.875013443345,1.7229064039408715,99.01477832512316,0.0
pool189vq6ay0gku9tkqc2t3nfjk3n88mm23grmfas852jruw6fjlkaf,330,330,330,0,3541678.6248489986,0.0,24189472.41291521,10M-30M,10732.359469239389,5.00000000000003,100.0,0.0
pool1lhvpgr8lhsf6h03v9zqxm74pa63rdxx4yuvkqfw4tv9fua8t37a,383,383,383,0,3521115.241023001,0.0,18644271.16371144,10M-30M,9193.512378650132,2.999999999999986,100.0,0.0
pool10capak8jppvj8h46e35xdth6h22pahtr3lcgscrpa06jzv0xn8w,267,267,33,234,3520548.2485669986,2732106.1027849987,22907763.082535584,10M-30M,13185.573964670406,2.372659176029969,12.359550561797752,77.60456354765407
pool1hqlvn3qndgkne52uhe5347nlysmmec73ys9vduk96rs4jzjjyxm,383,0,0,0,3519212.3769600033,0.0,15012228.098828806,10M-30M,9188.54406516972,100.0,0.0,0.0
pool1nhls8e9swnyshldgjknku4npreax075nw0ltrkmrarh4w3skxt9,406,406,406,0,3506452.1836229996,0.0,14002533.759071313,10M-30M,8636.581733061576,2.413793103448294,100.0,0.0
pool1qqq0c53vaf5ju0n3fvujmyxwca0yhp65930evw9lngmr5705csz,406,406,406,0,3484455.6086409986,0.0,21219023.059001945,10M-30M,8582.402976948273,0.8507389162561483,100.0,0.0
pool1hwlghkwnjsjk8370qt3dvp23d7urwm36f95fmxcz3np2kghknj9,406,406,404,2,3481160.3065810013,0.0,15087590.850381264,10M-30M,8574.286469411332,1.0703201970443323,99.50738916256158,0.0
pool1fxmancs3dmc9l0s7u7zrj8334m9nvzam5t5hnuuf4c7cjr6867m,383,383,54,329,3463125.397966999,3058649.8305639965,15379867.802740391,10M-30M,9042.102866754567,0.9660574412532547,14.099216710182768,88.32050471979885
pool1u0mc9ywfxl529atxyajuz3pgqnwgnk6w7lejjmjg22ucvn7z9vh,362,362,362,0,3462425.2135790014,0.0,19716693.234886058,10M-30M,9564.710534748623,3.9917127071822835,100.0,0.0
pool1gppqnqfguctp6gu0q8l5wjhye0ny28yzfx93hkr384cfsezru0f,406,357,357,0,3456835.0295620025,0.0,13601669.390695276,10M-30M,8514.37199399508,0.1381773399014779,100.0,0.0
pool1qqqqrwzy7njvjq9wph7usj5gghm3py9c97688ek8pgc7uem9cfz,406,406,406,0,3450238.407602002,0.0,14897302.068399716,10M-30M,8498.124156655178,3.9999999999999583,100.0,0.0
pool1nyf8x2xrlmfqwy9shqrlx2csentnzyjmxr0r3w0ljuaqz5ek7qz,363,363,363,0,3434462.922594997,0.0,18343787.17297138,10M-30M,9461.330365275475,0.9999999999999908,100.0,0.0
pool1qzlw72zfwhhc0ptvzdpld06szu39x9mlm6782efy6sluz932fx6,405,405,405,0,3432856.4778110012,0.0,14026993.390374064,10M-30M,8476.188834101238,2.296296296296276,100.0,0.0
pool14cq4fchmmqjygwjw4zexmqqd6a7caxptjnvseyu6wanjuppv4vk,334,334,332,2,3408130.567754001,0.0,27771120.85741996,10M-30M,10203.983735790422,0.0,99.40119760479041,0.0
pool13z5t8wlhtf7ccc0hud8pnvpjeekjdsyn7sq69fcxf3k6kpnlm74,159,159,159,0,3396552.5603069994,0.0,57911384.5002564,30M-70M,21361.965788094334,2.0000000000000013,100.0,0.0
pool1qvkdjemewy8phhrkdhscjcnh3947f5ae42rdfjkv6gkgkjtlfsg,291,291,291,0,3395979.218351002,0.0,27134867.636158105,10M-30M,11670.031678182137,99.99003092783511,100.0,0.0
pool15v22rpfg6qx9l0gx0m955gfv7tes0jpa9sy0gjs3a04lv6x9jdr,225,225,225,0,3359665.018869001,0.0,40567471.86110257,30M-70M,14931.84452830667,5.826666666666675,100.0,0.0
pool1g0nq3m3fnvd245k4favcvutn09vce0yshg535f68d2xa54vy0cc,386,386,386,0,3340605.2089700005,0.0,15911373.537617216,10M-30M,8654.417639818654,0.9999999999999901,100.0,0.0
pool1qqqqzyqf8mlm70883zht60n4q6uqxg4a8x266sewv8ad2grkztl,406,292,253,39,3340548.533795,228760.21342099993,18141733.739524495,10M-30M,8227.952053682266,3.9999999999999583,86.64383561643835,6.84798353045088
pool1gwljutrkqx7km7ec2e8u93y0tvd8w07mgz2aaeqj75h9q7tntmq,369,369,369,0,3324647.812301002,0.0,16106578.1235472,10M-30M,9009.885670192418,7.499999999999953,100.0,0.0
pool1u2fuz3fn5dfphf0cu0sewm4rnera445avenggle9sl4hy7rjzgv,228,0,0,0,3312653.079176001,0.0,39210902.74589045,30M-70M,14529.180171824564,5.000000000000012,0.0,0.0
pool1wz27a9pvd2jat98s375lxaaj7qxy405km4vzp83wn5vtwp59kvh,406,406,406,0,3312273.724238999,0.0,15162695.002500145,10M-30M,8158.309665613298,0.06773399014778328,100.0,0.0
pool12m7z9p7jqymxrvvp6z7vmfdu6j6u6y43p0m6y4xalz43sc8s4t9,215,0,0,0,3292882.7132490007,0.0,43803842.23831355,30M-70M,15315.733549995351,5.000000000000009,0.0,0.0
pool189j5mz6wa0gfrakwvn2tar7qt309qxrmsgde5v6qwm892n6re3v,405,405,405,0,3268097.3033349984,0.0,12418382.275754135,10M-30M,8069.37605761728,4.799999999999972,100.0,0.0
pool1xlfty06hg6q23qvcaxwv3p9ke7ff9n34qpr8tpxt2zflyq20ceh,344,344,344,0,3263459.709365001,0.0,22627906.011644322,10M-30M,9486.801480712213,0.6316860465116253,100.0,0.0
pool1qzlwlyu92fsx94qu6u5nw3sy334f5yat3dv3jgx0grrsv0kp422,406,406,406,0,3259845.0029530027,0.0,14132121.183902644,10M-30M,8029.174884120696,2.4741379310345013,100.0,0.0
pool1fs2m5rmlx66crcwwrrsf2pcxjhvk7kzdurcqusd3v5gm65cufnj,406,406,404,2,3254558.1733410046,0.0,14509223.406528078,10M-30M,8016.153136307893,0.32339901477832533,99.50738916256158,0.0
pool1p70svj9zrg7lgzkdn8udlslry0t27qs8r9tz9lr955v2yfna2rl,159,159,159,0,3242321.3047690014,0.0,58083651.06289655,30M-70M,20391.95789162894,2.0000000000000013,100.0,0.0
pool13hxlxd6qa68fmfhrvvmasa0mjg30tj9p5v2lmgmgsmrp2rgzkfp,292,292,292,0,3227317.7789150006,0.0,30140826.95290382,30M-70M,11052.45814696918,0.030821917808219176,100.0,0.0
pool19yzqr3meksnvzdxh5xf6aknfhldyqdj7eaquxgcjva4mzt5kg3v,205,205,205,0,3202717.5138870017,0.0,48578375.23173283,30M-70M,15623.012262863424,10.00000000000001,100.0,0.0
pool1f2wfjqkf2wx6jq93pdck6hgmy9zgw32lmvrq9zejl7scqxjqfze,159,159,159,0,3192610.760561999,0.0,63334317.27488262,30M-70M,20079.31295950943,5.999999999999994,100.0,0.0
pool1xk3ck79lra9c9x5c684lylvg8vlexmh0eh7w90t6s0zvw6k5vn7,369,369,369,0,3179122.609089,0.0,14840458.06625657,10M-30M,8615.508425715447,7.499999999999953,100.0,0.0
pool1d76p7zfn2ydq577z4wsvmnl2lx4cxa3s5vplfuhvr8qfw8hd05j,385,385,385,0,3174882.238220998,0.0,13579687.970917452,10M-30M,8246.447372002593,1.9000000000000083,100.0,0.0
pool1cpwymxe2fjr20u34f874e2q6za3razk0rttslrxqhc4tu3zxau8,159,159,159,0,3165531.4115730007,0.0,57737278.39117783,30M-70M,19909.00258850944,2.0000000000000013,100.0,0.0
pool1e4tjrl3ve7dcqwa70pexds6f8llk0txx09gm3r4m472ej4p6473,386,386,74,312,3162070.692310002,908461.3168149998,13413641.140969554,10M-30M,8191.892985259073,0.9999999999999901,19.170984455958546,28.729949618910556
pool18ufrgfgmslekdxnk9v9345qvhrr7vfgzkvneqtwm7unnwaht6ww,210,210,210,0,3161469.9062360004,0.0,42254661.57544562,30M-70M,15054.618601123811,0.6476190476190478,100.0,0.0
pool1cljrz5vyw7jp2mp23nt9ywn2wdg5ulamhalw6d3mng326laxs77,369,369,369,0,3153975.3523590006,0.0,14619456.053894356,10M-30M,8547.358678479677,7.499999999999953,100.0,0.0
pool1rmpv0h0pecysach8tj06vxx9wku2pdm74mk9cunx759v58q0hu2,349,349,348,1,3148313.7602019985,0.0,24461873.74733861,10M-30M,9020.956332957016,2.328080229226364,99.7134670487106,0.0
pool1gas95lqlch5pj5e4lwg78gxlq7km9xfurfd557x4tgwk5kktd04,362,362,362,0,3138038.0238889996,0.0,18942031.580709532,10M-30M,8668.61332566022,1.1809392265193384,100.0,0.0
pool1aqt8ycgfpavswxxs7m7n8rz4atqlanpcmf73gq50rmr8um7nde8,340,340,340,0,3136777.6192439995,0.0,15334072.846737225,10M-30M,9225.816527188234,5.000000000000031,100.0,0.0
pool12ql6www8aa8usn98azlkz76d2htxtm9swalvyac27rlq6mdkxc7,380,380,51,329,3119670.530762,0.0,8633575.325493045,3M-10M,8209.659291478947,100.0,13.421052631578947,0.0
pool1zmtm8yef7725p9n7x433m50kvv9xpzjujnny9m5t960g5qm30ua,363,363,178,185,3112288.3775389986,1291794.2623180002,14067977.321511084,10M-30M,8573.797183303026,0.9999999999999908,49.03581267217631,41.50625217254031
pool1gaztx97t53k47fr7282d70tje8323vvzx8pshgts30t9krw62tm,186,186,186,0,3106020.763321999,0.0,49735383.406939015,30M-70M,16699.03636194623,9.999999999999996,100.0,0.0
pool1e98xlcgj80c3rdmm27v5hnvrdtut52e65uk0ema7ctfag596vr2,403,403,403,0,3089166.911818001,0.0,17548588.885713074,10M-30M,7665.426580193551,1.3573200992555674,100.0,0.0
pool1850xvydng5mkjzkwqw6566y7e6hsrgakc3y87jrnqrkrwdjua2p,369,369,369,0,3085910.141424998,0.0,17520992.337364446,10M-30M,8362.900112262867,32.79132791327913,100.0,0.0
pool1m4r66650ugw2xshz3gtred6wdxcn65v48r0r6p4vy64dy276q8h,369,369,369,0,3057307.690203999,0.0,14771993.939177698,10M-30M,8285.38669431978,7.499999999999953,100.0,0.0
pool1rj8zkzk3dm0lmnjtafczqfp8sshmang8gg85eypjeh2e6cve0vl,402,402,402,0,3052826.3079529996,0.0,12595510.055642478,10M-30M,7594.095293415422,9.968905472636889,100.0,0.0
pool1hnnfvsq3xlln6vz7d2xmk6kqekd5z4ctmfpdad8g8kr0yk8kdfd,372,372,372,0,3039543.9789809994,0.0,18243605.3681348,10M-30M,8170.817147798386,7.5322580645160935,100.0,0.0
pool1ffuv59d0rdp0jsgxa9x5r8pvmaexvuufeu43kpxl3u2qut3ljq4,382,382,247,135,3027292.4663820006,0.0,12135036.228449915,10M-30M,7924.849388434556,20.000000000000142,64.65968586387434,0.0
pool1xdwe294ntvnken52vsaar7edxpxeths4dvsm84pm4chyq70r0ny,405,405,270,135,3004360.3728530016,0.0,10941776.786654588,10M-30M,7418.173760130868,20.00000000000015,66.66666666666666,0.0
pool1jf4kt5qvyx4plvv7gna2y2f7xsjh3mt2szk2ff23ryd8qg826hj,356,356,356,0,3000229.2910429984,0.0,16066134.158889508,10M-30M,8427.61036809831,12.595505617977418,100.0,0.0
pool17vxhghxt2w2hc8c945ex2wqpwlcz39v6uc3fcxvqln45s8xrdt3,29,29,28,1,2999612.8793579997,0.0,144685443.6299633,>70M,103434.92687441378,3.0000000000000018,96.55172413793103,0.0
pool1evlpg292f5jqeffgah7ejtt9px68xdvyn2glp4cwtv8l6mgu6qe,115,0,0,0,2965865.617458001,0.0,53617707.62541737,30M-70M,25790.135803982615,4.999999999999989,0.0,0.0
pool1h5uycju7n5puxn2ckfkpza550rf6jk4twr6ef0hsmxft78ajt6q,380,380,51,329,2952808.2345589995,0.0,8633577.53601936,3M-10M,7770.547985681577,100.0,13.421052631578947,0.0
pool16pv24th2tzy8k70vk4ms35tff0fjxfm2dd2psk7cvs27wnjvlgh,264,264,264,0,2943170.018909,0.0,29104028.269731395,10M-30M,11148.371283746212,0.0,100.0,0.0
pool10efuydxjnasr0309lqklmj9xahupdnzqd59r5dqjeh4twz06tr0,406,406,405,1,2940646.536576002,0.0,13230679.769723361,10M-30M,7242.971764965522,0.908866995073883,99.75369458128078,0.0
pool1fuzqy5r9x98826zv6wp40tr27uplemmstkd57cuw8jh5v5m90vn,406,375,324,51,2940139.7786390013,117511.37709000001,15260944.438243842,10M-30M,7241.7235927069,0.6256157635467902,86.4,3.996795592636631
pool13ehs4gzc9t6tjr5rpynqtyp8act4jfqth54huymasuslj05fu8z,325,325,234,91,2937460.6262250007,0.0,19175821.633290708,10M-30M,9038.340388384617,100.0,72.0,0.0
pool1heks0vmxkfka2amg9c8yn8qdsxvgmzelfx6jhpfkj8ht5mn0r2m,406,406,396,10,2936721.3037210004,23122.923628,17274999.645451665,10M-30M,7233.303703746306,2.8709359605911264,97.53694581280789,0.7873720805137988
pool1aqg8vxzv75zhjzjjd9s20fu6r0xz70yl8lk3teacwy7qyc2p2j7,121,121,121,0,2925792.9389229994,0.0,70307434.34109288,>70M,24180.106933247927,2.9999999999999925,100.0,0.0
pool1a8n7f97dmgtgrnl53exccknjdchqxrr9508hlxlgqp6xvjmzhej,228,228,228,0,2925373.4736029995,0.0,35494199.62114133,30M-70M,12830.585410539472,1.289473684210517,100.0,0.0
pool17s3mr9c4ejjfq20dz0ls9ggskc770kt267s9xmw93payzdswwgg,364,364,364,0,2923347.213299997,0.0,21572079.82555311,10M-30M,8031.17366291208,1.6219780219780104,100.0,0.0
pool1zmmwnfm8mwu5qrfah60hxa8w7lrsd0dgwpvj5ldt63a82c63xgc,115,0,0,0,2920924.3361210003,0.0,51933011.36801385,30M-70M,25399.34205322609,4.999999999999989,0.0,0.0
pool12fclephansjkz0qn339w7mu9jwef2ty439as08avaw7fuyk56j6,292,292,291,1,2919365.569048001,0.0,16885008.75528086,10M-30M,9997.827291260277,2.890410958904103,99.65753424657534,0.0
pool1tpd9mcw6y5mx05gv9rgfkl6y0vsdswqs8qdexmf8vstkqk0snau,369,369,369,0,2901405.6223090007,0.0,13666205.624692103,10M-30M,7862.887865336045,7.499999999999953,100.0,0.0
pool1vheljad46m5040lj0z0f6j966ft78tl7ms4rj64ytrr7kw7t3dl,115,0,0,0,2887095.1301039997,0.0,51448027.252504714,30M-70M,25105.175044382606,4.999999999999989,0.0,0.0
pool12h408zlkavwxw4wkw96mt8unjs8sn27k0yk4yhz4pzvsx0wvmq5,369,369,369,0,2886152.881934998,0.0,13405632.852021024,10M-30M,7821.552525569101,7.499999999999953,100.0,0.0
pool1796kveuwxrquwhwnne5g99er50q6alcaf7yjf3kd6xr5vemfaqc,369,369,369,0,2877265.141393997,0.0,13412994.212332018,10M-30M,7797.46650784281,7.499999999999953,100.0,0.0
pool1x5dfpgp987e4jhxvgczr3wv50nv2pwd873tlx3uthvcasm422q6,356,356,356,0,2876909.383406001,0.0,18505499.572396655,10M-30M,8081.206133162925,1.3707865168539282,100.0,0.0
pool1vkc0dvuf8rxrch87umfayacgglrh8f88ef0f64xrdue5u2xjwfm,404,0,0,0,2875305.719180999,0.0,18033319.75815817,10M-30M,7117.093364309403,10.000000000000075,0.0,0.0
pool1vc3tk2s8xe5kvtldpmlhkgjnnt6nkllevyyszevapg0qwn0ch29,233,233,233,0,2857625.790474999,0.0,21641352.702933244,10M-30M,12264.488371137335,99.16952789699602,100.0,0.0
pool1pu5jlj4q9w9jlxeu370a3c9myx47md5j5m2str0naunn2q3lkdy,406,406,204,202,2854577.1285690037,454998.83527700003,11461749.623923652,10M-30M,7030.978149184738,4.8999999999999755,50.24630541871922,15.939272781362558
pool1l3fvlzadk5hg78wy3e304s9t8tjzxnu962e2fl7tq8x2yg3mz6l,29,29,28,1,2851647.692303,0.0,143549103.7477379,>70M,98332.67904493104,3.0000000000000018,96.55172413793103,0.0
pool1c2wf97p3j9gfvfjshj99ufxerpy3aznm8tzr2fd0ua465s26th4,381,381,381,0,2848533.970771999,0.0,19181253.32456719,10M-30M,7476.467114887137,1.380577427821516,100.0,0.0
pool1djg8jsygtculv3q2qdrxtnpxfq003pdxcvlw2pvfupq7jm5xpgp,406,406,406,0,2847509.393887,0.0,13087535.377853952,10M-30M,7013.569935682266,1.9999999999999791,100.0,0.0
pool1w4cetqsly2cz9fq2te95tnk2r56mh6ew6dmpyfctv2ldv8xuj9g,126,126,126,0,2844095.2571900003,0.0,58810276.576010615,30M-70M,22572.184580873018,4.000000000000003,100.0,0.0
pool1qgmwcxs8d8qmr0vtvsqd9u8gugrventh5dcqukmu79e2sgfuu8t,367,367,367,0,2837757.982748001,0.0,17400967.946534876,10M-30M,7732.310579694826,4.108991825613102,100.0,0.0
pool1cmdq8atcy8x7lfhh09vdumveuh0ywsx0269ur774nvzkyhma37d,347,347,347,0,2797314.6068609995,0.0,19329695.781744573,10M-30M,8061.42538000288,0.0,100.0,0.0
pool1fpkjz7j77m5ukhjx5xvspfttrs0578kyxa9hgn0458hk55wp784,369,369,369,0,2787533.891880001,0.0,13668394.92589886,10M-30M,7554.292389918702,7.499999999999953,100.0,0.0
pool164xvrnwxg0xwhkcm0fsnlzmtj3ptp5s7hne32k4dyv60x4utfje,282,282,282,0,2771190.794278,0.0,25613327.15243955,10M-30M,9826.917710205675,3.000000000000004,100.0,0.0
pool168t0xlm0dtdgf7d5w2mrm7ulsw4czpw297yvrpke9pmjcc9hz7k,384,384,384,0,2769630.9535010015,0.0,11929254.30571838,10M-30M,7212.580608075525,4.79999999999998,100.0,0.0
pool1k0xa8wlsntmjhtw2shj3tspqd4kjyquw9tuyx5s7zz5jsyw4y2p,401,401,401,0,2744419.4155090027,0.0,13487418.01349212,10M-30M,6843.938692042401,0.026807980049875318,100.0,0.0
pool1qakys0fxx5p2fxcnsc2tyjpqa88q7qgtdh5t3a32hplv6fg25r9,225,225,225,0,2738226.4791360004,0.0,34472018.56214209,30M-70M,12169.89546282667,2.5000000000000058,100.0,0.0
pool1vdh6kxcqt9mxavyv80ggnec6jjwms44ms30rhle3lt266aj8jgh,362,362,362,0,2730886.0623479993,0.0,18426956.79755869,10M-30M,7543.884150132595,0.785911602209946,100.0,0.0
pool1f8py9p8xrt2ccmjeapjuwn5mpg9rve2wkgy34kzxu8zwcd3wpv6,115,0,0,0,2717706.18885,0.0,48527005.24946366,30M-70M,23632.227729130434,4.999999999999989,0.0,0.0
pool146fn2mcz0f9npcuqwvr3xjn93840jzueja973uc03xkqvl2w36c,150,150,150,0,2713547.2313169986,0.0,53816602.14503027,30M-70M,18090.314875446657,3.500000000000008,100.0,0.0
pool1zytydvyy3qztrs8l2xyggvkfcjctp23m2hc3aj7sudnzgny79cg,364,363,363,0,2702554.3886599997,0.0,16076878.225220932,10M-30M,7424.599968846153,0.8186813186813133,100.0,0.0
pool18mege8wvzzdvh8cxx6ncnqyvacl4lxukw495c87xmz8qcdl6lj8,386,386,386,0,2682752.490077998,0.0,11353986.083058627,10M-30M,6950.135984658026,0.9999999999999901,100.0,0.0
pool1druxd2syfrvqvepxh60fz0qhralcesruphh5atujuh0jktjy0ma,405,405,405,0,2677586.273034,0.0,11342278.607209872,10M-30M,6611.324130948148,1.9230123456790007,100.0,0.0
pool134qwr4wczuvr5r9zvylhmxv2dtpevgtz4khn65tk4a7tkh9cd52,190,190,163,27,2671338.5560539984,0.0,25686946.42314063,10M-30M,14059.676610810518,100.0,85.78947368421052,0.0
pool1hs92p06tqy5vl8c7lx0dnxwf8exe92450rq99vk3u5sckuc7m26,184,184,184,0,2654987.814683999,0.0,22699280.987482786,10M-30M,14429.281601543473,100.0,100.0,0.0
pool1ty7lh3nvtwxlcpqg2x30fkr3j9ys6nprztr9m4zp3aajxyjk2vz,406,406,406,0,2646845.8553599985,0.0,12463291.13635812,10M-30M,6519.324766896548,0.9668965517241285,100.0,0.0
pool1z9m2kxeat06t30yf6ar7sqpert0cjdgxzcv2dv36dcwcqcqtgk4,165,0,0,0,2637985.9265969996,0.0,44252347.799839355,30M-70M,15987.79349452727,18.218181818181783,0.0,0.0
pool1mt8sdg37f2h3rypyuc77k7vxrjshtvjw04zdjlae9vdzyt9uu34,243,213,106,107,2632373.7352209995,1498890.35265,30129425.06982183,30M-70M,10832.813725189299,0.0,49.76525821596244,56.94063622482396
pool17taqml487n9t4r9a6ppvf9qv0qlw2lu4zcrzwfdsfcv6xp7uqym,357,357,357,0,2631669.8244380006,0.0,17581085.32218858,10M-30M,7371.624158089638,1.1639775910364176,100.0,0.0
pool1zkdc6ve9nndk7vxnjlalhqt4hr5h8auz5qzjk7lrjrqtv23yuy5,217,217,217,0,2629392.083039999,0.0,34122820.29198095,30M-70M,12117.014207557599,1.0253456221198134,100.0,0.0
pool1a3kdettzvvlqvkl9m9hwe63ggeq5fgvz0twqew5c62dzx99vsed,406,406,406,0,2623304.248907,0.0,12799640.843287928,10M-30M,6461.340514549261,0.9418719211822567,100.0,0.0
pool1qprj52nh0j32p5vq290rludcfz58kujyszt5ztfvj2ymx43649f,369,369,369,0,2601755.5485759987,0.0,11872385.434727589,10M-30M,7050.828044921406,7.499999999999953,100.0,0.0
pool1w7pt822hfgw30xnkwpjzz0sr5psejksqdcdw4l0ms33lsgynp2e,387,387,387,0,2579704.091062001,0.0,11089900.159734283,10M-30M,6665.902044087858,1.7209302325581255,100.0,0.0
pool1uq8l234306m76unyz8kuwnkvmtvazaks6vuvyx3a3khngavvcw0,406,406,25,381,2570240.6297289995,2351988.153201999,11135004.920729982,10M-30M,6330.6419451453185,0.9975369458127976,6.157635467980295,91.50848080126987
pool1a3ekt9me035qgju0en2w39vjns9ggtewnc9fugsmpgczvgtl6u9,361,361,361,0,2569667.7621000013,0.0,14127313.243951151,10M-30M,7118.193246814408,0.9999999999999908,100.0,0.0
pool1y9rdlv5tksudwrx47afjx47grd4tyh24zccffjtp32u0cfpegvk,305,305,305,0,2568353.188832,0.0,19113283.39302897,10M-30M,8420.830127318033,17.770491803278517,100.0,0.0
pool1cjz6kg9a8ug9uk0nc59q60a67c2628ms58rd98gq587jwa2x5qt,309,309,271,38,2544287.116121002,0.0,18014363.387073927,10M-30M,8233.938887122984,26.595469255663414,87.70226537216828,0.0
pool17rns3wjyql9jg9xkzw9h88f0kstd693pm6urwxmvejqgsyjw7ta,406,406,405,1,2541270.9227070003,0.0,10569384.121446177,10M-30M,6259.287986963055,0.0,99.75369458128078,0.0
pool136wr0g23dw9daekuyqtgk366vywms6meespgpm3hdguxqczaaug,406,406,405,1,2538095.755419001,0.0,10347694.012338245,10M-30M,6251.467377879313,5.000000000000037,99.75369458128078,0.0
pool1dmqzwuql5mylffvn7ln3pr9j7kh4gdsssrmma5wgx56f6rtyf42,406,406,406,0,2533691.855976,0.0,11668675.349287463,10M-30M,6240.620334916256,2.2167487684728995,100.0,0.0
pool19ru9alj7n5anmzs0f9gpzlj8kaq44yhcp45mldjvldxck8f6yg6,325,325,325,0,2532166.6297740014,0.0,16200050.075541604,10M-30M,7791.281937766158,0.4307692307692311,100.0,0.0
pool1qvvn2l690zm3v2p0f3vd66ly6cfs2wjqx34zpqcx5pwsx3eprtp,406,406,406,0,2495082.1965850024,0.0,14350183.552784756,10M-30M,6145.522651687198,0.03940886699507389,100.0,0.0
pool1z5rt6kn6yvuczj44qla73mfyln9l55lw0jkz6x4kjw00u32zec3,195,0,0,0,2474232.431238002,0.0,34257774.83930951,30M-70M,12688.371442246165,16.953846153846136,0.0,0.0
pool104gtn3hvp9lz5l6wevhjj98e45s7rfaa4zzvk9pex7nn786qncr,340,340,340,0,2469965.4598619975,0.0,16945244.774727132,10M-30M,7264.604293711757,0.0,100.0,0.0
pool1f4n4mdsv5ydxuc3y4tzgumqvfa8xxlyr8jl70qquama0ug2pmhf,201,201,201,0,2469923.50267,0.0,32496634.78557792,30M-70M,12288.176630199005,6.000000000000005,100.0,0.0
pool1slwxj0t3575lx0rfw2x3z7dqf26jpls566pdwydvlk0jgw96lre,322,322,322,0,2466207.9624550003,0.0,18182398.834149905,10M-30M,7659.030939301243,98.51242236024889,100.0,0.0
pool15a04yc72q4tfkwaweu86l0764urswee8c3zxperyrdq4kx8nvua,363,363,363,0,2463649.6672000024,0.0,11624583.605756866,10M-30M,6786.913683746563,0.9999999999999908,100.0,0.0
pool1utqhj9g53a5cwg7tyd8neky7jvjlgzuf470adc0e69cp5uuquzx,365,365,365,0,2460605.224462001,0.0,15622892.699650107,10M-30M,6741.384176608222,0.9999999999999907,100.0,0.0
pool1we0xjccr3vc4ypnmhzsgwp7sxpsytu8dtv0syeqmtrllvcex68q,406,406,406,0,2460584.9227790013,0.0,13767247.095893411,10M-30M,6060.553996992614,2.1387931034482786,100.0,0.0
pool1u8yequt4vq3jhajeegc02r3msnne6krayxuzrypaz8jkq5v5pux,353,353,352,1,2458852.6048650006,0.0,17158641.936335444,10M-30M,6965.588115764875,2.3675637393767457,99.71671388101983,0.0
pool1mtuhuh8hkf8am0qzx45y58kll8q83sjh6pwljrflcmw970d82f3,127,127,127,0,2454486.6497630007,0.0,56168732.40420301,30M-70M,19326.666533566935,2.999999999999992,100.0,0.0
pool1nll5ghr8cdkl6ppnxpuk6c6vrg9d5kq3tp8d6xjdds5pct6pxj9,201,201,201,0,2441274.250738,0.0,32596639.88474111,30M-70M,12145.643038497512,6.000000000000005,100.0,0.0
pool1nyjw0460ww5qjtpukexuywxdz4lzhy6tm7yygn74lnlcc62hnc8,318,0,0,0,2434929.5579429995,0.0,19705216.698573958,10M-30M,7657.011188499999,100.0,0.0,0.0
pool1sadvc934x75k9xl6lnmywqc80mu3kclnjhz5qtkkt7n8k853w4n,184,32,32,0,2417516.9991489993,0.0,22119739.98264049,10M-30M,13138.679343201084,100.0,100.0,0.0
pool12xxugucen5pql0ay70uakgqjaxpwfj6c9py8euyu4q3p23s0fyg,201,201,201,0,2415758.4867909993,0.0,31824867.09358009,30M-70M,12018.698939258704,6.000000000000005,100.0,0.0
pool1jsala5rdc0hjewcvu9dujcz8jpfxp7hadqr3r3hzs63skhhtpqs,201,201,201,0,2415283.695744001,0.0,32481318.379242357,30M-70M,12016.336794746272,6.000000000000005,100.0,0.0
pool1me68mzk9kephj0yqya6xu9jefjvtg0dvmly3m9sy67cezrexalx,201,201,201,0,2413850.691214999,0.0,32561731.49409162,30M-70M,12009.207418980095,6.000000000000005,100.0,0.0
pool192pfftt48zc4x5aellvpufk6l6zxllpldw0rx82vrhqrqfhhqs2,227,227,227,0,2408281.296042001,0.0,30063130.436501812,30M-70M,10609.168705030841,34.905286343612374,100.0,0.0
pool1xjqjwe0t7uw7wfdygvt99e5wjcuz6ex6rcx2p067aqxp6tsgwgm,305,305,303,2,2392856.9869259987,0.0,18623355.760527853,10M-30M,7845.432744019668,29.508196721311315,99.34426229508196,0.0
pool1rpfj2y4vddj8azwu9977a63s2cjl374pep98l6dhuqh5u9jctj0,201,201,201,0,2391868.0413100007,0.0,31807921.406789158,30M-70M,11899.841001542292,6.000000000000005,100.0,0.0
pool1nwv3c3q62lqcdgp7s0jtl4xldgfnjnt0szkdclk4tzjqzv6kv7n,201,201,201,0,2384236.5194629985,0.0,32455945.375368956,30M-70M,11861.873231159196,6.000000000000005,100.0,0.0
pool1zktg0pgr7ay650mvxdvru85cegjqa7vy589heud0565pg6hxhq9,190,190,190,0,2382198.1957270023,0.0,22019575.1095738,10M-30M,12537.885240668433,47.1758947368418,100.0,0.0
pool12ahcpgfgzkm29zajw8fgfqjma6ngsks7zdk4tr7q280pwfvtlek,201,201,201,0,2380007.389866002,0.0,29372380.220135223,10M-30M,11840.832785402994,6.000000000000005,100.0,0.0
pool1uyl05rzl52kf4ryxqwn0wjtl0dzf99ms42tn0srpnqd77m3cuv4,168,168,51,117,2378938.164055,0.0,19584002.316249378,10M-30M,14160.346214613095,100.0,30.357142857142854,0.0
pool10x7rsal3ldumkycuc7f7rslx3vc5axhz5jzwngfcg7hd6t2p7sc,201,201,201,0,2372948.1132449997,0.0,31801700.968791846,30M-70M,11805.712006194028,6.000000000000005,100.0,0.0
pool1z693lvvpt87rkyn0j6gfy36zlnaw9m9djnsn6a4gy3822vykzau,174,174,174,0,2366351.643048999,0.0,25422530.700404868,10M-30M,13599.7220864885,100.0,100.0,0.0
pool1lpw2wnj2vrc75fv7f4jnfzgkqvlrxlampz5nmduwve47xgnckns,201,201,201,0,2364304.3823570004,0.0,31844210.996509947,30M-70M,11762.708369935326,6.000000000000005,100.0,0.0
pool1nncdkshmqynzv3ledrlnan542qercf4h8xydjjylkg0xu62fk6y,29,29,28,1,2361575.6222,0.0,118527671.63709246,>70M,81433.6421448276,3.0000000000000018,96.55172413793103,0.0
pool1s6x6kltycpxq82hyqhlqllqj3q5l2m8w499gvtu4xrfv29c0q2q,399,399,399,0,2350770.366633998,0.0,9482929.787306443,3M-10M,5891.655054220547,1.925162907268157,100.0,0.0
pool1x8ujs98g90dchw8kvu7u8jzntdh656u376fv7rv62e84jmznsr9,29,29,28,1,2347953.523344,0.0,117146133.05965282,>70M,80963.91459806896,5.000000000000003,96.55172413793103,0.0
pool1wfma2hqtzksrf9wq7a5ww8ugguxezaetey80pe9arg2n7kvev82,121,121,121,0,2346121.162382,0.0,42821955.1068658,30M-70M,19389.431094066116,6.570247933884279,100.0,0.0
pool1qkd5y9azf2xx0gmrj68lrkcn59ldjmnpzd3y2rq3tvjp2vqljan,357,352,352,0,2343115.476817999,0.0,14349464.81755237,10M-30M,6563.348674560221,0.999999999999991,100.0,0.0
pool18xmqj9h97tx245mzkz0fqlvas5zse0fzh9xmn9p6z77aj5jegsx,201,201,201,0,2336879.4114810005,0.0,29372977.78583508,10M-30M,11626.265728761196,6.000000000000005,100.0,0.0
pool17rrps48nulcwjnzpeskyrfwpjqysrz6g6c8nlhlygh4ugr9g8n6,168,168,54,114,2332507.8744629994,0.0,20603363.48836845,10M-30M,13883.975443232139,100.0,32.142857142857146,0.0
pool1lm89trd8cl36k8njlhgsemavry2jymnhddpvtk7fk7r7g4e3fep,201,201,201,0,2331481.229424999,0.0,31815553.073241353,30M-70M,11599.409101616911,6.000000000000005,100.0,0.0
pool1zdtqtsu3l3ytatzyvrq48d4mpnll9c5evwfq6taxkmn9vvdz839,329,329,329,0,2325267.6552560013,0.0,16179635.704738522,10M-30M,7067.682842723408,0.8267477203647421,100.0,0.0
pool17pv7m8h5dxsyt55upay8n8ake2cgcz4mcr737um2tl8d2wthzqr,406,96,0,96,2318369.536581003,33786.795312999995,8803825.786678445,3M-10M,5710.269794534491,2.1995073891625716,0.0,1.4573515904124068
pool16c989ahn582z53azjfmregygfuc9k44u3q97wqgyn0zxuzp3dn4,201,201,201,0,2315715.8411689997,0.0,29352459.70946341,10M-30M,11520.974334174127,6.000000000000005,100.0,0.0
pool1lkcd3w5g6s6v3hf6kwt55dqpalrmq9h9f3ec033nnzhvgjgl860,293,293,293,0,2307981.188538002,0.0,16718758.86105048,10M-30M,7877.068902860075,0.0,100.0,0.0
pool1klq8yy3rr6k4ez7uwkzz5ku3yuym3eeg6g2ne3p9f4hnzfycfkl,369,369,369,0,2293040.9563139994,0.0,10359591.966506656,10M-30M,6214.203133642275,7.499999999999953,100.0,0.0
pool1q8x5k5wq6zsshdjcmyzcgzwaqd9mfg9fypaaew8xs597svmeyk4,212,212,212,0,2282798.4782539997,0.0,28311499.094755404,10M-30M,10767.917350254716,100.0,100.0,0.0
pool1lfsslc99da8jhj5apzctsnfm76kjc6ndyc6hnynagcj8xexvjsr,201,201,201,0,2281759.7715620007,0.0,29348381.509117294,10M-30M,11352.038664487565,6.000000000000005,100.0,0.0
pool1vqq5mg8ccqemjr5ukfa48a767dqjsa7nas8xnpf7huvcz7amlv9,201,201,201,0,2281232.927252,0.0,29337838.597886886,10M-30M,11349.417548517415,6.000000000000005,100.0,0.0
pool1qqlf3epa7m8780p2jx5689u2ql06tw026l5377tptk2zswrc645,406,406,406,0,2272524.086908999,0.0,9759586.068650208,3M-10M,5597.349967756155,2.999999999999983,100.0,0.0
pool1398lzhvtaa0hgz305d2jz4urfkwkkt66yv476wqe6att2f7dphh,223,0,0,0,2265872.577439,0.0,26909118.49345724,10M-30M,10160.86357595964,16.080717488789244,0.0,0.0
pool1welc4vthqtkvcf2e4adza90np6p7v7c4dmkmf567w3xr7ffqd72,29,29,28,1,2257254.0958220004,0.0,102005608.54391555,>70M,77836.34813179311,5.000000000000003,96.55172413793103,0.0
pool1t6tyc9menh5uax38j89jgdyj0maz6e4mgx90n7xkcl7mu8fzqxu,201,201,201,0,2238988.8554769997,0.0,30146989.32252875,30M-70M,11139.248037199004,6.000000000000005,100.0,0.0
pool135t6gh8sa4ahajdzw76yy7m5r0js49ra4990ahrk6ydzxef4xrd,150,150,150,0,2237252.4077860005,0.0,39407236.14045212,30M-70M,14915.01605190667,3.500000000000008,100.0,0.0
pool1eqj3dzpkcklc2r0v8pt8adrhrshq8m4zsev072ga7a52uj5wv5c,373,373,373,0,2226447.7701049997,0.0,14040389.213408304,10M-30M,5969.028874276139,1.1286863270777345,100.0,0.0
pool1fveclhv3w9q3nl02j0rwpu8rwgsk4vrxwk27mpdsa8stx27n93q,150,150,150,0,2224925.399228001,0.0,38908575.49664793,30M-70M,14832.83599485334,3.500000000000008,100.0,0.0
pool1l6aeyn35nkqkn9lqqlwqnpraakdzuukjrqprcrj3sctk6hhe32k,361,361,361,0,2223087.980314999,0.0,16063827.763366293,10M-30M,6158.138449626035,1.6315789473684088,100.0,0.0
pool1augg8mngjqjmxr8zypdqx7066f67q5cjcuwf738ja7csynadd99,29,29,28,1,2222935.8000609996,0.0,103365267.365727,>70M,76652.95862279308,7.0000000000000036,96.55172413793103,0.0
pool1rcd7qslz3xnpnk9u6tcwegy5r2574uf8suqu24ptg637jha3sr5,399,399,398,1,2208259.8828739985,0.0,10241850.848932622,10M-30M,5534.485921989971,1.9999999999999796,99.74937343358395,0.0
pool1hnp560z9e5acwux8tjguxq36j9r255zuf02u7z2d46dvcf5zhns,406,406,406,0,2200720.8903449997,0.0,14308529.278471263,10M-30M,5420.494803805418,0.0,100.0,0.0
pool1vale5v0rm72lmz3ssv39a9ywceucqczux4v6zhegfmh7vlgfchf,150,150,150,0,2200142.4883240005,0.0,38839590.62716867,30M-70M,14667.61658882667,3.500000000000008,100.0,0.0
pool1vresred49vtwxm87v0gg0dxfrdhfv6rz826u36ts9a60unw2nrk,150,150,150,0,2199594.501187,0.0,39153739.43848249,30M-70M,14663.963341246666,3.500000000000008,100.0,0.0
pool10qmnswfc22zm0fscg80gkwqz65ujwjkqmctv8g9l9l58wqtelgg,406,406,406,0,2193307.903072001,0.0,8916068.943157373,3M-10M,5402.236214463057,0.8000000000000005,100.0,0.0
pool107attaqquuq5ne2ch0hx0qcnlkzzr2683s4gml4ywnqvgj6pak9,384,384,384,0,2192332.151059,0.0,8607940.720621651,3M-10M,5709.198310049479,4.79999999999998,100.0,0.0
pool1uy8ws63cmz37gaunkhuehynvr4a0yakw2yv0vfjs704326nte98,29,29,28,1,2185492.5754029998,0.0,103746952.39607191,>70M,75361.81294493102,3.0000000000000018,96.55172413793103,0.0
pool17c4u37tjcjaeym0cs5mffvdkyyv74rkhczhnsgplef4sjglkwpj,201,201,201,0,2183370.577462,0.0,27886066.502517376,10M-30M,10862.540186378108,6.000000000000005,100.0,0.0
pool1jqnywskl2n92fx65thtew8zlj3vqfrqxz7zyj70tt7d3qmn0m9t,201,201,201,0,2183114.911123,0.0,28233939.860337425,10M-30M,10861.26821454229,6.000000000000005,100.0,0.0
pool1kcfe6evpfmh5rh40yta3qrrudsy956scuwfl7wgts0z926z6kuw,150,150,150,0,2176210.591472,0.0,39305275.12214177,30M-70M,14508.070609813332,3.500000000000008,100.0,0.0
pool1czg8a3gg33aujkkcf9wrnr8zf4qq9qn0rrkh04umrg60k0vyvdl,29,29,28,1,2164644.8963990007,0.0,103493854.19115017,>70M,74642.92746203451,7.0000000000000036,96.55172413793103,0.0
pool10tqeu6d03p6rnalqlvdshmpsljxaq2c0ww6draq6xm8lgyl2a3p,406,347,20,327,2162614.7975149984,1778888.3119119985,12272165.87750605,10M-30M,5326.637432302951,1.5862068965517264,5.763688760806916,82.25636456182906
pool1xsj9s3mfpztls97x7jjql0msmeh5v3wa5vyqhmmmsx8jzsqxrsv,109,109,96,13,2152663.2878839998,0.0,61246807.373425245,30M-70M,19749.204476,2.999999999999994,88.07339449541286,0.0
pool1ezs46e9nftk46w723zg4e66n2vaytms5slrmywvd7fx5y65zkru,293,293,202,91,2146579.907184999,0.0,15519777.171509115,10M-30M,7326.211287320815,100.0,68.94197952218431,0.0
pool124hy9qgc0nhqsve268kj5r53pvz7ppg295q6r2d0sjxswchljf0,201,201,201,0,2145826.210346,0.0,27721633.326936726,10M-30M,10675.752290278606,6.000000000000005,100.0,0.0
pool16v0jqnz2zuqsdrf6z94ec5rx9ds0xeghsvmddauzt6j5w2u7lsm,370,370,93,277,2138678.281226001,1470712.7941289996,12291242.50830181,10M-30M,5780.211570881084,2.4697297297297203,25.135135135135133,68.76736940938638
pool1ujcu3myfg9wwvdyh2ks653954lamtufy3lefjs73jrr327q53j4,366,366,366,0,2135273.697048,0.0,12510550.094372494,10M-30M,5834.08113947541,3.9999999999999627,100.0,0.0
pool1cunvnkjkzh2lna593sjmkylcr3r5rmxdpr8r9u6pfuer72p24x4,118,118,118,0,2129709.2679309994,0.0,54548275.08696898,30M-70M,18048.383626533894,5.999999999999986,100.0,0.0
pool1vs689gkmqtrljtmcwd2690nzqm2yyq23wk2zzx5g0v0gs5ug64a,378,378,378,0,2127855.8089109985,0.0,12808247.472411947,10M-30M,5629.248171722218,0.9396825396825403,100.0,0.0
pool1rpjjz68kmmetyxztmrstrwgz8lxf6v0d7vqgw98r5x8rc50jrdf,406,406,406,0,2123897.968212,0.0,8752706.027958684,3M-10M,5231.275783773399,1.9999999999999791,100.0,0.0
pool1ua5exfeju4jc95yy595cykjh4x46998g8hrrvw2v5h9k7987a44,218,218,213,5,2123177.666666,0.0,25128835.09034203,10M-30M,9739.347094798166,100.0,97.70642201834863,0.0
pool1j3umdcuxcewcxz98wm3sx5xqwgxx0v7z376xyjfq4jgejpvv8fz,366,366,366,0,2120453.682848998,0.0,11165742.154985208,10M-30M,5793.589297401633,1.8274863387977995,100.0,0.0
pool10dwjth7esfw5gc036vu6l6csnvn6elqax0d3kh8t65rxyewk2g3,29,29,28,1,2111574.7996940003,0.0,99331375.16194364,>70M,72812.92412737932,7.0000000000000036,96.55172413793103,0.0
pool1qzlw756y0z6ehg9jkerrfrydr7qlvzl5pgset33h3h2akst593a,369,369,369,0,2107785.685374,0.0,11065556.355878271,10M-30M,5712.15632892683,2.201897018970163,100.0,0.0
pool1wwzctexlp70mj00vv65mlhwhwresn58s9x7jl4tswvkg77eu7n7,406,406,56,350,2106519.4165950003,852787.5429409998,8551162.775470711,3M-10M,5188.471469445813,1.0098522167487578,13.793103448275861,40.483251007458286
pool1qu48wpwwarmkewhlwge9xs87sgt8gdnqq26nnre2v6c8up4fxwr,393,393,393,0,2098777.126988001,0.0,11186514.091955408,10M-30M,5340.399814218832,1.9999999999999796,100.0,0.0
pool1gqvrgg7zycvf65ydkjeph72t0yx0f5ykzd9f477zh4f3smwk997,406,406,379,27,2097561.1921589994,24509.941239,10394482.521435894,10M-30M,5166.406877238915,1.9384236453201773,93.34975369458128,1.1684970779694943
pool1rcj4kw3nepfpwr6s2tzgq3x3emw45n9w58063j98h38rse482k0,29,29,28,1,2094192.4502710002,0.0,100980051.79086918,>70M,72213.53276796552,5.000000000000003,96.55172413793103,0.0
pool1dfg7g6u6vvs4av77frff5f2zejznmjmvtewhxzyg5h3p5m3we65,29,29,28,1,2086732.7108329998,0.0,98212729.64754522,>70M,71956.30037355171,7.0000000000000036,96.55172413793103,0.0
pool1j25x3lguq95gp0tt8ng2nw3fz9ea2p6a89vmgffdw6h0zyh66a0,29,29,28,1,2080193.9778510001,0.0,101120696.67097248,>70M,71730.82682244827,3.0000000000000018,96.55172413793103,0.0
pool1sr953s548fudyhmfm082xp0mensv2gxzt4qpe466ykw0z3jjzvv,405,405,402,3,2076383.4309879993,0.0,10586555.869718036,10M-30M,5126.872669106171,1.157777777777765,99.25925925925925,0.0
pool1sjnh0ymk9fhhnusm7uksux5yhpfyhjfmseq5nuupsj6ezskc0pj,207,207,207,0,2072534.3795960003,0.0,26331455.570906885,10M-30M,10012.243379690823,100.0,100.0,0.0
pool15txd36fltfgc63qq0yxtpqt88eu76s0yhugn9a6q7f4zspq6k5f,406,406,406,0,2070554.818979,0.0,11523660.134829028,10M-30M,5099.888716697044,1.8668226600985092,100.0,0.0
pool13pt7us94nw782t5v4d89sz8zqn8hcn8r8r7hhph5mvxvvp3c76v,371,371,371,0,2066352.4317389985,0.0,12066070.90522005,10M-30M,5569.683104417786,1.8665768194070096,100.0,0.0
pool1jgwu8lq3dqddnnx7prymcgcyrqy0fdlghg33he2hmw9t2gma3zd,406,406,406,0,2065607.7849350006,0.0,9863630.541870942,3M-10M,5087.70390378079,1.9901477832512109,100.0,0.0
pool1cxjqg6nn588ura2rx4uptwprgzw82j89j2gjguwhtun4ypw2sh4,66,66,64,2,2064852.8221189994,0.0,72586862.9769428,>70M,31285.64881998484,100.0,96.96969696969697,0.0
pool1mkjtce8r8yeku0mmc9vpwl0scuwuwc8lz89ckpj3k0kwgvlunv5,260,260,260,0,2060234.5190509993,0.0,18610118.0758643,10M-30M,7923.978919426921,5.000000000000019,100.0,0.0
pool1ksazs9mzcuyr3mfrvw48dc5wkgsjceztakymmv7jpxle7l2nfs0,313,313,312,1,2058406.3000180013,0.0,10262085.429218816,10M-30M,6576.377955329078,3.890159744408935,99.68051118210862,0.0
pool1m83drqwlugdt9jn7jkz8hx3pne53acfkd539d9cj8yr92dr4k9y,406,406,406,0,2052148.2058959997,0.0,8058415.744232831,3M-10M,5054.552231270935,2.4852216748768363,100.0,0.0
pool1ntlyr9hrrdg3gpdkmr267hq46ys2rlj5y25dzx3reuecgd7p5sh,66,66,64,2,2051191.0173030002,0.0,72528404.05352733,>70M,31078.651777318184,100.0,96.96969696969697,0.0
pool1r9kse9x8ja0ajkyw8w96zw5c2aqeey6j85nmyqxhwt0rs090fu4,218,218,217,1,2048090.4408870004,0.0,25104339.55225435,10M-30M,9394.910279298167,100.0,99.54128440366972,0.0
pool1kphkk90f2mculhcndpdd3a7ukvptzqrgyr9jtuvw6c5z2dptuph,66,66,64,2,2045440.634225,0.0,72555137.29468973,>70M,30991.52476098485,100.0,96.96969696969697,0.0
pool1qp20c7jwxnu6rmh3tgzlmlyaxg77awdh9f94a3g5y3lxvr523rn,114,0,0,0,2037831.8391480006,0.0,35270476.20468838,30M-70M,17875.717887263163,4.999999999999989,0.0,0.0
pool1cz8pf6u3m9n6s4ql9nrgd5gx4tzflr49wcy0cuy5n4tpu00pa4f,29,29,28,1,2034525.3476200001,0.0,99016897.88215739,>70M,70156.04646965518,7.0000000000000036,96.55172413793103,0.0
pool19z8vmgdts5lstk8z5lc8mgz3a8jhggscsf9cygvuz0vtuzcsxyu,29,29,28,1,2032419.7914029995,0.0,99845706.29007535,>70M,70083.44108286206,5.000000000000003,96.55172413793103,0.0
pool1f9934hk9awd25mmxl0dd2haqvda9nlquwnh5pv64hs42znl07zj,293,293,188,105,2032351.882307999,0.0,15801112.871399034,10M-30M,6936.354547126277,5.866894197952236,64.16382252559727,0.0
pool1m7eljcrzd593cawzwpts00mmnxnj52kr9da8r264r7c4kfd4m0h,383,383,383,0,2023290.0772059998,0.0,7708294.349139092,3M-10M,5282.741715942558,13.00000000000007,100.0,0.0
pool15cy4p3axu0m6sfrmxsp46z5cevx3ruksfwjl48730cgx24j4ydz,354,354,354,0,2021626.2425709998,0.0,15667658.349416116,10M-30M,5710.808594833333,0.10169491525423731,100.0,0.0
pool170hmssk80z2ameg7jhj5m8psnkjejcc77vfpd0875yggxhhntd0,369,369,369,0,2019892.3296780009,0.0,12887812.9600012,10M-30M,5473.962953056913,2.0880758807587867,100.0,0.0
pool16r6g7plyuh4cqs9f3qy97l4rh5edwx3w9xvd205mhj2e58cpp28,171,171,171,0,2019001.3381260007,0.0,29809733.861490328,10M-30M,11807.025369157898,100.0,100.0,0.0
pool1uqehpxy4wst2k5u640wdt9tgmqdd26l0dahgxf3ln70js830xv2,29,29,28,1,2018890.6027060002,0.0,98963720.0990068,>70M,69616.91733468966,5.000000000000003,96.55172413793103,0.0
pool16qd8xyz4dsn3g5zxdxtvr253u8jpy7xcn4ut9v92ug20gegt55h,29,29,28,1,2017735.3709029995,0.0,101133942.77770256,>70M,69577.08175527585,7.0000000000000036,96.55172413793103,0.0
pool13k6tphjfsgqdq7h27p4x86ruchcdg2x073luw8pndh3ajxvwvja,244,244,243,1,2017128.940446,0.0,23605543.33636388,10M-30M,8266.921887073771,0.9999999999999967,99.59016393442623,0.0
pool13z9mfsve9w39sl5akgz58yewad9daycxn8ja426ytdxey47yatu,218,218,213,5,2013768.184997,0.0,24414125.965169724,10M-30M,9237.468738518348,100.0,97.70642201834863,0.0
pool19nrqgmwwz8xu939ulpskuky2qq5z36v4jtnwcs69qr7xy4j495y,29,29,28,1,2012085.0310190003,0.0,97793703.25949226,>70M,69382.24244893105,5.000000000000003,96.55172413793103,0.0
pool1a6ysvnx24xsjh2f6ehgmx7yu9q45fd7lsk88v2swxkek7pkxtgp,400,400,398,2,2008269.6629859996,0.0,10636837.277938329,10M-30M,5020.674157464999,15.23787499999999,99.5,0.0
pool1hnukelq3ap6pj3wnetj448efj4nalngy756jln9zd2mjsp73etg,218,218,213,5,2000234.9295380018,0.0,24192438.544316243,10M-30M,9175.389585036706,100.0,97.70642201834863,0.0
pool1cp4q7w2jvlthul9mlskj6xutx9rdr7n4vruqqe09pfg5ywmzdzq,207,207,207,0,1998002.3502939988,0.0,25500929.91625521,10M-30M,9652.185267120767,100.0,100.0,0.0
pool17dag45ldepvckqdxvvppwdy4w8qczsz0awtutqyj2pzashn3ds2,320,320,320,0,1991624.910530999,0.0,9433367.86249473,3M-10M,6223.8278454093725,0.9064687500000015,100.0,0.0
pool1ek9pyk0xwjelrw7uqktvjwqj8wlcqqftjxqeq3t2vffw7qm8efs,218,218,213,5,1980370.031891,0.0,23819821.403852478,10M-30M,9084.266201334862,100.0,97.70642201834863,0.0
pool12eht6dqxpzqj87xuextrpufz2gxmt4reuesuw26r2utzw0kw906,360,360,360,0,1963370.8195419998,0.0,12277595.371979432,10M-30M,5453.80783206111,0.07830000000000005,100.0,0.0
pool12wpfng6cu7dz38yduaul3ngfm44xhv5xmech68m5fwe4wu77udd,365,359,358,1,1959392.5029459998,0.0,11933827.095741874,10M-30M,5368.198638208219,1.7341095890410823,99.72144846796658,0.0
pool1k2224hj6uhdgkflj6ncqvmfhqvhlhj0t8crhqux5mphwwumupec,207,207,207,0,1956917.7995130005,0.0,24918923.319516823,10M-30M,9453.709176391307,100.0,100.0,0.0
pool1munms54eag8ul80zm9gprjjachydm0ex52vjfzsrcjwpcdavcdd,233,233,233,0,1956423.0282580005,0.0,17036130.95730471,10M-30M,8396.665357330474,17.884120171673764,100.0,0.0
pool1udkx9rmgzf08z7zz4p7ykpdqsdv5nf0w8uf38wrsdn5dzk9nq4g,385,385,385,0,1952026.0735819999,0.0,9056345.782844031,3M-10M,5070.19759371948,0.4311688311688314,100.0,0.0
pool13t8yafhx3mfnxs8nnkvgqnm9v5gspk7cdjc5dmpzpt0a6h294yn,207,207,207,0,1951126.0762229997,0.0,25527694.243324474,10M-30M,9425.729836826085,100.0,100.0,0.0
pool1j6dh3ynys827j38976q0q3s3c9hpzgx40kjcq4472h6m7d3t0hm,392,392,392,0,1950849.799243,0.0,9004161.86060295,3M-10M,4976.657651130103,2.999999999999985,100.0,0.0
pool1ptzl40tt9a6l2kp6fhjmzsg3t2maqdhwv6cnqu8kj6xgz3vw9us,201,201,201,0,1949046.7020299993,0.0,24260084.0494752,10M-30M,9696.74976134328,6.000000000000005,100.0,0.0
pool1f89cpnym44rfv52jj88f3g20axraw4g9g7aglnqsgjl220lpdd8,201,201,201,0,1946844.267124001,0.0,24177887.623456888,10M-30M,9685.792373751248,6.000000000000005,100.0,0.0
pool15wj590e6gsmpmttrxjd0emck09a0h9tazd2ww77q6duyvg8lyum,402,402,386,16,1940447.1027640002,0.0,8319749.352382618,3M-10M,4826.982842696518,3.0597014925372963,96.01990049751244,0.0
pool1ajpxqyq3p3aczgaxuc66lwtgzhrapzu6duk90dz0wz5twh9jzyw,323,323,323,0,1930574.2968099995,0.0,10979340.487682784,10M-30M,5977.010206842104,100.0,100.0,0.0
pool1h3aejp7fln74mwaraqjn65ve3j5zwqr7wk0pasct87wpkv0aspm,380,380,380,0,1924619.8837090002,0.0,9344428.843704488,3M-10M,5064.789167655264,3.168421052631562,100.0,0.0
pool1859zslu3scj23wxcamw0slkhn80waxwkdl4k8k0asyw7sfa8dv5,207,207,207,0,1919599.7798319997,0.0,25067222.295929447,10M-30M,9273.428888077293,100.0,100.0,0.0
pool1ztk6dcj2nc3plnujf3ek6jqngtx8hcryufz56lyumemlcy2xxn0,211,211,211,0,1908317.455803,0.0,22711370.51198851,10M-30M,9044.158558308056,99.00000000000021,100.0,0.0
pool1l7xwy6sswcpxcepf9m43sez4kwgrgxuw5ekhkavj3k2lv6njvec,201,201,201,0,1906168.1250349993,0.0,24180973.1400446,10M-30M,9483.423507636813,6.000000000000005,100.0,0.0
pool1lvgs6gdcgl3lgcc77wxmuyst8x4h9gxcth07pzry0rfsv5ntl3r,201,201,201,0,1905952.5767749995,0.0,24256244.238383986,10M-30M,9482.351128233828,6.000000000000005,100.0,0.0
pool13kd6k66rrrhsh4s9px92qxymsrkjcjy336lpg80tt38lk6r799y,29,29,27,2,1898192.8538440003,0.0,93086397.92586486,>70M,65454.9259946207,3.0000000000000018,93.10344827586206,0.0
pool1mhww3q6d7qssj5j2add05r7cyr7znyswe2g6vd23anpx5sh6z8d,358,358,358,0,1877696.6247810018,0.0,13122654.095295807,10M-30M,5244.9626390530775,3.1415811173184482,100.0,0.0
pool1zpdxs9nsrfrl9l2rywdfxsrqveqfzvqjsy2g24pmkpvkslky3v5,310,310,310,0,1874491.9928390011,0.0,12329087.189364983,10M-30M,6046.748363996778,99.99990000000022,100.0,0.0
pool197e83k4u53l6txk8yr83007efgavngua8wnwp00w3xrqw3pmr4x,349,349,349,0,1870005.216154,0.0,8209874.373877103,3M-10M,5358.181135111748,37.87621776504297,100.0,0.0
pool15plk69huszwt6mpamzacu07un6r5u89vhfyq5dvm8u39yhqq2dc,339,339,338,1,1867725.3599679992,0.0,10475077.809002466,10M-30M,5509.514336188788,99.43952802359883,99.70501474926253,0.0
pool1hkr5zcthjvcn3ffncc4jqk5ctxxfrk37h7uddqnvxd4cu872nrt,312,312,312,0,1866334.152731001,0.0,12317328.455406735,10M-30M,5981.840233112182,99.99000000000021,100.0,0.0
pool1n2yp66zk6m33sg8k20hsvmk9tw7xeeswzdcfxhnx9hm9jkxv5k4,359,359,359,0,1862874.3609239988,0.0,10304843.424273267,10M-30M,5189.065072211696,0.999999999999991,100.0,0.0
pool1whmm0hkxunyhxsr6dfjpx2tpvd05qhev820lx9vcmvqa5wjc6nh,405,405,405,0,1862577.2656170002,0.0,12947307.088559758,10M-30M,4598.9562114,0.12913580246913584,100.0,0.0
pool124lm97s6f4satl7xz0ulzgg6tv30tskry3zcntwrz68n60v5yne,406,406,315,91,1859856.3248950008,0.0,9458466.50245697,3M-10M,4580.926908608376,3.2179802955665098,77.58620689655173,0.0
pool1helzgcd9sjm9xtyh9mw2wy06gekh6r52s6mx987q0p8lvklwura,382,382,382,0,1856295.1180490013,0.0,9331064.207364107,3M-10M,4859.4113037931975,1.1924083769633504,100.0,0.0
pool19zkd9hmkgdjmx2xr0psuat88uuw25wsrktr2qe69v2uzqldfnmj,197,197,197,0,1854926.659028001,0.0,25117313.152544584,10M-30M,9415.87136562437,100.0,100.0,0.0
pool1qqenhz258k5k9nyjull6gkzg7s4f3ae8v7qxwpegeef9v0nsy3e,399,399,399,0,1843119.8650830006,0.0,8901708.18994144,3M-10M,4619.348032789475,0.9999999999999898,100.0,0.0
pool17038jcq6xdgjn0xsjx7m79rx52r7sucqwtr5j20tk23w5mjank3,29,29,28,1,1838633.500972,0.0,85628586.73656966,>70M,63401.155205931034,3.0000000000000018,96.55172413793103,0.0
pool1l6vtae673eltsx86sk4xxr3fnn9tk8e99jkrdvcmjqlc6cca4nk,251,251,251,0,1837463.960380999,0.0,18409735.162133366,10M-30M,7320.573547334657,99.98999999999971,100.0,0.0
pool1dn3q7re7v6rnr8jhfdn6nlsfsm4j6482a6dygwe73y9yw9dlj2z,168,168,40,128,1822056.370963,0.0,15306705.549929664,10M-30M,10845.573636684523,100.0,23.809523809523807,0.0
pool1wll3vr4v605eap9hpjfpda5cjegqfkjt8hrz3kkxpnffqejhav3,406,406,406,0,1816461.556811001,0.0,6487106.419039434,3M-10M,4474.043243376849,1.4278325123152615,100.0,0.0
pool16vdezg50c80dhs78jhfl0gpqr68trtmqy40xplw39t9mgk6vrkd,201,201,201,0,1811611.4417400002,0.0,24274596.072424296,10M-30M,9012.992247462687,6.000000000000005,100.0,0.0
pool1kjd9ff9u5ytq4atavv2dfsg3pvxqw8d50642pzmpn386zel0ka8,406,406,406,0,1807486.6935350029,0.0,7780052.084509376,3M-10M,4451.937668805426,3.671182266009837,100.0,0.0
pool1yyar66t9fw9dscj8huhredgwplcnf22zq7q7vugur0t5c9nzt97,79,79,58,21,1807131.5052319998,0.0,54350921.32312151,30M-70M,22875.08234470886,100.0,73.41772151898735,0.0
pool190a9js7lk9lvmrngre7w268z9tz9xs9yz77audvw8ag4jerfdhx,406,406,406,0,1804733.9796959981,0.0,7662081.663954879,3M-10M,4445.157585458123,2.7783251231526975,100.0,0.0
pool1mwp8ewtzmun0426v9z0h9um2amswgfzn78rckfl2fc3t5sy0m5g,406,406,108,298,1800745.2476579978,1084060.0382280003,8941293.331447087,3M-10M,4435.33312231034,1.0049261083743737,26.60098522167488,60.20063302334966
pool1z46azf72z9yjlq6rpngwn5syg5xup8jcwguu2t259ngl5cnv2ds,201,201,201,0,1798042.349226,0.0,24222798.406800665,10M-30M,8945.484324507463,6.000000000000005,100.0,0.0
pool1ewgnsmk42ljf00wytawfcl3dcash9f852u5fr92e37wqxutyksl,201,201,201,0,1797803.8934499996,0.0,25074481.28959356,10M-30M,8944.297977363181,6.000000000000005,100.0,0.0
pool1dxkf7k3qwnpgpxqfye8y9jvk7lver3fk8dq7c4dpzezyyx8cf5c,406,406,405,1,1794691.3230110018,0.0,7077213.214864741,3M-10M,4420.421977859611,0.3430295566502465,99.75369458128078,0.0
pool13h08lf24fjmxxg0mmuattjv8dvy0r6fc4hrqg4qmj38xsweexrv,122,122,122,0,1772202.6320539997,0.0,46014303.00180938,30M-70M,14526.251082409834,9.999999999999977,100.0,0.0
pool1yr0cv3dtmhcfgqa6yetvmf769ngk89e6tepecmjrmjl2jzcw2lm,388,263,263,0,1763506.531884999,0.0,10480700.540075239,10M-30M,4545.119927538657,0.49186340206185597,100.0,0.0
pool1q7k8mmnvsgthp94hpn8jrnacjewplvywq70eef90fv4nu7gedzp,381,381,381,0,1758416.1585040006,0.0,11266202.483311407,10M-30M,4615.265507884516,4.175853018372659,100.0,0.0
pool1zfhcfw8c3lg0vh0fy8h4y8e25cm7ter9e6sxqskpq0lzyy2wzvm,95,95,95,0,1757657.9836110007,0.0,36168591.52252063,30M-70M,18501.662985378956,83.36842105263153,100.0,0.0
pool1crts5gmqr34gsrn6wvrhfs9yqp0ynu8t2t4r350xp80s6pc56ue,361,361,361,0,1741625.9345780003,0.0,11082646.366611583,10M-30M,4824.448572238228,0.016620498614958446,100.0,0.0
pool1yl9plldxt500xfkfu6n3wggvnzcs5rshjyxq4dkea6m0kt7qg9v,123,0,0,0,1740998.9653109997,0.0,28579477.391373172,10M-30M,14154.463132609753,2.552845528455279,0.0,0.0
pool1ue4ngerz28nkpstsr5p53qvl5ulq3jtmllj4my0d0n28yyrn4l4,367,367,367,0,1735093.5331800017,0.0,10702338.369549243,10M-30M,4727.775294768397,0.9945504087193368,100.0,0.0
pool1zgjk3dzwcwd02juqntuzknr368hvxjxy8l8uzkxvgu4252d7ekf,95,95,94,1,1734311.1902900003,0.0,54187695.32407781,30M-70M,18255.907266210528,2.9999999999999956,98.94736842105263,0.0
pool1jakl9kqhx87ywc7fcxweaxvna9khxhzyh6v8j70u6zpaxa45ghh,128,128,128,0,1731157.2086360008,0.0,45389521.46936254,30M-70M,13524.665692468756,100.0,100.0,0.0
pool1d9g45764jtjzagrmy5ndtrx4pua7l9sr4nh08l3mqs43xe6wnh9,386,386,386,0,1726663.3117739996,0.0,9161876.868305031,3M-10M,4473.221014958548,1.5725388601036183,100.0,0.0
pool1qq2vm2xpcj9kf42z4cnw3djancv48sx42chwvgxkjq85ceu8k0x,188,188,188,0,1706595.8126990001,0.0,14013898.561483568,10M-30M,9077.637301590426,2.0000000000000013,100.0,0.0
pool1gx6eawfvnhckevmlzhfz9j3uzj92j2wgww0mdd2fu5d4zd4wvaa,379,379,379,0,1692560.7128429997,0.0,7535120.915675489,3M-10M,4465.85940064116,1.84894459102901,100.0,0.0
pool1pzkgztz8y8tgd9tpfu7umep97x7m0c5ck0dpn2vqtf202fyhfv5,406,406,229,177,1687061.3793060002,0.0,6411145.617628339,3M-10M,4155.323594349754,3.2500000000000204,56.40394088669951,0.0
pool1ar6nsa2uzng70uf8fdrttu5jhgxzgu2f4za8h845zr435nfcruw,296,296,296,0,1684386.7609470016,0.0,13556084.35609017,10M-30M,5690.495814010141,0.8412162162162156,100.0,0.0
pool1eqxnk8mylmksd9amjlyhseax8lcux09ck3etcvlalfzhuu7qvzp,84,84,84,0,1677471.7650559999,0.0,39471645.60810868,30M-70M,19969.90196495238,81.32142857142858,100.0,0.0
pool1jyutduy73e5u9877uns3k9rm0tf4r24j8lrn4xtkjpl3q5sn5mw,406,376,317,59,1668477.6574069993,100858.56630199998,8372147.370395066,3M-10M,4109.550880312806,2.1134023944099347,84.30851063829788,6.044945573843971
pool1k6knum588fm9fe5tmljeytyx65rv6h5jn8au824t86zt62nyd9e,406,406,406,0,1659309.749924999,0.0,6696438.619826853,3M-10M,4086.9698274014754,0.9926108374384134,100.0,0.0
pool18e545ehldchd8qr8qx7q7m5dljzaky2twxrynx2z29ru2mt6pv4,293,293,214,79,1657949.8216869999,0.0,10993833.17802214,10M-30M,5658.531814631398,6.600682593856634,73.03754266211604,0.0
pool10jn0wjlh9y3w2ygq84u2llvlnxfz3lc4g0ssqlmpp3w3y2d2lw5,406,406,405,1,1657292.9262200014,0.0,7814193.052108031,3M-10M,4082.002281330053,5.000000000000037,99.75369458128078,0.0
pool1luyjjta9jja0nvh4wzqt4jvtesrlt893dj4c7x533dvfq9zshvp,194,194,180,14,1656432.4464899995,0.0,23070156.608760342,10M-30M,8538.311579845358,2.0000000000000013,92.78350515463917,0.0
pool1qetkrhjs9fll3nthuxk6zp0ssanf3rszg5wh8x79mg67gsg7vjv,369,369,369,0,1647725.188806,0.0,9911051.858774947,3M-10M,4465.379915463414,2.999999999999988,100.0,0.0
pool1dhf4dt395f0c0ujnscazvzvw73ynzgwvtf5k4y9c907hwjdyaq4,356,356,356,0,1634078.2306490005,0.0,10053865.683983462,10M-30M,4590.107389463485,0.0,100.0,0.0
pool1qy4t7rc2v5vjljaruh3stlsng78se4v0yuv88v8jphd3qmcmff4,60,0,0,0,1632131.8533549996,0.0,54142341.024173744,30M-70M,27202.19755591666,2.6083333333333307,0.0,0.0
pool1us8dkk3y8j00qq5kscxxklyzwt74jgav226s2rtgaqxek7h8vc8,314,314,314,0,1627534.7901810019,0.0,11242826.165409612,10M-30M,5183.231815863063,3.999999999999971,100.0,0.0
pool1pzqdfptvl5f8vh28az37jag2wkfmqz9x8d6eufl8y0z9q34hlr7,372,372,372,0,1608986.2934989997,0.0,9093556.525026992,3M-10M,4325.2319717715045,4.088709677419315,100.0,0.0
pool15f9qklmaajysmwx9n3rkgc5s2g3rfffz4x8spnedtzdgq43tpe2,406,406,406,0,1608206.8436130018,0.0,8179969.65306923,3M-10M,3961.100600032024,2.61576354679802,100.0,0.0
pool1mn6relcs7dn2fqzfq5yjlwxa49d900p5sdpw62jlx45k2djgwe4,406,406,241,165,1603838.347975,486247.0059340001,9030754.17940959,3M-10M,3950.3407585591135,0.6896551724137936,59.35960591133005,30.317706678352817
pool1q0jmr57udknpq8k5qtgt5vgdjq9pzrzevf68966wxn8zgz7qy3w,372,372,372,0,1602979.577777999,0.0,9885040.17105605,3M-10M,4309.084886499997,1.7399193548387142,100.0,0.0
pool1q7wrwstqkzhrffdzpw8ftfd4epmxywdjnp8384atjcnezchv242,404,404,404,0,1597819.0528390019,0.0,7401603.070233,3M-10M,3954.997655542084,1.679950495049492,100.0,0.0
pool1maknvmsdvk240a7w8rclvq2lu5pzk906cuh9cw7j30z76ff257u,277,277,276,1,1593492.5461769972,0.0,9376765.262719622,3M-10M,5752.680672119123,2.3077617328519864,99.63898916967509,0.0
pool1vz9eysr66jhsrt9h2zqmc42hr2ucfdtt0v597uxwdc24gqsjyw6,208,32,30,2,1588929.1166120002,0.0,9546966.436385866,3M-10M,7639.082291403847,100.0,93.75,0.0
pool1qku2yhky7sv4dfjfv42uyvauhehuqevk25aw952d7ulzqzx3jcu,377,377,377,0,1567051.1995340001,0.0,9924321.758460559,3M-10M,4156.634481522547,0.49999999999999517,100.0,0.0
pool103w4na57zyunn2s7r8cgrnqgsn3tskj4w69yx3alx4sezphv53t,157,157,157,0,1564840.1698160006,0.0,24895805.239659335,10M-30M,9967.134839592361,27.99363057324819,100.0,0.0
pool1kks6sgxvx7p6fe3hhnne68xzwa9jg8qgy50yt3w3lrelvns7390,387,387,386,1,1559703.0245090006,0.0,9964982.09433125,3M-10M,4030.2403734082704,2.7390180878552726,99.74160206718346,0.0
pool1wm5quxelvgk8q50jyfznf9asvelp9zf0tk2wu4jazlw9yj4uctw,406,406,405,1,1558274.638498,0.0,8316415.834566412,3M-10M,3838.1148731477833,2.690886699507395,99.75369458128078,0.0
pool1mmrh2l3t5r7w5l7e82ven0e595vhgvu0hyf4ttrgcyejq8gwqcm,377,377,371,6,1553724.2288790005,0.0,8272905.075307401,3M-10M,4121.284426734749,25.961538461538,98.40848806366049,0.0
pool1l0pmgdsymmdntuyan4snj88q8nm9axemwefu5ymkuq2s6gr90cn,390,390,389,1,1550835.2383439997,0.0,6127889.7077942835,3M-10M,3976.500611138461,1.5307692307692227,99.74358974358975,0.0
pool1yh7ksvg54nger73ldnf22cgwyh0dnm4aerahdd0kdukjqeacy32,107,0,0,0,1541048.7385630007,0.0,43322857.994569115,30M-70M,14402.324659467296,4.99999999999999,0.0,0.0
pool1dmpzsnuwxy44ky3dskuhmwpglumy6j0rc5wyfxlu3zym798f79g,98,98,98,0,1539010.7190849998,0.0,31939282.43668738,30M-70M,15704.191011071425,66.84693877551024,100.0,0.0
pool1853ffwhtuka742fq4av7s3ssdpvzhdkpw53th3es36zkwrllj9g,309,309,309,0,1535590.1798890014,0.0,10848362.604005503,10M-30M,4969.547507731396,0.0025889967637540453,100.0,0.0
pool15zn2lqq4849ujttuthaycpamnyr8ae9k2pn2fkrlfzzsx4ek0tc,387,387,385,2,1534854.5217799998,0.0,7663722.236001935,3M-10M,3966.0323560206716,2.0258397932816523,99.48320413436691,0.0
pool1m0drnjxsvnlesq0rwmur2rh6lenuql57jfzd6cf6aegj2cv7ugy,227,227,226,1,1525866.567138,0.0,19397810.25418661,10M-30M,6721.879150387665,34.905286343612374,99.55947136563876,0.0
pool1pnzwgsgzd6t4788sfr7dxjyusepyq9xaxnpyfcngewqf29t9ayd,405,305,123,182,1520730.1990510009,553431.6619029997,7548024.6986063225,3M-10M,3754.8893803728415,1.0780246913580287,40.32786885245901,36.3924950164312
pool1f9sru9g2f2am9p5tekwt0e7yrvqcatt4f7eq95uc95jcypw03hl,115,115,115,0,1516601.6909160006,0.0,20846089.75458692,10M-30M,13187.840790573919,2.9999999999999933,100.0,0.0
pool1mq2q0fjekk5lt8j2krryf5rvwx5z4l5l0r6afhhj0mtg23ylyuk,244,244,244,0,1514901.4961029997,0.0,16354383.690352248,10M-30M,6208.61268894672,1.9999999999999933,100.0,0.0
pool1h6q8jj55dn6727yydlypu0rz4sflf2enxhs0thqydmddgu3shl5,351,351,345,6,1514351.9990120006,0.0,10699277.06556963,10M-30M,4314.39315957835,2.065527065527069,98.29059829059828,0.0
pool1lp9wmr8dkcceta5we999nvlfh9um06cd6sggtt5523eawf7mtg4,397,397,397,0,1508878.4468800006,0.0,8610646.945117097,3M-10M,3800.7013775314877,1.3425692695213935,100.0,0.0
pool1rw29y8c5md2rm4ynkrqhpm9saatd0a0xzyyc6xudelgkww5junh,337,337,337,0,1506409.0130600003,0.0,10048501.412664818,10M-30M,4470.056418575668,99.99560830860574,100.0,0.0
pool18zn7wa345uytjgds9hypn3jugnzqtfm4cny7anskkcmgwwxtwca,386,386,190,196,1501315.4941770004,1079720.1685619997,6885765.362970617,3M-10M,3889.418378696892,0.9999999999999901,49.22279792746114,71.91827252498229
pool1p3chxyfv5cfk95hwq5zqjuljrpyk3uk5ua5alpn8rjgkkvvy8ne,324,324,324,0,1496099.843474,0.0,10359221.508536097,10M-30M,4617.592109487654,93.88425925925966,100.0,0.0
pool1jj2hvts3ryffy5txm7w0am3zt7s7sehdf8rrwfesjmr7shv0mgl,387,387,385,2,1496085.7237619995,0.0,7286629.252796083,3M-10M,3865.8545833643398,1.0051679586563207,99.48320413436691,0.0
pool1g4th3pqfzh4zajzrhlh8y6wpuztrkzxwt5wd7q578894j06gwfc,376,376,346,30,1492991.8048930005,1394.313437,8325916.386820445,3M-10M,3970.722885353725,0.3859042553191485,92.02127659574468,0.09339056198636853
pool15mn5v9ceclnx89f3p8w4fs0xv4h9dt4y4vn9djxvulehcdg7329,132,132,34,98,1490097.666437,0.0,16584365.842926841,10M-30M,11288.618685128788,100.0,25.757575757575758,0.0
pool1gecx8vya3f8lyre2gn9w53547p0rhkmq0x78zrw956lkcvn8uyp,147,147,146,1,1482632.681801001,0.0,27262331.331347667,10M-30M,10085.936610891164,100.0,99.31972789115646,0.0
pool1qzlw76zztkg02rywyypyw6s0gtkg2zpkaxhl6cq7eauqg8h9659,369,369,369,0,1475139.935453999,0.0,7733899.206339973,3M-10M,3997.6692017723553,2.5000000000000173,100.0,0.0
pool1yxkhe2zp9rccyc3a79lxev5u585r3z0qqyl3qpx0t04hxhmlqgp,345,345,345,0,1473651.276714,0.0,7386074.451203921,3M-10M,4271.452975982608,5.999999999999983,100.0,0.0
pool1prc9hna2mgamtspchrygc66s9n4tlkvh39e3t9zccef4kzc3ns2,319,319,319,0,1461783.6840809993,0.0,12177624.071613466,10M-30M,4582.393993984324,0.9667711598746043,100.0,0.0
pool1c3kxs76qj58284f923cx7ed8vw25en3nfghyurv0z9m2g3x9c4j,299,299,299,0,1460414.4461009996,0.0,11360736.354674328,10M-30M,4884.329251173912,4.499999999999995,100.0,0.0
pool1jcetszf3sh39hc8nezj5pzj3ukg4fhfjwdqkmwg8ern8u3c4y7v,86,86,86,0,1452883.0817869997,0.0,49305102.39625164,30M-70M,16893.989323104648,5.999999999999995,100.0,0.0
pool1fsck5keruz5n4qyes46s9rvrnxcrn8hukemgxazzlxpp6g66fzh,387,0,0,0,1436681.915498,0.0,6388057.847522915,3M-10M,3712.356370795866,5.999999999999972,0.0,0.0
pool1xkwnlr34tjrnkz6u4c0p36cju3xuls4dyynsdkf6cv22ksuhz6q,227,227,151,76,1436384.8393130002,909107.5198300001,17572049.692483034,10M-30M,6327.686516797357,34.905286343612374,66.51982378854625,63.2913614059594
pool1ayfjmnrv5vg6tfducvysn360re6qfwuv2rhc4ph6jk33ztuxlhq,386,386,386,0,1426931.9726320012,0.0,5752132.970625068,3M-10M,3696.7149550051845,0.9067357512953289,100.0,0.0
pool129hymvzfw4ns3keud8zd9pdrpxa54jghsqh2j4jjxh4dcljet2f,150,150,150,0,1423439.8534249996,0.0,24158631.89467369,10M-30M,9489.59902283333,3.500000000000008,100.0,0.0
pool1y49e700dnx8lpvznmysgzw203mjq6l7um85ka4ys6x0zcwgs77w,386,386,386,0,1419794.791741,0.0,7356799.358614544,3M-10M,3678.224849069948,2.999999999999986,100.0,0.0
pool1jldj0znj8rltkuj4sumqq5z6p8sdt3yk4qde90q42daru5kgfl6,153,153,153,0,1418252.6364920004,0.0,25369682.90389968,10M-30M,9269.625075111115,100.0,100.0,0.0
pool1646vlaras0deljthqtfl9dpdw2xsna799l0kayyu9v44cql4ky0,380,380,23,357,1416679.149957,0.0,3893575.319037885,3M-10M,3728.1030262026316,100.0,6.052631578947368,0.0
pool1u60gvu8qr69z4vx9wuqelxfhcuvjuxuvxyj9edf8rkmns0405ny,387,0,0,0,1416074.336091,0.0,6397739.837715806,3M-10M,3659.106811604651,5.999999999999972,0.0,0.0
pool1ha70qvqwnmnwpa7e575y9tgyx47aw29rvkz73mnf42z5wet5dr3,380,380,23,357,1413730.4881949998,0.0,3893573.954419153,3M-10M,3720.3433899868414,100.0,6.052631578947368,0.0
pool1mvl09pgsejrudghjhq79qurugrvqy3pceznp7f9vz63n7ku7jqx,300,300,300,0,1412248.891533,0.0,11081439.2025673,10M-30M,4707.496305109999,0.0,100.0,0.0
pool1ufp38a9zwlvvrzcyxaxdrvav50nd7az5lyuzh4t0h3qp2gqamsx,374,374,374,0,1407670.3393739995,0.0,8534453.058021732,3M-10M,3763.8244368288756,0.0,100.0,0.0
pool1dkww2vlysa8lsnuf5rca979zdsyr3zvt59hu7e420yxfunkka2z,406,406,30,376,1405664.331256998,1194935.1856679986,5977586.721119173,3M-10M,3462.2274168891577,1.9103448275861907,7.389162561576355,85.00857275075356
pool1qg0g6hv2e50wevkqj34g0cya4f9audctayzp8wqwhxtdjnhn3tt,387,0,0,0,1398174.810998,0.0,6296337.398215358,3M-10M,3612.8548087803615,5.999999999999972,0.0,0.0
pool1wthsvhhxueqfd9eqjdj8pgyprhr4gptn5g63z9rdrtelcfumnvg,153,153,153,0,1397993.6336769997,0.0,26190380.456147376,10M-30M,9137.213292006534,100.0,100.0,0.0
pool1hnaps49hfe3uljp4cleu4amhes6wvatufyvgt2tjdtj3xjrgknk,153,153,153,0,1397420.4108530004,0.0,25728933.968321737,10M-30M,9133.46673760131,100.0,100.0,0.0
pool1a5ld0eulnjxwpg6qyjs6hxzqwj0esft7k0qsf6nj8pkfxy5lml3,66,66,44,22,1395878.626094,0.0,50242858.8936649,30M-70M,21149.67615293939,100.0,66.66666666666666,0.0
pool1fgp4f4afdrq26axqlnm80fz49hdkyq4am3ca3r33w0w8sw2x8ap,153,153,153,0,1394004.503475,0.0,25434757.496669315,10M-30M,9111.140545588234,100.0,100.0,0.0
pool1xsrcztc0td5cx2wafkumwayw02nq0z67ta6vpte3swz7g4ta2f2,60,0,0,0,1391095.730681,0.0,45068019.292263426,30M-70M,23184.928844683334,2.6083333333333307,0.0,0.0
pool18vyjg6jlyt2jywae7ndzv0f7xkrsexxgyhunxrlgm3zaku0327k,387,0,0,0,1390233.9371719998,0.0,6351813.738935311,3M-10M,3592.335754966408,5.999999999999972,0.0,0.0
pool127xwsah7jllutuhen8vl7sve5278h7hhxtnys3cl438dyhuwgjg,392,392,389,3,1385222.2597900003,0.0,6023953.878393965,3M-10M,3533.7302545663274,2.186224489795894,99.23469387755102,0.0
pool1zj4h7kc6v53q9r8x3fwzfuayf2frwme8u5k86gu0uzeeuvqxgul,371,371,370,1,1384016.4144120002,0.0,7922614.530678373,3M-10M,3730.5024647223727,2.9999999999999876,99.73045822102425,0.0
pool12jqfrwhuv2jn0uymwmud2d63gp5drj08fjfart9dxgpu2tmj8a0,380,380,23,357,1382054.878103,0.0,3893575.319037885,3M-10M,3636.9865213236844,100.0,6.052631578947368,0.0
pool1xmftxwzqqkug8uzl2n2yvxhm6k0tx4rjtel92wjgvrlfk0uqy8c,405,405,82,323,1381532.9444420002,0.0,4891822.684592515,3M-10M,3411.192455412346,10.000000000000075,20.246913580246915,0.0
pool1zxklu387uqpzpteqfk48enkuwyjvq0qawc2wvrdym540zk0yqps,387,0,0,0,1375399.5627629997,0.0,6341899.544755107,3M-10M,3554.004038147286,5.999999999999972,0.0,0.0
pool18xjkr4xpscwxsatewj9lqc6z74vw90qycjd0wrypeqej673j5u8,335,335,335,0,1366082.7387570008,0.0,8091658.287799499,3M-10M,4077.8589216626888,3.00895522388059,100.0,0.0
pool1vv6fqj33ppkzslv3dkcyamavr2pdhpxv83e647dz5ltxykmgl54,60,0,0,0,1365154.8435899997,0.0,47336217.75938079,30M-70M,22752.580726499997,2.6083333333333307,0.0,0.0
pool13mxx49xrq4hp6mca8qrzxxmjhfrts0ayh5n6ff9uyuusq9cx4d8,153,153,153,0,1361366.5417119998,0.0,24697665.202391654,10M-30M,8897.820534065359,100.0,100.0,0.0
pool1ksh2u6kktx74ugv8jadrdqttwyjz9074ke82xt6j0qgfvdn43a5,390,390,146,244,1360555.2557459997,259948.13875200006,5667711.635507768,3M-10M,3488.603219861538,1.0307692307692202,37.43589743589744,19.106033191534667
pool10pvwz69qz468m79ysw8qjcav5z830sv4zmeprru2n4anyuxwj9l,387,0,0,0,1356493.702965,0.0,6326992.484499388,3M-10M,3505.151687248062,5.999999999999972,0.0,0.0
pool1dqzprrl8305mlysnh85znqpe22lg0q2d9zest7jjhugajuf46kv,254,0,0,0,1355718.9721569996,0.0,10879650.913450453,10M-30M,5337.476268334644,5.000000000000018,0.0,0.0
pool1xn63858ej0gcs4tkjm2e3a2fgjrecfxtvzq3465ypl8ywkx7gcv,309,309,307,2,1355048.3288030005,0.0,9307306.320613917,3M-10M,4385.269672501619,27.13122977346257,99.35275080906149,0.0
pool1ye53d6kl460egekdnunjl4tx5zhs5puze8nqkfxyjuae7364w74,387,0,0,0,1354110.860827,0.0,6307539.505199448,3M-10M,3498.994472421189,5.999999999999972,0.0,0.0
pool1q80jjs53w0fx836n8g38gtdwr8ck5zre3da90peuxn84sj3cu0r,406,406,380,26,1353405.948704,59526.950136,7692014.388105373,3M-10M,3333.5121889261086,0.5812807881773382,93.59605911330048,4.398307114949661
pool1kdfznpenxa9wwcz8tweump45k5h78h8hl4slv78fdypsug9ypc6,340,340,340,0,1351464.630088001,0.0,8060185.510522807,3M-10M,3974.895970847062,1.3888235294117632,100.0,0.0
pool1x9q4jf3zwftwygeeulku8xtlywmtmzwxjk2g3fz3j5mlwjqnr3p,262,262,262,0,1342553.3541099995,0.0,14525019.973416472,10M-30M,5124.249443167937,3.000000000000008,100.0,0.0
pool17jss6muzegagwnlju4t0mxsk875eu6r0uwr7mfamf2xcvrwk4tc,148,127,38,89,1337026.610325,0.0,14191980.262091657,10M-30M,9033.963583277027,99.32432432432432,29.92125984251969,0.0
pool17arjpr44uwms8vn3lumnknwyefjrcqnqw8jgq6ymuvsdjcucyfu,74,0,0,0,1332289.2285779999,0.0,38135701.82377407,30M-70M,18003.908494297295,2.587837837837834,0.0,0.0
pool1pjmqlsyny06w0x60rfd3seul5xc9pluh3t08y55ylhks28jeh7c,153,153,153,0,1329789.6711130003,0.0,23646926.606032934,10M-30M,8691.435758908498,99.89999999999976,100.0,0.0
pool1x9tc05u8dqefrdyw9pgxn72szr7p2peyd7xgqs3l28s76f59c0y,323,323,323,0,1328345.9578990005,0.0,7583233.0876844525,3M-10M,4112.526185445822,100.0,100.0,0.0
pool1yl76e0fhq0kcfy2jqs2mt6hl9xeyrnesehqp0p4s896lwv7hrta,386,94,94,0,1326914.8532999998,0.0,6217891.263655577,3M-10M,3437.6032468911912,0.9481865284974005,100.0,0.0
pool1pyegru75d64xgg4jh83904nst8fs8qz6mvtxquatv44rkartevc,344,344,85,259,1322282.135946999,750848.3905180001,7568908.841852636,3M-10M,3843.8434184505786,2.4610465116279046,24.709302325581394,56.78428000392318
pool14ga04y2dec7vmahzstd2c5mjsw7vq0v62mwclqynvy2wsc5g40p,357,114,81,33,1321693.6349850001,0.0,5637737.926995655,3M-10M,3702.2230671848743,100.0,71.05263157894737,0.0
pool1gr5pa4shzsyefw445qrpn5pxnuxa8tuev0jquz04acdx6efjpvg,222,222,222,0,1314160.2728860003,0.0,11901080.156227846,10M-30M,5919.640868855858,3.909909909909896,100.0,0.0
pool12qtv7kyrx8g0d5890alk6dkc6n6nyfx80synspvqafjrqd3ergz,353,353,353,0,1312348.1075990007,0.0,7827152.142265721,3M-10M,3717.700021526914,0.05665722379603399,100.0,0.0
pool1jql92je87mrx5gpjhmwr6a8a766cktcf5p0p8wd0wxq87nu80yf,371,371,371,0,1308313.9035359996,0.0,7224925.431634447,3M-10M,3526.4525701778966,1.8665768194070096,100.0,0.0
pool1t8gjk7jzvujfv9s8q992e6s7tp8na0q3j62g7s4ppzfmccus4jk,406,406,405,1,1305089.7746120025,0.0,5882703.842176078,3M-10M,3214.506834019711,2.8990147783251086,99.75369458128078,0.0
pool16f95up5u5lyqne5mnxmlhe0rgdgmya27mph288r6gw0ukegjffa,116,116,116,0,1301506.9613230003,0.0,32962711.89674588,30M-70M,11219.88759761207,0.0,100.0,0.0
pool1pj7r0wlu29sa56t2ujdm2vfl2yx77jaxwyw7wrptatuq65skf66,213,213,213,0,1300192.4131519995,0.0,13115323.404963296,10M-30M,6104.189733107979,29.53051643192477,100.0,0.0
pool18j287g2sccele52hhxc0csk2ghfghwndqm9yahdqnhjks840wtq,331,331,331,0,1294926.1289399995,0.0,7982856.753323496,3M-10M,3912.163531540784,2.500000000000015,100.0,0.0
pool1a44j6jas4sjhh3qc96r8rmhsdjxjuntuzxr3440jzwjjcysl9ca,348,348,348,0,1292895.3197529998,0.0,6267816.918507709,3M-10M,3715.2164360718384,15.821839080459519,100.0,0.0
pool1a7gj89pcxm7h63le3hjkneappj3m5kuqeg4t8fa5rn5d6z2nhkx,288,288,288,0,1291943.2197439997,0.0,9024057.030028915,3M-10M,4485.913957444443,3.0000000000000027,100.0,0.0
pool1dpu6kslgxlg3ccrwxldl8e6r7ylnq0yalafmucp0yc7k6qegtt0,406,406,406,0,1287189.8044439994,0.0,7136327.574220332,3M-10M,3170.4182375467967,1.3252463054187242,100.0,0.0
pool1a3u8zuz7fqavxgl48s8k37w8w6njk7zevlzyfjdlzxfexjcue6a,101,101,101,0,1284083.8332029986,0.0,17529084.885891225,10M-30M,12713.701318841571,3.386138613861382,100.0,0.0
pool10p3g22454ly7eaurlur5wc9d9ual2fnfwy7a6e7k09z3yf929k9,406,406,405,1,1277625.229202,0.0,6125452.696084112,3M-10M,3146.8601704482758,2.927093596059106,99.75369458128078,0.0
pool1du3r4a7xq60hg2x0wcz7lw5ya3qs74rk258c8kanp93rsqdqu45,403,403,403,0,1274338.508126,0.0,8548477.291998517,3M-10M,3162.130293116625,0.19851116625310178,100.0,0.0
pool1lxqewhueg4hzyad766zhdwsjet5348ww8mzejf6fprxaw8wfq5s,320,320,320,0,1269186.6645210008,0.0,9508727.693384236,3M-10M,3966.2083266281275,1.9999999999999847,100.0,0.0
pool1wvaj307ee8jfewv9qjtgk0q3elmpe5lz4n2dec2303062f7dc4c,65,0,0,0,1269179.0846329997,0.0,58294303.7243617,30M-70M,19525.83207127692,4.999999999999995,0.0,0.0
pool1v9gqa6n4em4aly7ew2trvhgrath4mrsp9tyc290l638nvqs5aej,380,380,20,360,1262821.406637,0.0,3385715.2650526315,3M-10M,3323.214227992105,100.0,5.263157894736842,0.0
pool1fts0a4clzu7wyhdqw48cpg2kwvstzeqddtwj34pxfw9jgvznu0q,369,369,369,0,1259213.6470790002,0.0,5591915.654390301,3M-10M,3412.5031086151766,7.499999999999953,100.0,0.0
pool1s7ddsvuw09dvk7et6t842vhdfcmq893y88y3ev9attn67mruf5m,342,342,342,0,1258777.60851,0.0,9580697.539855294,3M-10M,3680.6362821929824,2.9999999999999925,100.0,0.0
pool13t6cwz9hhr8xm29pc94zyg5tx3kteqeu8gw2nc3lhzatqegzp6z,34,34,34,0,1256409.4936479998,0.0,58913261.450245395,30M-70M,36953.22040141176,98.99999999999994,100.0,0.0
pool17h6slydr6rd9vquqa38p5cf9xqnpc24w6a99rhllcjzljgugx6x,298,298,298,0,1254797.6117660003,0.0,8401084.362419523,3M-10M,4210.730240825505,21.093959731543393,100.0,0.0
pool10eltx2wej46e62ulmwzm35xfu0azu47yvpjper7gwhncqe74vg6,406,406,406,0,1253341.624972,0.0,6706782.750349635,3M-10M,3087.0483373694583,2.9362068965517163,100.0,0.0
pool1tjaz8a62743k5tzdd8lyd0sgf2lcvtk09jsz9etvas82zdamc2q,380,380,20,360,1247991.1071229996,0.0,3385715.2650526315,3M-10M,3284.1871240078935,100.0,5.263157894736842,0.0
pool1hfxjswx4wnpfmdad660hvzx4knjhf32uwgg6wgsnqp98x9zz927,380,380,19,361,1222328.459084,0.0,3216429.5018,3M-10M,3216.6538396947367,100.0,5.0,0.0
pool1njhlmv87adsanft5sjuvz5a9pgyew76mxqa0w9c762af570g5ht,129,129,129,0,1220924.8717950005,0.0,19577419.73865049,10M-30M,9464.533889883725,100.0,100.0,0.0
pool1y0lq6rjckxxly36gf3wdsxzjzg97mq9c90una3vfq8pu77g7zkf,406,406,170,236,1219818.9203120007,0.0,4774557.390748942,3M-10M,3004.480099290642,0.16256157635467988,41.87192118226601,0.0
pool1w4am4s9w4gkt8r0245km62vtnnv9hhq6j68exzh2pyaxxfaq0gc,386,386,386,0,1219105.4827800018,0.0,4953161.16906649,3M-10M,3158.3043595336835,0.9481865284974005,100.0,0.0
pool1eaeynp2hs06v4x8q65jfm2xqcd3dc80rv220gmxvwg8m5sd6e7a,338,338,338,0,1218790.0670000003,0.0,9941285.92004582,3M-10M,3605.88777218935,0.23964497041420135,100.0,0.0
pool177ukluyy3tq6mphkp7kfpe6ku48rs8x48le7y23quee0xqmal06,201,201,201,0,1217987.0900840003,0.0,14549188.394990057,10M-30M,6059.637264099504,6.000000000000005,100.0,0.0
pool14nxj3szga2tgllwenjgajfl3y4t570yghhyk36d2heuqvy63wl3,261,0,0,0,1215082.036629,0.0,9558143.804012565,3M-10M,4655.48673037931,5.000000000000019,0.0,0.0
pool1s582f6vgrqacgjmydguwvzeu7ya7lvpctsd2nfqzmtjmjhge7sd,102,102,102,0,1211779.8935309995,0.0,23795456.43808466,10M-30M,11880.195034617642,2.9999999999999947,100.0,0.0
pool10pktmr26fpvrt77j7m5mchqlt0mjmmfvt7ruvdewkcpasp0nzkl,380,380,19,361,1207286.281252,0.0,3216429.5018,3M-10M,3177.0691611894736,100.0,5.0,0.0
pool1vqm5n5d503uumuc89s5y4wuczrwe3tlgylt2u2uj7y276avr5pl,366,366,366,0,1204943.2644780006,0.0,6139916.139725542,3M-10M,3292.1947116885262,2.7622950819672067,100.0,0.0
pool148ajvsw7z9mhgw43tqvgmfrv22azvm638knkqghqv497xvdl2tk,380,380,20,360,1204866.987271,0.0,3385717.6252847784,3M-10M,3170.702598081579,100.0,5.263157894736842,0.0
pool1gdng276yudrye9s4qrl6ylwwnyc5fagtcp44pwcqmgy62zng607,141,141,139,2,1204211.4924559996,0.0,12917082.635251233,10M-30M,8540.507038695032,3.899999999999996,98.58156028368793,0.0
pool1gu33fszp9ek0w9fkdt2xpnp4vznvvv2vhktc0dypa8fr53lc9pc,406,317,317,0,1203160.6601399998,0.0,5295955.29641107,3M-10M,2963.4499018226597,0.9999999999999896,100.0,0.0
pool1szy2tdjj8a4av365wk3q2fqg9srllmt0383e6v9p664ng076x9e,325,325,325,0,1200444.964152999,0.0,7981603.039897755,3M-10M,3693.6768127784585,0.4307692307692311,100.0,0.0
pool19ae6xhzsscypyha0sszv90xwjsh20hxecxjpcqynshfawvwxqnn,406,406,406,0,1198371.9130689986,0.0,5691258.746637903,3M-10M,2951.654958298026,1.7999999999999856,100.0,0.0
pool1e827fy8efd7n9zacdknhtr2n5rqmry5up05mqgqsjkmmzjmzrf3,380,380,20,360,1195208.2789,0.0,3385715.2650526315,3M-10M,3145.2849444736844,100.0,5.263157894736842,0.0
pool1cspe7naf0mtntwyysqxk6czah3jlh6v4cja8pdfju932yxsehnm,366,366,366,0,1190874.2913100002,0.0,7563236.9714496955,3M-10M,3253.7548942896183,0.29508196721311497,100.0,0.0
pool1kkwd6say8twq3z9e36v57adw02j2x52ascd6eumxy5zd66qm4fa,402,402,402,0,1190722.6332259998,0.0,4425465.067185472,3M-10M,2961.996600064676,2.999999999999984,100.0,0.0
pool1945aw7069upf9xpt6uvkctrj8uwju3q89f67e6g9mm2jx3xcy59,219,219,38,181,1187921.7291089997,131473.72349899999,9742721.101338677,3M-10M,5424.300132917807,98.64383561643835,17.35159817351598,11.067540922718184
pool1r3ax7pd3cgad5kttench60ttr23kvfpx3vzvd6c3azppgw7q93t,161,161,161,0,1182089.2683259998,0.0,20059360.58494202,10M-30M,7342.169368484471,98.99999999999999,100.0,0.0
pool1xaudqyen24fz02vhu9qa2ry44suzfk8z3lh7sc6qx7c3gpweww2,387,387,315,72,1176786.5711490004,16522.702724000002,5013794.68380561,3M-10M,3040.7921735116292,0.7964082687338491,81.3953488372093,1.4040526233969028
pool12ktz62g9d32nq0cdk9jyyqg6kquj7lnmx776at5h598supql0t2,350,350,350,0,1173588.4253440008,0.0,7245960.403848925,3M-10M,3353.109786697145,51.75714285714286,100.0,0.0
pool1y9xftc4cq0svcv0gjdtusnvllrg5v5rn0d24g8r4m7tnsem6ve8,380,380,19,361,1172641.2435259998,0.0,3216429.5018,3M-10M,3085.898009278947,100.0,5.0,0.0
pool1kcw2kqj27qe7ntsz9fhvyvyvpf7prclwc5jq4cw0qydh7cygcek,380,380,19,361,1168548.071795,0.0,3216429.5018,3M-10M,3075.1265047236843,100.0,5.0,0.0
pool1q0memmdw4ktr88fkma53tqgkaqeq3wfc476le59rped4cu8tn4h,406,406,406,0,1164604.1654570003,0.0,5191849.542714401,3M-10M,2868.483166150247,0.0,100.0,0.0
pool13r377w5pmy4tmhuvw0cf9q23asslzjytsruwa27tdnflq7hfjgk,33,33,33,0,1163792.054958,0.0,56906321.69424006,30M-70M,35266.425907818186,99.03030303030297,100.0,0.0
pool134d4ndkh0q43mykqh922k0khrrkm7rlpkj834ju6kwja6dmu2f6,201,201,201,0,1161968.207653,0.0,14548488.575609284,10M-30M,5780.936356482587,6.000000000000005,100.0,0.0
pool1e96dkrs5msjuycwz4mf0kq6fytlz0x48mnrur5ggufqkzs2a4kp,201,201,201,0,1158530.3572309997,0.0,14515602.20911679,10M-30M,5763.8326230398,6.000000000000005,100.0,0.0
pool15dl6y2cz5qr6sr4px42u9q6pnpamvyvncfv2rcpaklelvdrqct4,102,102,102,0,1153550.3773419997,0.0,23201167.418786526,10M-30M,11309.317424921566,2.9999999999999947,100.0,0.0
pool1hjjj584gq0ynqf06g036a4a0stpm90asrdfskpasqjxf5948ygv,406,406,406,0,1151601.8512810003,0.0,5081489.003481913,3M-10M,2836.4577617758628,2.068955665024627,100.0,0.0
pool18xu4fh88v4naq5u3x9ya5aevfkrfd7a8a4gw6sejdvjnsrpud2a,79,79,79,0,1147367.0560539998,0.0,45260884.24715356,30M-70M,14523.633620936707,100.0,100.0,0.0
pool13xh3tgwzhr3hn25v5m2dnvqnfcmnzghcfah5t7kzufkywuy7w7v,406,406,53,353,1146761.1269229995,601634.2062040002,4848379.293551565,3M-10M,2824.534795376846,1.0517241379310232,13.054187192118228,52.46377751034436
pool197na7w0h8hjc8wdvwys7nsalhtpctefa3m23udeqxpfk6nzq8l9,51,51,51,0,1131353.4946489998,0.0,68067593.06587873,30M-70M,22183.40185586274,3.000000000000002,100.0,0.0
pool1cpr59c88ps8499gtgegr3muhclr7dln35g9a3rqmv4dkxg9n3h8,366,366,366,0,1129877.3023109995,0.0,7584568.924491389,3M-10M,3087.096454401638,1.0054644808743076,100.0,0.0
pool1lr5ku0p3jhykdf3a2kcr0tyra30qvzrtl02dr6uyv98rxdsy3k9,385,385,385,0,1125282.0881910005,0.0,4740694.73715382,3M-10M,2922.8106186779232,0.03532467532467534,100.0,0.0
pool1j6490a90qefvsqxdurf99z9ld50rtthaz9ms6c8xh78s52veuq2,381,379,377,2,1109292.2030479999,0.0,6318969.393032576,3M-10M,2911.528091989501,1.1417322834645534,99.47229551451187,0.0
pool16dxn8c697qrqtzl3xe695trtde2hvgw0qtd65208ruaq70hv4ud,400,400,314,86,1109211.5109930001,26830.928205,4971416.630844388,3M-10M,2773.0287774825,1.9999999999999791,78.5,2.418919019419491
pool1newmccddazerzanrdeeelvzk6vzh9stxn5n8ravshqa05n0t83u,173,173,173,0,1107223.845056,0.0,14986014.057210939,10M-30M,6400.137832693641,95.04832369942176,100.0,0.0
pool1zeya2r53sxmqh2ux3ssfsrqerergnw2hjxmp63r83ntwverpqwm,374,374,373,1,1103008.298817001,0.0,5713649.330925402,3M-10M,2949.220050312837,1.122994652406405,99.73262032085562,0.0
pool1r8938r4ts8f4t8nsp9xl9dktzapt7f67jgpsp4wrju39xrdnaye,406,405,405,0,1101585.123799999,0.0,5402592.49821294,3M-10M,2713.2638517241353,0.838177339901483,100.0,0.0
pool1zx909vz9qe73avvpd0y7qqcwz8fffvnup6yuq2e8hql4svk9xr7,363,363,363,0,1101156.7990800003,0.0,6151488.1572780805,3M-10M,3033.4898046281,0.0,100.0,0.0
pool1tcmk6at0dmkytxgq5j4u7fgsx9kytvfu7gz22lrs8hp9ztu7arw,364,364,364,0,1097737.0505690007,0.0,6415001.224015487,3M-10M,3015.761127936815,10.00000000000007,100.0,0.0
pool1yl46tklt9df02cf653fv74x2klucj3fc6mhm05n3enpk7lgxfjv,106,106,104,2,1095254.772294,0.0,24090142.892079044,10M-30M,10332.59219145283,41.35849056603756,98.11320754716981,0.0
pool1szgruqm2dlhkh5qh7rft28xz9gkxj6rzfncsuquf3vm37k63kqv,380,380,17,363,1094213.596317,0.0,2877858.0187669396,<3M,2879.5094639921053,100.0,4.473684210526316,0.0
pool1dghwejqptsjtf9k8paspg9rhl8humxx0nh7sk37j0ada2dr9mqh,227,227,224,3,1089451.970663,0.0,8504136.835742656,3M-10M,4799.3478883832595,93.19383259911889,98.6784140969163,0.0
pool1ezh8sewqgzy7267yvy0jssz8q7amce37x3dhmfl22j8lwz6wjrd,372,372,372,0,1086235.020272,0.0,4860010.9754694365,3M-10M,2919.9866136344085,2.0483870967741735,100.0,0.0
pool1efxh54fk0dj5uu2e4eu08klxl5ys3saphv3kec33kw3xv8738sc,382,382,382,0,1082197.6269329994,0.0,5100857.562624224,3M-10M,2832.978080976438,2.5000000000000178,100.0,0.0
pool13jf2uxjk7c2cl6nfllvnrdd6sv4eeq9zvwx23u3wrf97kvufj7x,309,309,309,0,1080619.4893380003,0.0,7356039.582641884,3M-10M,3497.15045093204,99.99217864077701,100.0,0.0
pool10scv5quxduhrcc26wpurhk743dngspe8dc3zpkkam0svyx6ejx3,293,293,293,0,1079885.6604899992,0.0,8960499.052754786,3M-10M,3685.616588703069,20.0000000000001,100.0,0.0
pool1gr7jlqk9kmhwuztdwcwf6nyr2teeq9r8h4y62ev0xrrvyvwly64,254,254,144,110,1077491.5107040002,82329.63302999995,9184779.388082296,3M-10M,4242.092561826773,20.590551181102175,56.69291338582677,7.640861409312476
pool140hfh3ns34wzjcyz0wcmx3du493cwl3c92hsr0z8kns5gts09gf,59,59,59,0,1072403.9321129997,0.0,25037059.850396022,10M-30M,18176.337832423724,2.257627118644068,100.0,0.0
pool1sj0plznq9nnduxp82aa8crchfety7kzcryqdmn6860xvwwzzc4w,120,120,100,20,1069283.2747020002,129253.23465999999,12899530.728133708,10M-30M,8910.693955850002,1.0166666666666675,83.33333333333334,12.087838435144487
pool1jpz5m45ff4r6tnq7n5tw63fkhpmw3cyv8sn569w24x8lj3kl68c,402,402,402,0,1060678.8327660006,0.0,4915400.11182451,3M-10M,2638.504559119405,1.0273631840795912,100.0,0.0
pool1lhgjma5lejn65er7lxfsqxa0lgcv9r9wrntse9wjm834qp89chh,235,235,164,71,1060387.8748119997,74976.62871799999,7458640.736675216,3M-10M,4512.288828987233,1.0255319148936137,69.7872340425532,7.0706795597123255
pool1tp7fzx8w3lrwwuwff9x7nlqr4r5n0awpq0krwnahvj387n7y22h,332,332,332,0,1056603.2441980005,0.0,7398381.81743387,3M-10M,3182.539892162652,99.58825301204891,100.0,0.0
pool1hmmt5a9vyjtkz0tk6ywyyuhumt57hts5m89m9avgyyupveaejfr,231,231,231,0,1055238.3720099998,0.0,11511845.762841735,10M-30M,4568.13148056277,0.0,100.0,0.0
pool138s0uwydwtrhkaqj4uwkh37yqw098v9v6nf5q08k9nugumlf8mw,238,238,238,0,1050058.0333949993,0.0,10938563.827283835,10M-30M,4412.0085436764675,0.0,100.0,0.0
pool1c4padx3e59x8wgxpsh3208rkf8fv4v6ez2rx503de93n2jl0njw,37,37,37,0,1048033.7268959999,0.0,51978608.79360731,30M-70M,28325.23586205405,6.0000000000000036,100.0,0.0
pool16nz6k74zsm9x5fyh2wa0pt9cn75hfscfvqsxup0vl0vqqthwnkz,33,33,33,0,1046313.3738689999,0.0,51405486.619035825,30M-70M,31706.46587481818,98.99999999999994,100.0,0.0
pool1wlmyl6csyc5m9sxezcladq3ttty4hja9mue63dwdh5g7ymucukl,315,315,306,9,1045871.9905719999,0.0,8384296.191626106,3M-10M,3320.2285414984126,3.685714285714263,97.14285714285714,0.0
pool1lyh8e725vttnkr5eylgfap7pmnmkrk0wznpkfl8qxahyqe2agcu,318,0,0,0,1043993.263093,0.0,7190060.264312891,3M-10M,3282.99768268239,100.0,0.0,0.0
pool1flkcdxj7cq6sfgl4fujx50p20ylqgj02kgwvfj4g5w24s6th8vz,199,199,199,0,1041704.8335609997,0.0,13980834.023025513,10M-30M,5234.6976560854255,10.000000000000005,100.0,0.0
pool1q3snnww4ggayr8hd6gd83ypx982yhwlhywlcew7yxq46jzyst2g,380,380,16,364,1041302.0571880001,0.0,2708786.0246174843,<3M,2740.2685715473685,100.0,4.2105263157894735,0.0
pool10xk8jp4m2cztf69x9gvg3j33x5drkrz2hulsjes29wktcfcxdls,201,201,201,0,1039209.255918,0.0,13882588.245183097,10M-30M,5170.195303074627,6.000000000000005,100.0,0.0
pool16peur3vpmak6c579excrqumfz9486zd56svshdclhre3cv5z848,125,125,123,2,1037059.1979910003,0.0,12096551.92620378,10M-30M,8296.473583928002,12.56999999999999,98.4,0.0
pool1xtrwqwu6jn896szjwsyxxjczl6hc9sq4lh5ax68f7dt3gc0y9rx,310,310,309,1,1025820.6223340005,0.0,6844880.185771921,3M-10M,3309.0987817225823,3.9999999999999716,99.67741935483872,0.0
pool1pmknsy9yqh06fpmduf8vzcvkzpllygjj8uzkjccgvewtq9uc53k,380,380,16,364,1014177.9071719999,0.0,2708572.2120421054,<3M,2668.8892293999997,100.0,4.2105263157894735,0.0
pool1tj3u8pz6732uy2ut3s90e0j880jyu9j0ve9vtu9zj5xzglhdlqy,324,324,324,0,1009333.0255790002,0.0,6890937.855570927,3M-10M,3115.225387589507,0.0,100.0,0.0
pool15l03wrccy4wc3z9rfthd4y2mzy45genw5re7lvkmaynwuafr96u,32,32,32,0,1009040.3454939998,0.0,59036834.96299577,30M-70M,31532.510796687493,6.0000000000000036,100.0,0.0
pool1cew2q6pge250exctkq26lyl0w95923xxa54thd79nv8xy9j3xe6,406,406,404,2,1006737.0085729995,0.0,4892854.547143822,3M-10M,2479.647804366994,1.906403940886683,99.50738916256158,0.0
pool18jqumjfevywycjj54m62g74ghds4mmuyqynpwfkaem0xktazlqw,268,268,268,0,1006416.4830649995,0.0,9479661.133927282,3M-10M,3755.2853845708937,1.9999999999999902,100.0,0.0
pool1j0j39t2dfmkflfnvresds8vlfhwg75qwufa95u55nw376ky29r8,380,380,17,363,1005578.65034,0.0,2877857.9752947367,<3M,2646.2596061578947,100.0,4.473684210526316,0.0
pool1pk7cjkcdsawxf25dwml0ely8vhjx7wp7nqans3jwatanceyqae0,385,385,385,0,1004346.5187730006,0.0,4637532.6171441125,3M-10M,2608.692256553248,1.9701298701298515,100.0,0.0
pool1c86ul4pnqvu7jzag8fjdy6dgrn6pt4ad4vmyq038hyg0wl2kaed,293,293,293,0,1002252.886359,0.0,8547664.330440331,3M-10M,3420.65831521843,0.6143344709897615,100.0,0.0
pool1l5c0jhhlknegjgqzpyq78f9dqn6dxkzmc3548hnk96xqcf7spx2,113,113,113,0,1001484.7789680001,0.0,21968405.027419325,10M-30M,8862.69715900885,4.999999999999989,100.0,0.0
pool1kwj2h633h4jxqs9jw60hdk6u20natf7rfux0sp65xl59vh5tytl,33,33,33,0,996399.0984919998,0.0,57259589.48143488,30M-70M,30193.912075515145,6.0000000000000036,100.0,0.0
pool1258yqnsegc3k7raqcdkxu4893aqexxljflmg9g96yfha2qytayv,363,363,51,312,995225.5767989994,599429.9636089993,4421794.823172309,3M-10M,2741.6682556446267,0.9449035812672096,14.049586776859504,60.23056255617746
pool1u32x2td5hd9q02k9rhuse38sstxjs5n2exgt0h0hgehdyuw9xsf,33,33,33,0,991471.8521569999,0.0,57255495.72799744,30M-70M,30044.601580515147,6.0000000000000036,100.0,0.0
pool1lqxy8cefgwspslwmvjcvu6xddmqwvy5jm8m4z5aveyjcx7hf4fy,33,33,33,0,985298.8609060002,0.0,57253618.398523085,30M-70M,29857.541239575767,6.0000000000000036,100.0,0.0
pool1les50pm26wpf8gym7cda470xgfswukzhyykvhyfsfl4dcu2ezj4,339,339,339,0,975829.1109729987,0.0,6204778.34854723,3M-10M,2878.5519497728574,2.9999999999999925,100.0,0.0
pool128r8qqgl9zgy3ff4759a2qslyauu5takaec3nxx4a6mvj3ys8da,386,386,386,0,975244.5750779993,0.0,4538259.172051846,3M-10M,2526.540349943003,0.0,100.0,0.0
pool1nw0cj8zd2m6uu73msp7a5sjnht7ap3pe73kuqd7cjwsmzyhflex,219,219,117,102,971713.6899279994,72826.77255499997,10546738.277548479,10M-30M,4437.048812456618,98.64383561643835,53.42465753424658,7.4946739260611
pool1t5zgwakxfmqxgu7l65fk45u33frlqrvgsvzn7demdy0ejgrhq9a,380,380,16,364,968845.9539090001,0.0,2708572.2120421054,<3M,2549.5946155500005,100.0,4.2105263157894735,0.0
pool18qahj5ggudguk69g9aaztf5dvapmazql4hdvd7v0947j7gy4wqf,212,212,211,1,964787.0241329994,0.0,12463534.518685192,10M-30M,4550.882189306601,1.6556603773584917,99.52830188679245,0.0
pool172fsazvg6zrpkj7c8wklsp7lrn5yxjvhru4enddvvfnyx343dyc,380,380,16,364,960533.7059320001,0.0,2709450.93021043,<3M,2527.7202787684214,100.0,4.2105263157894735,0.0
pool1kp0wl7kxn0zt5xtmld72s98rv6ejpufvl39qk26h99nqshmkmge,380,380,15,365,959708.124784,0.0,2539286.448789474,<3M,2525.5476968,100.0,3.9473684210526314,0.0
pool1dqlgn7smehsnj5ztz8almy2036lfhrdjv79nmg9tmje0zzt620h,405,405,272,133,957780.6336240001,192950.43311500005,4023044.009034098,3M-10M,2364.890453392593,1.321,67.1604938271605,20.14557679924309
pool1tv83dxhj3tfssxvzfxv830kg3r5ysyumylyxlagheytpcdsyu2m,32,32,32,0,957454.1514010001,0.0,59037636.63672413,30M-70M,29920.442231281253,6.0000000000000036,100.0,0.0
pool1nphru2ce5suy3fhvn03wp36mwjnm889ufsep42nat232sh87dr5,32,32,32,0,956669.2167469998,0.0,59033426.628525026,30M-70M,29895.913023343743,6.0000000000000036,100.0,0.0
pool1gpz25s2aasmqnh9tg8a2rxmyxuvmj5s779htxk295e9ajnzjflc,406,406,406,0,954944.8911399991,0.0,3915281.122473433,3M-10M,2352.0810126600963,0.08128078817733993,100.0,0.0
pool1fpvs8h5q5kwpz4k2yd0vw90dgdxacr3ef508tzzewm0kysdt4eq,265,265,265,0,951351.858888,0.0,7774963.411268573,3M-10M,3590.007014671698,100.0,100.0,0.0
pool18hkq2t8ss45h4fkr92f52flhc4mpzedx5mcz4xhnpj0dzp76028,389,389,389,0,951242.4822140007,0.0,4686918.167736884,3M-10M,2445.3534247146545,0.3734190231362385,100.0,0.0
pool15hx9hze8ulcsw6e7ceelz2pem2g3u9c29wqe4eszkhspj3wcdlx,298,298,296,2,949739.5188610002,0.0,6424871.777367046,3M-10M,3187.0453653053696,21.09731543624138,99.32885906040269,0.0
pool1qdjx5xeeu6288ftmhmdr0c6mazkua7m07cydmr78ymfhz7jj7g4,386,386,386,0,948662.5857359999,0.0,3817862.504218274,3M-10M,2457.6750925803103,0.9067357512953289,100.0,0.0
pool1gctelcfktanxhqfjw88vjp9v0ayumd6lr3re38pjw3kvvc8tanq,380,380,16,364,942064.3023719998,0.0,2708572.2120421054,<3M,2479.1165851894734,100.0,4.2105263157894735,0.0
pool1j6xfryctrxm4aplw3vnrtgfsvqdr35exenxqse5kzxmfue7qqmr,51,51,51,0,939016.7249480002,0.0,57079495.35941545,30M-70M,18412.09264603922,3.000000000000002,100.0,0.0
pool1y86v7u4544ts98g6d34nwz75d9llejardpmqz40rnufwkmmpjef,83,83,83,0,934190.07355,0.0,16667142.286495611,10M-30M,11255.302090963854,18.7590361445783,100.0,0.0
pool1t6n7rysk6wzm9wqxda6zxpzmm3j6256fs3mp06dc26n6503hhj4,123,123,123,0,919703.2734880003,0.0,22036083.980249174,10M-30M,7477.262386081303,1.0000000000000007,100.0,0.0
pool1t94qdjkuu5qmtpxuljrnsvjdctgf0sr6vfu34eqseztajsxhsw8,182,182,180,2,918714.5272729999,0.0,10553617.179911248,10M-30M,5047.882017983516,2.0000000000000013,98.9010989010989,0.0
pool1hv59awqky90plv68xun2k3rd7jqfe5y2c4ry8f7p0x9pxhd7wqr,79,79,31,48,918640.4717149998,0.0,29048484.23253079,10M-30M,11628.360401455693,100.0,39.24050632911392,0.0
pool1q426xdlg94lcpgrnmfs8dkp9hu08my5rvw574mum96jhg8yhd5v,76,0,0,0,918459.1520880004,0.0,26833666.29495383,10M-30M,12084.988843263163,100.0,0.0,0.0
pool127gdv243hfcrapslaqq0nnh64u2gts72gtrt4888g6g2z0zsu64,387,387,387,0,916998.902892,0.0,4349738.783986625,3M-10M,2369.506209023256,0.8759689922480548,100.0,0.0
pool1df9rj4n0t3zlpak7xnh4ue6t3yh9zlw7a02w4l8askp77up25rt,406,406,406,0,915672.2197370005,0.0,4661315.316817852,3M-10M,2255.3502949187205,2.074507389162539,100.0,0.0
pool19ht066hngsjfnv3mfsc8u9fgzl4w5qcrmh8l6zppwph6s2t7jn4,404,404,404,0,915113.0630509999,0.0,4467788.506444304,3M-10M,2265.1313441856432,2.2079207920791823,100.0,0.0
pool1gntlh2yq89tpsd7kgaeuremj3s60rscqahyl52qzv0x87mt22rq,325,325,325,0,914573.5473119996,0.0,6321315.28689828,3M-10M,2814.072453267691,0.0,100.0,0.0
pool15pmdr6nw3g6mmt7regefp2lrx3njah0gpwsnqm794c4wsr23062,406,406,406,0,909037.7064009993,0.0,4795078.477513689,3M-10M,2239.009129066501,2.773399014778332,100.0,0.0
pool1qa2h3hha0m5he0429ym7tqvsn89nsddvn7wgkx3v8g6hsstdzc0,357,357,357,0,908693.2123209997,0.0,4924970.4450477315,3M-10M,2545.359138154061,1.6759103641456576,100.0,0.0
pool1t9m69j5thv2ke9jt9hhsgxlag44z7erp2s2ukcpruwhwqarc9np,406,406,245,161,900437.8457100004,225826.56763999996,4328645.390340561,3M-10M,2217.8272061822668,2.442832512315264,60.3448275862069,25.079639723709573
pool1mc6f3tvzp59yfn2przflkq9q6k00g0hfpyck5t5whjs8qdcjuj3,287,287,287,0,896930.2424750006,0.0,4385539.154830252,3M-10M,3125.1924824912912,0.8386759581881481,100.0,0.0
pool1svv9st22dywp9exwsltt7cdc4v2dyrf4zls00jesv2lzvpz45jh,384,384,384,0,894652.7568970001,0.0,3867999.587893026,3M-10M,2329.8248877526044,1.9899999999999867,100.0,0.0
pool1twd9vvegn3fqq0f4n08p3aml2ud8q87njs49900rycj4sr5hhcy,402,402,396,6,893654.5179019999,1620.242109,4474199.574091951,3M-10M,2223.0211888109448,1.0074626865671537,98.50746268656717,0.18130519977717824
pool15676jwlm6gancffzs2jg9vf5xwzmspyktw75dl4kaucyst4qt8q,355,355,68,287,892735.0817740001,841391.609286,6197510.067019922,3M-10M,2514.7467092225356,54.43898591549288,19.154929577464788,94.24874483637713
pool1y6gnk7t3n6rvpr67f68mehxgqs5x24n0esz9l5j7m4aqzn4e0qw,51,51,51,0,890280.7545259999,0.0,50618270.59123395,30M-70M,17456.485382862742,3.000000000000002,100.0,0.0
pool1yyv7vx5zhhsd60jp4tl72vpznwvpvjp35m4z7jr42ugkxmndyv5,406,406,406,0,887599.2037430004,0.0,3662704.9416131875,3M-10M,2186.204935327587,1.8381527093595886,100.0,0.0
pool1nhhsh9yhlrvj9e3nce0zpx0xm2xlt6tx7gqakhr6hjc8wy84sat,83,0,0,0,881783.134257,0.0,31456870.59291846,30M-70M,10623.893183819278,26.337349397590344,0.0,0.0
pool1tpr44v3pxth9j0ff246dvsryxpanxwx52f024ws3ecvn72sgv55,406,406,109,297,879792.50316,677602.858487,5810184.657295935,3M-10M,2166.976608768473,0.5320197044334979,26.84729064039409,77.01848516021856
pool1mm7avcuw8v6f86esqtt6xx6rkagryrfq22y994snes832rjs2mt,125,125,110,15,876392.6645689997,0.0,10368519.769807702,10M-30M,7011.141316551997,12.56999999999999,88.0,0.0
pool14zdqqv73f9xa9re9pzc4sjvgmycf0dm4zclj34zupj032ggnjdw,54,54,54,0,870978.6413310001,0.0,28442966.770119842,10M-30M,16129.234098722225,53.18518518518515,100.0,0.0
pool1ea34czsr90yc63fmv4gj4tetp7ds7c4jhpj6vqg4yw40wvygdl3,380,380,380,0,870345.6420580004,0.0,5210882.333632651,3M-10M,2290.383268573685,1.43157894736842,100.0,0.0
pool1qmsck80ldwm23t4t5elxc857r82ph3urkt7tpyq65ntn2dv2ust,228,228,228,0,870298.4778359995,0.0,9732749.950820023,3M-10M,3817.0985869999977,0.0,100.0,0.0
pool147tju4482jtl253lgqq88fkefdugcuhaumf8m0rcj8uzxu846qm,74,0,0,0,866901.4878749996,0.0,36410175.80145106,30M-70M,11714.884971283778,4.999999999999993,0.0,0.0
pool1l5kwfudnqrhw3k4lwzcppu36nun9puvvr7xnanuz8a2zx4jaek5,393,393,393,0,865789.0478500003,0.0,4356900.27478642,3M-10M,2203.025567048347,4.1999999999999895,100.0,0.0
pool1dy7tz7eyf2qal2jcns4qwm4xqn34gc4rj9dz34kfs6zuju477k7,406,406,406,0,865157.0626270009,0.0,4226525.523189196,3M-10M,2130.928725682268,1.0541871921182258,100.0,0.0
pool1666ysrjachd7m7ns85vgv3kgclqpj8m74e6kjywwhgswyw3lcpe,126,0,0,0,863750.5402239999,0.0,13760049.379768047,10M-30M,6855.163017650792,2.5515873015872956,0.0,0.0
pool1ara3azv0r57eugvm0p9qspun6eg482lem59txknf3nwwu6h9ptg,230,230,230,0,861446.1962959996,0.0,7244538.808219247,3M-10M,3745.4182447652156,3.999999999999991,100.0,0.0
pool1mnalcegg8lv2rkf3hqnwva2fxg75j3hs9mdzqc3tvxpjzcpmvcc,142,142,142,0,861112.226171,0.0,8875048.386942636,3M-10M,6064.170606838028,2.0000000000000013,100.0,0.0
pool135h773klt7djljmyawkh88e8qc457wxqfhc6j9h6y9n4y3sgh7t,232,232,232,0,860030.2669689998,0.0,10195373.234020542,10M-30M,3707.0270127974127,0.7241379310344833,100.0,0.0
pool1q5q3rld4nll02w8sqhf9582jcf22t99yt27z0pqksvpnv4rdra9,51,51,51,0,856212.2447120001,0.0,49622046.443070665,30M-70M,16788.475386509806,3.000000000000002,100.0,0.0
pool1429egqgv60r3nxlp6cvs08qcffv7duddjvyjd0pt6wzhj7akda8,401,401,401,0,856118.2861459999,0.0,4331641.183270996,3M-10M,2134.9583195660844,1.1147132169575933,100.0,0.0
pool15mv5w2vvfv2kplkrt40ylylyvdudv5axq5nyw6ln3v0gkd2auew,406,378,373,5,855972.3475500001,0.0,3320303.586315868,3M-10M,2108.3062747536947,2.428571428571416,98.67724867724867,0.0
pool19r4ef6n0xkw3pvztuwd44ymrzrkylyralnf5rudnc7hnvvddyqz,380,380,13,367,854131.7448300001,0.0,2200714.9222842106,<3M,2247.7151179736843,100.0,3.421052631578948,0.0
pool1fmgus36uc0jf0wlspfvzwfn04mz34kwrensmqgfzkv7t58dejw4,381,381,380,1,853738.7991460009,0.0,4641780.89088029,3M-10M,2240.7842497270362,0.9999999999999903,99.73753280839895,0.0
pool10fxpa6wkv0wc6wcmahcnz4wvvfx9m7547sevxrge3nfuv7yh8m0,354,354,354,0,848608.1594700004,0.0,5671960.191544703,3M-10M,2397.1981905932216,0.018361581920903956,100.0,0.0
pool1fu567g42mlv9f7enek7zeh94c0aht98w44du7s29t0elzd9yazz,406,406,406,0,845031.8151630001,0.0,3322107.3168654153,3M-10M,2081.3591506477837,0.9999999999999896,100.0,0.0
pool1v8lgn85mfvj0hhslfjz2u0nut43ahkhuzhfcm5aexjkewn8krle,380,380,14,366,842583.3418990001,0.0,2370002.321009719,<3M,2217.3245839447372,100.0,3.684210526315789,0.0
pool1hqwxta8p0j8ffkyle5mf6yg80tucqzh8q9mszws60xe5ja06nwa,381,299,188,111,837678.4336370003,147570.98248600002,4634554.192441597,3M-10M,2198.631059414699,0.1634099737532809,62.87625418060201,17.616662499627925
pool18872nzahx0h2f7j58pxrn5rjektn8na8p4amv08x2xj8qkht30g,406,406,406,0,837068.2856080001,0.0,3958738.605326037,3M-10M,2061.744545832513,1.1970443349753548,100.0,0.0
pool1qqqz9vlskay2gv3ec5pyck8c2tq9ty7dpfm60x8shvapguhcemt,110,110,110,0,832616.1894229999,0.0,11312430.810312917,10M-30M,7569.2380856636355,2.5929090909090875,100.0,0.0
pool1zwgnmfxj9nkqdfxxq6dxfe68hqn7mjl2gk2tk5hvu9uxqrtdw5e,222,222,222,0,829788.5770840001,0.0,6599545.03203134,3M-10M,3737.7863832612616,4.109729729729709,100.0,0.0
pool1vphx7ph5rayjxuuqmwqhlw32pl3m6lstcr5jz0ecajdc528fjdt,289,289,289,0,829214.3891840002,0.0,6396886.313882552,3M-10M,2869.2539418131496,63.03004152249143,100.0,0.0
pool10mf43thtl3keag50mrlvqa78xkwg7harmu4w5yzr3k7jvw0ap43,406,406,268,138,825753.5459960005,153995.86421399994,4145987.6065726015,3M-10M,2033.8757290541885,0.21871921182266021,66.00985221674877,18.64913144614529
pool14rnkjjate6rqa7f9xmezgwne99n8hlahg7ymcyhzkhus758r3h7,164,164,164,0,823719.6374610001,0.0,12541413.135193208,10M-30M,5022.680716225611,99.03048780487806,100.0,0.0
pool1k7zrx5rw6cvef9m5qtp9sy4e53u93kwqx73ykz7md9gmwgf56yk,193,193,193,0,819923.6005299998,0.0,11188279.463005709,10M-30M,4248.308811036269,1.0000000000000007,100.0,0.0
pool1srdjughnhp8xnn0wlf7gj7v9k8lmzl9ht4vhksp5qqc66fnpccj,186,186,186,0,819245.0712819997,0.0,10518568.182260238,10M-30M,4404.5433939892455,35.32258064516112,100.0,0.0
pool1l54qvzlg2jfalkcram9kxsa8vcmgy0fz845q5gptjq8k20kzg2r,357,357,357,0,818132.7179559999,0.0,4541140.469678569,3M-10M,2291.688285591036,0.999999999999991,100.0,0.0
pool1qqq9tqyj69j9kygpxza3h82ynh8d0xlueucnu2yqum8nse8hj7y,406,406,406,0,816723.1042270003,0.0,3516799.1966621038,3M-10M,2011.6332616428579,1.1481527093596058,100.0,0.0
pool1vtf34mujsfrr8wesg8nvmnupk7npz7f287whltv2ga4wc2728mf,279,279,279,0,815635.7581559998,0.0,6051949.462748092,3M-10M,2923.4256564731177,20.260143369175623,100.0,0.0
pool1k6zdhtvhtfyrgmkmsd0lmxzzeeh46jd37yktscaxpry9vwaxq9x,102,102,102,0,808903.669014,0.0,15528712.72318373,10M-30M,7930.428127588235,2.9999999999999947,100.0,0.0
pool1tjr4zpndkvwkw3du3fvt59f5men6jhuevt7rpx6xw0wcct5kl04,402,402,402,0,806839.8804870008,0.0,3660051.8571937927,3M-10M,2007.0643793208976,0.0740298507462685,100.0,0.0
pool1uy07qyf0gzzua2glqspyvyevwpe8tamajnqj6c7mjzy4v3m4kne,26,26,26,0,805756.4630169998,0.0,76328850.1154024,>70M,30990.63319296153,100.0,100.0,0.0
pool1kv53mzjwqjp4aw48rczj8vm6hejwfnfwa634czyx5tw5qq3tata,392,392,392,0,804683.8711670003,0.0,3736810.959280722,3M-10M,2052.7649774668375,0.99999999999999,100.0,0.0
pool1hw3cgyx7tvxh2fpd46k9sqgruu5pfnzt4nxuyv2w7nlmusutda2,397,397,397,0,803282.9208029999,0.0,4136741.1225871397,3M-10M,2023.3826720478587,3.3329999999999846,100.0,0.0
pool1yctcnexnjqq25ve5jh2dh6zswz98leafjcq356lfspsdk9z690e,83,83,83,0,801592.3155279997,0.0,16458184.823558165,10M-30M,9657.7387413012,2.000000000000001,100.0,0.0
pool1x4vcdmm394m9d80le2sv6wc66snp9849h2964389u4uz654lzma,289,239,229,10,800159.950584,1241.524709,4161302.0652790917,3M-10M,2768.7195521937715,1.999999999999988,95.81589958158996,0.15515956629594724
pool1mg37s4w4uzsmw27nsnz2mwfll8sdawngvy3n657t7nd0yjcd77e,325,325,325,0,799964.9945649997,0.0,5778891.357714414,3M-10M,2461.4307525076915,1.9999999999999845,100.0,0.0
pool1u2lghnv4ae3zy73ysjlgvxwj7tuqpmyfavk74j48g0gnqnyc692,350,350,285,65,798395.9471049992,44046.29344700001,4646053.015622234,3M-10M,2281.1312774428548,0.1271428571428572,81.42857142857143,5.516848326536829
pool12hh4dvqyxhlv3lu9mkyvpnskma642fj3zv3s8xlau42ak9m60hf,80,80,78,2,795498.6234609998,0.0,14691940.115538437,10M-30M,9943.732793262498,0.8375000000000004,97.5,0.0
pool1pfdd8d8n7jx0xnk4uev3x36se87c747w6l2d5x7fanh5w9evhw2,366,366,366,0,791520.8767639998,0.0,5343643.998687366,3M-10M,2162.6253463497264,0.10928961748633884,100.0,0.0
pool1cuccvs6vdlrxw67kwvzdx3gcl3ha0402mkhhseqmre7u7vdkwev,406,247,246,1,790800.1019789998,0.0,3183068.0936361332,3M-10M,1947.7835024113294,0.33337438423645327,99.59514170040485,0.0
pool1x5ge78ks6jc0j8nsfwyqqhk2ukxlkvz7zxlm9utgk6405hh490n,369,151,30,121,781180.109546,0.0,3231086.8291752785,3M-10M,2117.0192670623305,100.0,19.867549668874172,0.0
pool178yk6ddgn3z0d04mmdcth430hpp4pyx06jyelvh6xdkngm68rmk,213,213,213,0,779467.0582439996,0.0,6798032.211523343,3M-10M,3659.4697570140825,3.979999999999982,100.0,0.0
pool1qqqqx69ztfvd83rtafs3mk4lwanehrglmp2vwkjpaguecs2t4c2,406,213,0,213,775300.9323109998,248435.1101669999,3616506.434849141,3M-10M,1909.6082076625612,2.4477832512315296,0.0,32.04370068619291
pool1m3gg43uhtetn4hmw79u8836dyq8qe4cex8qnn6mks5egza7n6tp,355,355,355,0,775180.1053610002,0.0,4631649.814296618,3M-10M,2183.605930594367,3.646507042253508,100.0,0.0
pool1sjqkktr2uhgpu2tuy8hsz4eupqpup0r79yy83weu3hk22na5c7w,119,119,119,0,770835.7344420002,0.0,14990843.594766343,10M-30M,6477.611213798321,2.4999999999999947,100.0,0.0
pool1h4gwh638485yd0xcw0pkrm935nvm4aecqsxjx2yzzz0u6dfj73q,322,322,322,0,770485.3875450003,0.0,5068355.19022846,3M-10M,2392.8117625621126,15.13577639751553,100.0,0.0
pool1c2utlagkpht4zj0jetsf245c258geuxnjqp9kf4f2z9rutx9dz4,374,374,374,0,762475.5820580001,0.0,4418919.549209127,3M-10M,2038.704764860963,2.64438502673797,100.0,0.0
pool1e8vr85ank99g6fx2r7tjel2mh2jyfppnqy6nmp8vr0arys65n05,406,406,406,0,760513.801502,0.0,2973420.7904271074,<3M,1873.1867032068965,1.9753694581280585,100.0,0.0
pool193eeqrm9vfx5y7d7u7766zskcr0ss0pnypy8sn30mlar29s49zv,353,353,186,167,758392.4764559998,0.0,4245239.509348042,3M-10M,2148.420613189801,1.4999999999999953,52.69121813031161,0.0
pool1cmqpzlsrrjup8zg6qaperz868u64dlt7uvvdszsr658mvzz9qq0,358,358,357,1,758128.1912670006,0.0,3690920.4368225816,3M-10M,2117.6765119189963,1.629888268156424,99.72067039106145,0.0
pool1ccr56kt2f5tzjvztlkf8zhkpvaawkduwfye8ydsk646lz0m4h5x,400,400,400,0,756673.1566119996,0.0,3260825.948322865,3M-10M,1891.682891529999,2.0149999999999793,100.0,0.0
pool1095d0cr8yp0selmnrst5hnuf8jcl6vlkxlr2j6kq4x6qs4yxuwt,51,51,51,0,753850.7227710001,0.0,45627619.66788413,30M-70M,14781.386721000003,3.000000000000002,100.0,0.0
pool1vpa84enqxhh5hnyypeqfshsgqhnjfzyddgq7z4tfmavh68c9s9p,354,354,354,0,752295.6921169998,0.0,4683819.083572629,3M-10M,2125.1290737768354,1.0169491525423635,100.0,0.0
pool1wjext9skqge8x7z5asvvmezlal6npjk8v2aduavt6fehyzhnu5a,276,276,275,1,751107.119647,0.0,5322025.297979252,3M-10M,2721.402607416667,1.5000000000000027,99.63768115942028,0.0
pool1s2rj8t2a5tfv0rpsfak77g03h96uv3rqxp62t6jm3dh45g2e2pj,404,404,404,0,750031.1139469992,0.0,3147053.807282446,3M-10M,1856.5126582846515,0.01485148514851485,100.0,0.0
pool1q9049mstrv5czwyylpf3xen08pmvsfsgtru4wf3zvc9uxat2sm0,198,198,96,102,748131.7896020003,312346.5027700001,11309226.919162743,10M-30M,3778.443381828284,0.6771212121212125,48.484848484848484,41.75019790779987
pool1d70vllztcsgx3ku8h5vnukzz2a7lpzjxfjmuqqvxtj9kq27hygs,406,406,406,0,745133.251194,0.0,3367406.341262955,3M-10M,1835.3035743694581,1.5036945812807798,100.0,0.0
pool1yemdr25t4g3ev038yn433dt58d8p52nee7kmcykjlhye6hshu9m,174,167,166,1,740387.7639250003,0.0,10658197.878778245,10M-30M,4255.10209152299,64.81896551724125,99.40119760479041,0.0
pool1hrv8gtrm0dgjg6zyss5uwa4nkruzfnh5vrdkr2sayj7x2nw6mjc,330,330,330,0,738065.7047619999,0.0,4263923.632763172,3M-10M,2236.56274170303,1.540909090909087,100.0,0.0
pool1hfn7yuwfyhmmqe4qpaxfewuly7cnemc6kqkv5npytj9vcrskh6j,401,401,400,1,733976.4042020005,0.0,3429836.9613254783,3M-10M,1830.3650977605996,2.5249376558603682,99.75062344139651,0.0
pool120563wl92yssz66evk4u9lxm7zh6gk2wws0zfe8ep4e0gc77ypt,33,33,33,0,732914.4288209998,0.0,36464188.43099916,30M-70M,22209.528146090903,98.99999999999994,100.0,0.0
pool1ct59zfxfvtv74k3mmukq5faq7kc48wuxrstyxtd02pxluwf6mkh,369,369,218,151,732012.5906310001,20588.312474,3836777.9477863675,3M-10M,1983.7739583495938,10.706504065040653,59.078590785907856,2.812562616751267
pool125kh7e0y9lwya4sz5etmsk7hvga9jtfpuhw00vz9zvk6sh8xh5r,330,330,330,0,727036.1516990002,0.0,5433517.781311172,3M-10M,2203.1398536333336,0.0,100.0,0.0
pool18xykgvvvxej2e5ap04ks72d8fdke4qsqeh30satznyrtj88634d,406,406,405,1,726604.6765929997,0.0,3734812.265654036,3M-10M,1789.666691115763,0.18472906403940897,99.75369458128078,0.0
pool1axngzl8clfn6pnjaf4w5r0q4tgcwktv0zcuxnn32hl995pthddr,298,298,298,0,726330.9972409995,0.0,6140571.292532971,3M-10M,2437.3523397348977,99.99000000000011,100.0,0.0
pool10p6wd9k0fwk2zqkqnqr8efyr7gms627ujk9dxgk6majskhawr6r,406,210,209,1,726074.2464240002,4277.10542,4083294.9300577305,3M-10M,1788.3602128669957,2.151231527093582,99.52380952380952,0.589072734787832
pool1r8zkh6zns7rtpvwa466qf8a0dgqd7r9zmu27qkcyw25xv46y97s,298,298,297,1,725312.8193119997,0.0,5603610.494483417,3M-10M,2433.935635275167,1.4765100671140947,99.66442953020133,0.0
pool1mcwcfl96ew79rmj4zxehr33p55e4e62dt4whyr2vqesswp9mmvz,341,341,341,0,723616.1352629999,0.0,4808715.073769561,3M-10M,2122.041452384164,0.0,100.0,0.0
pool1rjggcpcsr7wfnt4rl67yra2k658yqc9y6h3zzkaq5x9r766zlz7,160,160,160,0,721436.7114630002,0.0,7612252.6531839995,3M-10M,4508.979446643751,0.2625000000000001,100.0,0.0
pool1pgmuramw9waw9ckxsvpxmcn9p6fd4xl5jmavu8jje0x5vuc00l0,301,301,301,0,721262.8377020003,0.0,5508965.121580333,3M-10M,2396.222052166114,3.053156146179401,100.0,0.0
pool1ktgug7wwf9k4hcsuk68ftkh8xs5n0333fzxyw9sagz8njhlskgm,406,383,382,1,721064.8661390003,0.0,3520235.475838691,3M-10M,1776.021837780789,0.0049261083743842365,99.73890339425587,0.0
pool1alukhlxd53jat03vgt5h4dxxqyaapzefhk9yrl40e4r3x5cr5au,369,369,369,0,719737.0503699998,0.0,3247521.512417398,3M-10M,1950.5069115718152,7.499999999999953,100.0,0.0
pool1arsqn9w87wpqlm0sre66gs79dcs0jmwulytgke3vut7u62lttu7,405,405,402,3,717463.2564630008,0.0,3334727.2191171087,3M-10M,1771.5142134888908,1.448444444444435,99.25925925925925,0.0
pool1030vz0wxheg0dvarr8hmeavelpszmp52qucs68c7wc9uga6n6e4,375,375,375,0,716783.4372370002,0.0,3712147.3437275784,3M-10M,1911.4224992986672,0.9999999999999905,100.0,0.0
pool1crprz3rdcwvfxmc0s4gxquh3qeqmscww2qfvpl93q52yyn7agsc,406,406,406,0,714491.4809459999,0.0,3347667.521125093,3M-10M,1759.8312338571425,0.9999999999999896,100.0,0.0
pool1nhd907krga9dh69kf0jg4tl0764rravepy337gptvsknxyyx94k,406,273,0,273,711867.2250039994,283943.7234249999,3418526.669732411,3M-10M,1753.3675492709344,0.8522167487684628,0.0,39.88717466566952
pool1lrnyqdlrj97d0ju5j6d9xa8prw0xeyumfd53rz5wk3gf7czqzjz,367,367,367,0,709766.8251229998,0.0,3830004.3575921278,3M-10M,1933.9695507438687,0.9732970027247869,100.0,0.0
pool1ffrre548h22n68ln29xph3qezrag3z8ad0kg8yzu6epds3qr58k,387,387,387,0,706381.8274340003,0.0,3156504.3674835498,3M-10M,1825.2760398811379,0.7695865633074928,100.0,0.0
pool1uu35qfkmjyxwpm3pgptfgr0qga9j2fzkc0tsjplcx840x295xj9,379,379,379,0,705372.0444270001,0.0,3486856.352944311,3M-10M,1861.1399589102905,0.8016886543535561,100.0,0.0
pool1rq4vahleea4yc38cr58klupl6g0w7ca07lc6kyvtcznp6649j5p,377,0,0,0,702180.3851079999,0.0,2386657.7252967786,<3M,1862.5474406047742,5.999999999999974,0.0,0.0
pool1m06dl8dfcy6d0475fanf0mtnnp2tzhw8rarums042q3jux23q0j,75,75,75,0,701704.2838079999,0.0,27663304.24623125,10M-30M,9356.05711744,100.0,100.0,0.0
pool1twu4rn366744tqq9g66ruy3rete6842z7nnm4vy0q5jaqd48867,406,406,406,0,700226.6888599995,0.0,2754466.10473423,<3M,1724.6962779802943,0.9999999999999896,100.0,0.0
pool15z87p296y3m7eq8pwuu8qs6h2v4d2ctnx3yd2vqpl6txkkdvl5h,350,350,350,0,698220.3278210002,0.0,4746013.812213617,3M-10M,1994.915222345715,2.147142857142836,100.0,0.0
pool1wjsshqjpl3n6zlscnfvyy9gxklkav2dvfyprfye6l0kewyvv6yj,406,406,368,38,695531.5655799998,5497.987859000002,3222427.1596489633,3M-10M,1713.131934926108,3.2832512315270774,90.64039408866995,0.790472802541357
pool1ytszp582dm9u5un6mevt9czgcnuqhflwfr9ly4ukpeqcughryqh,370,370,369,1,694768.0983810002,0.0,4398625.643841028,3M-10M,1877.7516172459466,1.999999999999981,99.72972972972973,0.0
pool1867sv2tgcq2cjmyhqgsfveekmsy5zksld69zhgrlkluukfydq29,380,380,11,369,691660.1571049999,0.0,1862143.4277201477,<3M,1820.1583081710523,100.0,2.8947368421052633,0.0
pool1q8a7ym63gurl72wr32je0tv0lp4p2uh8vzzc6rn6un7ryslvqmu,313,313,313,0,688506.2098949996,0.0,5394413.427491178,3M-10M,2199.7003511022353,1.7699680511182012,100.0,0.0
pool136ahugdvaenv8ed0d3m9af4dxxtzu7u3vpfq4mxk7qq6xuvd0ca,406,406,265,141,687128.0929239999,0.0,3002110.6334385737,3M-10M,1692.4337264137928,1.4963054187191953,65.27093596059113,0.0
pool1vc8jhqtwjrjwsfk6a0enx47hd2ufg98c34ta6lvl0zv0uhpech9,406,406,406,0,685623.923548,0.0,3232996.03275782,3M-10M,1688.7288757339902,0.32266009852216715,100.0,0.0
pool1thgpezwt4pvqhklhysnxrrclp0mfy2tg4qesxg8s5f7jg7802y0,46,0,0,0,684720.447226,0.0,19669012.339437325,10M-30M,14885.227113608697,6.000000000000004,0.0,0.0
pool157e2zadjusu6esf9mmx37nf63ep2gazdeln5mh04ylpcvz59g5c,406,406,406,0,684136.2427530001,0.0,2658181.9804701875,<3M,1685.0646373226605,1.514778325123144,100.0,0.0
pool1zecj6wqrzkcjmldvrr992pt3c64sgrhkhexxst32sdlsjwkpmfh,201,201,200,1,683016.4945929998,0.0,5649515.485719546,3M-10M,3398.0920129004967,1.3432835820895455,99.50248756218906,0.0
pool1h40kkf28nr3amhs6nsmqn75aderg6cutmygr47czu2dw2dxzvgm,362,362,361,1,678730.6922280001,0.0,3676020.263700881,3M-10M,1874.9466636132602,2.049723756906058,99.72375690607734,0.0
pool1ge06eu8lvdj6jakxw8zuwj3yxtpmeek8j8rgwqfshj7vg390fj0,380,380,11,369,673817.578212,0.0,1862143.3957789475,<3M,1773.2041531894736,100.0,2.8947368421052633,0.0
pool1h04mh7qugt09hp8mhjpvfl4t0rutmz703dd003e6qeny5jf9c57,319,319,300,19,671578.8649190003,14798.561939000003,5063206.990301501,3M-10M,2105.262899432603,1.2648902821316654,94.04388714733543,2.203547894674272
pool1d344pwef7yphfhjn097gy3kgemvl8ldkdad83cv42eusvj7kqsl,27,0,0,0,671437.8605150001,0.0,33325548.482092872,30M-70M,24868.068907962966,6.0000000000000036,0.0,0.0
pool18qddv82sx8p22uxzdrf0qx9lkewxadlr9ef45kpcf7dzz3n56qv,343,343,343,0,670586.348466,0.0,5406892.999099361,3M-10M,1955.0622404256562,0.0,100.0,0.0
pool18hzjrr0xhadznttzq0va5vdhz2xyzjrju5ac7ztkwajdg80uvw4,227,227,226,1,668349.212998,0.0,4756145.126858374,3M-10M,2944.269660784141,2.487797356828196,99.55947136563876,0.0
pool1xxvcz8dem4xufzn74v2y7fs709mfw3tpq963thzg5en5jrkv67a,406,406,405,1,665384.5070820003,0.0,2496363.263100393,<3M,1638.8780962610845,2.943349753694566,99.75369458128078,0.0
pool1xwqye6mlftwjg706acz5fjqz7gmf4qdye99zsjl03a4ru68ghee,405,405,405,0,665245.0876649999,0.0,3160508.755484691,3M-10M,1642.5804633703701,1.9751604938271397,100.0,0.0
pool1n353xqapcq8wtyskm8cj4g04t8rv03lteyl30c42zug7kzv8vqz,336,336,201,135,664250.3598820003,100851.59066700001,4928255.056342172,3M-10M,1976.9355948869056,1.6369047619047585,59.82142857142857,15.182767937817246
pool1sr82s7yvwwsy6q0geveawrglt8ss39jhsfz7d0p4a5y6kk30mdd,380,380,11,369,661878.936537,0.0,1862143.3957789475,<3M,1741.7866750973685,100.0,2.8947368421052633,0.0
pool1svszcjg5xaxt5mq7ue2llm26ndt74dslvev04g6kwdmvyf0t657,256,256,256,0,657704.3834139997,0.0,6679271.71393373,3M-10M,2569.1577477109363,0.9999999999999959,100.0,0.0
pool15xgej4c7ns20y5pt7dc5vq6yj87ss5sl2ffucmh5j766j90ppur,363,363,51,312,654896.7604730006,243448.6669039999,2940266.0468852906,<3M,1804.1233070881558,0.9008264462809846,14.049586776859504,37.17359461790109
pool1kterawv22xya864tqjy9pq2ftmuptlggywtqt3p7adexg7qyl6u,406,406,401,5,654375.8226230007,0.0,2582952.972265163,<3M,1611.7631099088687,1.5078817733989964,98.76847290640394,0.0
pool19frt3kaxxk4vr4x3wnaapntu0ul0dsesu77wfqaawc5h5ffgfgt,406,406,406,0,653081.312179,0.0,2517572.205377285,<3M,1608.5746605394088,4.990591133004915,100.0,0.0
pool1cg559cdc25fkvs73umj6w5nxlwy3mpmj02xt7p4v69eqs5ncz9k,321,321,321,0,652909.5627339998,0.0,4332473.479822243,3M-10M,2033.9861767414325,0.6697819314641739,100.0,0.0
pool1re8cmjt895tpx8dx2veg0cew5yqtxnt82sll03e433a4ugnh9w7,404,404,404,0,649961.2867320001,0.0,2465707.9748743935,<3M,1608.815066168317,1.9999999999999791,100.0,0.0
pool1js570lkcs6t3pwsj3eda0zz43mc5gm922ae5rdxcfn84gu5uyrg,406,406,406,0,648231.0091990009,0.0,2795629.508347541,<3M,1596.6281014753717,1.9999999999999791,100.0,0.0
pool1568zhphxsnj5mfszwgta5zlvulu67g8f4jn6d3xs2tvas8ffu76,273,273,273,0,646491.1648849992,0.0,5810932.2180579025,3M-10M,2368.099505073257,99.98824175824164,100.0,0.0
pool1a2gt2mvuf5zvtqlvw2xgks2efze3p4r985ft62q64lua7gx7lal,406,406,406,0,646013.9983999996,0.0,3360736.3707960364,3M-10M,1591.1674837438413,0.7500246305418703,100.0,0.0
pool1s0kkragd8r2xyyms680l9eed443v3eufmarykpjfh2r6cpksm2j,405,405,405,0,640091.9856179993,0.0,2770127.1421146747,<3M,1580.4740385629614,1.0543209876543096,100.0,0.0
pool106jtt06k5wjpqc5r5fkz06pgwhwaljzs624mnfua8fkhq0fl9am,58,0,0,0,639218.596067,0.0,15504368.552807754,10M-30M,11021.01027701724,6.000000000000004,0.0,0.0
pool176z4pf0r9p6hqvp8m333sqm6vx8tj93q5yyunyv5478m5yp8j07,94,92,92,0,635338.464711,0.0,11589493.177756393,10M-30M,6758.9198373510635,16.77659574468085,100.0,0.0
pool1g0t2a93g5e2j7wj0clmk73fhd8cjcj4xn383yt7xvdyhq37m0kk,377,0,0,0,634277.277581,0.0,2384581.7895407663,<3M,1682.4330970318304,5.999999999999974,0.0,0.0
pool199a44nvtjr0c5xlanz4p5c0nywu8l6k5hz3t2he0hq7wvljnsrt,344,344,344,0,627972.1108660001,0.0,3836953.454939209,3M-10M,1825.5003222848839,0.6918604651162772,100.0,0.0
pool1fys325gzr7kpcjclyy93sx97nm2y4n8raj3830cyez5pqagkfcg,35,35,35,0,626611.5572560001,0.0,28725808.73329446,10M-30M,17903.187350171433,50.0,100.0,0.0
pool1w4g7j8u97pvu2q7gsdaupnng0a2vmyllygfewhc29m2j5cehysn,100,100,100,0,621328.090885,0.0,18251166.987072784,10M-30M,6213.28090885,15.000000000000025,100.0,0.0
pool1r2g9wv7jyt7haygrmrc2tst2m8m9ssrr3c690ffp49uhywhvmdl,359,359,359,0,619140.557434,0.0,3835127.0828364654,3M-10M,1724.6255081727018,0.5320334261838444,100.0,0.0
pool1e2msrpcpa74t637jwtu37paxarq2da2tm2ttwg7fh2auc5vcl39,19,0,0,0,617612.424012,0.0,47308165.46864243,30M-70M,32505.917053263158,6.0000000000000036,0.0,0.0
pool1pqm2cev326p2mrruzw9xru65uvt3r7f0rdf5gtx54zdskxqhmur,132,132,132,0,617560.0333129996,0.0,13064216.308446199,10M-30M,4678.485100856058,59.6912121212119,100.0,0.0
pool1jwgt6tydz6f4kw7la2hxxqwzq0m8spj3reyju08nm07xjnlg3d0,369,369,369,0,617416.8900009999,0.0,2354415.671264515,<3M,1673.2165040677505,7.499999999999953,100.0,0.0
pool1dts0h87pntgmsffp6mjtnahfht2dz5zjjeeujhzmtn6wgctcuzd,381,381,381,0,616374.5369639999,0.0,3170168.3692014255,3M-10M,1617.7809369133854,1.006824146981619,100.0,0.0
pool1gq7zwmtpnj7wufnv97xhx43eqhla3trc3803r3rcwppszc6vh9y,285,285,285,0,616233.4589500002,0.0,4101572.637975052,3M-10M,2162.2226629824568,1.0280701754385901,100.0,0.0
pool1rzx598y7rd2ek0k4x557cnxffrtjuj509evyj53mk7yajppymde,214,214,214,0,615228.7324059999,0.0,4871246.7711602645,3M-10M,2874.9006187196255,4.556074766355143,100.0,0.0
pool19nw9emug78q4uxwr8lv0glvmmzwr6lhylgy4ztaagjsjvyqjylw,296,296,296,0,612207.949034,0.0,4035378.5529753193,3M-10M,2068.270098087838,6.756756756756757,100.0,0.0
pool1qq76dtlr0m9g6xlvngzq550j86cgtslphyjffz3pgpn7wazatdc,394,394,394,0,608541.0813890002,0.0,2621051.322041855,<3M,1544.5205111395944,3.001469543147186,100.0,0.0
pool1w43rswva2e4hulr6ayxv4aaaf0fzvxjj5c8kv55xmm2auey5xvz,383,383,383,0,606263.4372380001,0.0,2310353.8000210575,<3M,1582.933256496084,13.00000000000007,100.0,0.0
pool1l3wdq3cec23jadkt2cx384vtgd75ncau33smrptwj87n2wedc0d,294,278,278,0,606137.3406120006,0.0,4864036.2486609295,3M-10M,2061.691634734696,100.0,100.0,0.0
pool16cerhwlk8nq7rpuerr4g08tpgeq7awnhgxzkyalc8n8xjwzxqm3,298,298,298,0,605663.049543,0.0,4846786.811341001,3M-10M,2032.426340748322,100.0,100.0,0.0
pool10wfvyl284h0eyzjtwndh8kvu36lqvptusq4nxtv52pmazpyvfud,343,342,342,0,605235.8751920003,0.0,3280670.795141543,3M-10M,1764.5360792769688,1.9900583090378878,100.0,0.0
pool153sc4fct34a680nyfj4084w8dpax6c0zt0js8zqvg3sj7wtk486,82,82,82,0,604025.618967,0.0,22787678.250393137,10M-30M,7366.166084963415,2.9999999999999987,100.0,0.0
pool1628y4cuysuspjhcfhmx3te5ctd2vhuak9eft757947zsz5rtx8h,330,330,330,0,601009.0240959997,0.0,3287824.571959511,3M-10M,1821.2394669575747,0.8757575757575704,100.0,0.0
pool196kpy0628pdlm0qpedsnnnctrunyx3cvt0ugalrj4a2mxr72uk6,182,182,181,1,600084.137278,0.0,4980123.876430116,3M-10M,3297.1655894395603,2.0000000000000013,99.45054945054946,0.0
pool1h5jtxde8j86qrnqzj32ugn480u7gw5xw8wqy5d227rl3vfg58qz,406,406,406,0,599780.1619760005,0.0,2551513.349849749,<3M,1477.291039349755,2.3630541871921054,100.0,0.0
pool1plgh3y74vhkj7l0wpxtnwtp22czfq004a69y40fptfg4kntvypm,133,133,133,0,599387.956647,0.0,12814843.03695866,10M-30M,4506.676365766918,9.999999999999977,100.0,0.0
pool18w4dzpe8wtkx29scf74qmshrf58xg760mcxu5p7s0azxufwwgec,380,380,10,370,599127.464614,0.0,1748237.1342105267,<3M,1576.6512226684213,100.0,2.631578947368421,0.0
pool15nww4436eq733eypdq7vnllsnqyrwftw434xkvpm2mc2kfue2ux,377,377,165,212,597486.078356,0.0,3296245.263480573,3M-10M,1584.8437091671087,3.9999999999999614,43.76657824933687,0.0
pool1ck8rqpxp7j8kyzutk856fnvgm8xsqmuh922wkeeg32ekjjrvtc0,294,291,42,249,594164.8590350003,438871.3972390001,4719553.437787362,3M-10M,2020.968908282314,0.42857142857142877,14.432989690721648,73.86357347887981
pool1xcn2yddehm5ncjx0p24vkguth4rta7zv3getcztflxs3kh9rexd,382,382,382,0,594136.7854120006,0.0,2975459.6424344447,<3M,1555.3318989842949,0.8795811518324534,100.0,0.0
pool1a0kp4vl4fh0p0rs8s08rm7qq3vkj3epwraayk3sdgm8sz0zwt7t,63,63,63,0,593600.0847309998,0.0,28877522.433679245,10M-30M,9422.223567158726,0.3015873015873016,100.0,0.0
pool1cj8dxjjlyn9xmjavr98ytmvlpd4vwgqp36kq8rl6jjyt6k2adfh,328,328,108,220,592926.4634870002,0.0,3532715.9549252745,3M-10M,1807.7026325823176,99.74085365853657,32.926829268292686,0.0
pool10kjjh9zfs77vzxpp4qpdxwvnh3x8zdf8qcv7pckvdhw02fu6unz,149,149,149,0,590172.9234469996,0.0,10891192.242092432,10M-30M,3960.8921036711386,99.01342281879188,100.0,0.0
pool1ygamv2t9lw03khcxpe75rjd4p8lnn36hux3deeg3hrc3jwrx43z,380,380,10,370,588987.9418009999,0.0,1748237.1342105267,<3M,1549.9682678973682,100.0,2.631578947368421,0.0
pool1egunxfppwtglyu3t864uq76y0zu05s7pjda3e9g95nwlwc5ye2h,405,405,405,0,588644.9046120002,0.0,2928328.1044006865,<3M,1453.444208918519,0.6928395061728339,100.0,0.0
pool1pdsnzs8aft7hfq3xcmvgltt9vmncwsvsw955p29nra8g5hves4x,96,96,96,0,585430.0218160001,0.0,9438081.951842664,3M-10M,6098.2293939166675,0.005208333333333334,100.0,0.0
pool1lnk67xp7jsc2e3yyun3fpaqvkx0f3c8q0ml29ge85udeghn2gvn,406,406,403,3,583844.2674419997,0.0,3321529.081946899,3M-10M,1438.0400675911324,0.0007389162561576354,99.26108374384236,0.0
pool1ev8fwfccn8gr0zcz3uyps0t0mcrefc6s95wjc6aed3ngc86y5rk,384,384,384,0,583754.9249349996,0.0,3021591.2325558034,3M-10M,1520.195117018228,0.9210937499999927,100.0,0.0
pool1uct8k7ruvu3dgl9hws4pj3tk9stzpls4evnys4r8q5vj2p9w92w,71,71,71,0,581726.71202,0.0,20586028.872404106,10M-30M,8193.333972112676,77.81690140845068,100.0,0.0
pool1a5jd3x2udlvpm9mt4gpau4jlags6qtth6jdsguryh2zy27f5ttj,306,306,306,0,581320.3429009998,0.0,3806150.283306167,3M-10M,1899.7396826830059,1.9999999999999862,100.0,0.0
pool1dv7s5fn4m9dee8ncvx5hktfmsnx6agydhn798rfdqjazuwr84gc,405,405,405,0,578040.6350029997,0.0,2537286.7363980836,<3M,1427.2608271679005,0.3703703703703704,100.0,0.0
pool1calq8kjzrvp83l80rtvgmulausl99q4tjfkz2lp227vkymd5wgg,404,404,404,0,577777.666516,0.0,2483176.9848495233,<3M,1430.1427389009903,2.002475247524732,100.0,0.0
pool19ygh8apuc2qz0u9kr4wj9qj33xhw70n7z286xll0g6ltgccuq42,406,406,406,0,577211.3060159994,0.0,2472689.758022129,<3M,1421.7027241773385,1.6071428571428465,100.0,0.0
pool1ymfwzsxt35g3gdgp67yr688456km59twr78j05e87y94w04tj9m,339,339,338,1,574583.3783510004,0.0,2826686.199694976,<3M,1694.936219324485,1.8466076696165057,99.70501474926253,0.0
pool1ews5ryrhl5az8egrvun68x2wdhgvthxjtx7m380ksc6rzxkqz2f,355,355,215,140,573835.7673379999,0.0,2811642.7202614816,<3M,1616.4387812338025,3.0281690140844963,60.56338028169014,0.0
pool16fa03u6u85ek2q8lryqprngpahglssj5qqh66pfaxf34vgu5rhl,321,321,321,0,573063.654898,0.0,3050149.7925398285,3M-10M,1785.2450308348907,13.79439252336444,100.0,0.0
pool1yet04d4ykpp7me8uc2jx2glxrx88kt9uhmv6jeh7xkmtu5zucna,406,406,406,0,569717.0215259994,0.0,2381437.684260115,<3M,1403.243895384235,0.0,100.0,0.0
pool14wf6e8l64wktss9f30tjzm5th8u85vlc3sc4ulw87tfqkhdl3x6,320,320,312,8,569065.92509,0.0,2867757.1818821086,<3M,1778.33101590625,3.739999999999985,97.5,0.0
pool19q034g07ka2ltwc3wwjeu79w29nlafc0w2ppne5ppu5wud60rgq,362,362,362,0,566693.930287,0.0,3396342.8622797094,3M-10M,1565.452846096685,0.5469613259668512,100.0,0.0
pool1ulx9ennungrtcucslrpz93cze5fddlg96h0wwj83p6fpsrvgz2v,406,406,406,0,566657.2766360006,0.0,2129429.3658090727,<3M,1395.7075779211837,1.9999999999999791,100.0,0.0
pool1ex7p88tnq3d6d3dsqtlc3632tp2t8eurc352mwf9phu3w8n3vz7,352,352,351,1,565884.3352780001,0.0,3196033.463229655,3M-10M,1607.6259524943184,1.9999999999999822,99.7159090909091,0.0
pool1uy2z02pn4lczk7p2plvnkzrmltxmqs2t04d9ghx5t0vw6e4t0qn,382,382,377,5,565375.9489980005,0.0,3261361.299295442,3M-10M,1480.0417513036662,1.8638743455497204,98.69109947643979,0.0
pool1lzupr43772kfux007sdt02vlx7uzmfcplrwmxntdztxmwv9myrj,405,405,405,0,565082.0212560006,0.0,2828638.4911151226,<3M,1395.2642500148163,1.9999999999999791,100.0,0.0
pool1c2wa8326fulnkq42uerra78pue48pdwsqru2dhp5xrhsgzqmlsc,305,305,305,0,564571.3001509998,0.0,3936679.60502905,3M-10M,1851.0534431180322,1.573377049180328,100.0,0.0
pool19k9grwq9cdswn4k7vxzmwcls24jj3466g4s4xr5vucehcqpslfy,362,362,361,1,563180.5997500002,0.0,4599653.414591309,3M-10M,1555.7475131215474,0.0,99.72375690607734,0.0
pool10ljdn3zwsh7vjkxf6t250423l5qy487x83st7m8a53jxznrkw5g,404,404,183,221,562552.6352940002,0.0,4096241.406739853,3M-10M,1392.4570180544558,0.5074257425742521,45.2970297029703,0.0
pool1xlra52x2es7dmsvpmcp2922h89h346awe7yuu664e50yvrzaaqe,62,62,62,0,561694.1983500002,0.0,27310205.262103155,10M-30M,9059.583844354842,99.98999999999985,100.0,0.0
pool137j9xuzycq4jxfpsmjnc75w2wnpz68khlwvsh69kt5negg6ldhg,369,369,369,0,560742.1309980003,0.0,3257137.246946343,3M-10M,1519.6263712682935,1.100271002710017,100.0,0.0
pool1kjhpg98jhm08usqg4sh5x9esa595apyw75qczyjp3z24g0cdate,86,86,86,0,558660.0613710001,0.0,19673335.457574602,10M-30M,6496.047225244188,5.999999999999995,100.0,0.0
pool1f4rs6v0cpsqa09ueddp6hhl8xwdwtdqglvcuce26srxdwmzxl6v,356,356,356,0,553278.3187470004,0.0,2909685.890366869,<3M,1554.152580750001,1.999999999999982,100.0,0.0
pool1efacpnedlfrhe9sa6s4jzq839s5q4qdrl70em0za57xg6t38d3s,360,360,360,0,551001.9285070004,0.0,3401240.652191473,3M-10M,1530.5609125194458,3.8194444444444122,100.0,0.0
pool16knnvtezwzmgpnu8v03wht6y4u7mwfc7qz6y2yk62w4as4qymat,375,375,375,0,550617.5797320002,0.0,2443341.103868458,<3M,1468.3135459520006,2.5000000000000173,100.0,0.0
pool1qadgwr92pgx0yz3u9n63f0s9ugryaud6wxers850z6sfu06y3rg,366,366,366,0,548949.9093060001,0.0,2785352.8952706666,<3M,1499.8631401803282,26.248633879781412,100.0,0.0
pool1kvd03hq8kp0hnxq9lq598a5amrvauj9m386rwx7ydawvjdskwnh,406,406,406,0,548202.634567,0.0,2799548.6692882343,<3M,1350.2527945,0.2837438423645322,100.0,0.0
pool1668w66pcrdjmavz0c7vym7s4d3xm7578jy0fqzhk55677t4etud,372,372,367,5,547489.7320120003,0.0,2640563.156160795,<3M,1471.7465914301083,1.163978494623643,98.65591397849462,0.0
pool1jg4awqhdz454uylkhwxsnghfy00yz3ehzmz2mq6q5xvsudav482,195,195,195,0,547272.84535,0.0,5028014.82245279,3M-10M,2806.5274120512818,68.66153846153846,100.0,0.0
pool16rahfu936wdfq34wf6t8rqxvdjxayra5f7y80xq0udnqglrqel9,321,321,321,0,545816.6971240004,0.0,4333885.779908438,3M-10M,1700.363542442369,0.0,100.0,0.0
pool15k0zeppza4qzgf6z7wmwsgvl5rz9f6489zxhrxqa8dj6jzju6ct,275,275,275,0,545441.05424,0.0,5397298.731885851,3M-10M,1983.4220154181817,0.9999999999999947,100.0,0.0
pool1k6altfangsst2mmxg8a9wvg3dppyszu8ckfzd3uv6azgw3z2txy,384,384,228,156,543963.3511800001,91426.699362,2630935.7887170496,<3M,1416.5712270312504,0.0565104166666667,59.375,16.807510866986046
pool15j6hdfel6c6zcr8gu39qgp5xkrs264yn9hm8ynhaydjtxvmznxq,368,368,368,0,542846.1381649999,0.0,3238732.7590395515,3M-10M,1475.1253754483694,0.1385869565217392,100.0,0.0
pool17ynruzy9lvq0x55ks22vtf4lrrdrw2ucydh4tfzhg9kkyeaw8nf,404,404,404,0,542328.7637499998,0.0,2554580.198199593,<3M,1342.397930074257,0.528069306930693,100.0,0.0
pool15mfkj8sl7estcmmd5a07afrx5f4hlz3pcr6p6ay5pfmrjfl2hlf,406,406,406,0,541922.3926329998,0.0,2241665.200449816,<3M,1334.7842183078812,1.2364532019704277,100.0,0.0
pool1xyx655q6ch4d99fuewwtkdwjx5tvfr0rzqvmwehm2cpzj7e2wgl,245,245,245,0,539339.2129319997,0.0,3717227.5926210233,3M-10M,2201.3845425795907,1.2551020408163271,100.0,0.0
pool16e2x06wk8ufyakgrzq0c9p5tmfhl6w0c80raxr0xtg5g7aakhgh,332,332,332,0,537533.2399879996,0.0,3901931.0883693364,3M-10M,1619.0760240602397,0.9999999999999919,100.0,0.0
pool1s79cqtwk5s24lcske704ckx7k2pagn8hc95rxvy3xfda6r62pg9,406,406,399,7,536805.5047990001,0.0,1974858.3252322495,<3M,1322.181046302956,1.9999999999999791,98.27586206896551,0.0
pool1y2gynck9pd4en5rzm0rueqd2qm7sw89aqmkcntd899vv237qj38,46,46,46,0,536340.3574420001,0.0,21756190.162055846,10M-30M,11659.572987869567,45.19565217391303,100.0,0.0
pool18rjrygm3knlt67n3r3prlhnzcjxun7wa8d3l8w9nmlpasquv4au,17,17,17,0,532629.9177679999,0.0,75889229.15027212,>70M,31331.17163341176,100.0,100.0,0.0
pool1g0hsnjnt0du3kp33gjua3npncngr3yg4ak2zfdhd4zvmy6r8hyd,406,406,406,0,531063.8967529999,0.0,2196025.565303222,<3M,1308.039154564039,2.0734975369457906,100.0,0.0
pool1yd67lvc04eztwrpnefqh3g4dsydmezwgrg6ce4km728v6sg8zwf,252,252,251,1,530656.8984869999,0.0,4774135.9719125945,3M-10M,2105.7813432023804,1.4027777777777788,99.60317460317461,0.0
pool1n4fq4gw6snzqjep3pylj8dc6aaa4xgn78gl58k360dqdw6a58g8,361,361,361,0,530011.580052,0.0,3307185.1755127017,3M-10M,1468.1761220277008,3.6899999999999773,100.0,0.0
pool1072lq3k32sfxs96s9qhrx3s9la2t68vrqwfsp7h9qnwk56yr2mv,189,189,189,0,528887.8747099999,0.0,7609787.25037464,3M-10M,2798.3485434391528,100.0,100.0,0.0
pool14hhs6ruwnuaf4fzsmx89mvmjl2qhyy5jnzyk2le03886kj6z9yp,338,338,338,0,528587.5928890001,0.0,3366289.287049555,3M-10M,1563.8686180147931,0.7204142011834274,100.0,0.0
pool18wvrpuz4uftxs83gf39ynh7cy3nds8q0hs7u7yuelu4e78w237s,33,33,33,0,527142.269926,0.0,27638398.407972332,10M-30M,15974.008179575758,98.99999999999994,100.0,0.0
pool1sfuspqv9gyqn65vwu6e27dp6ju7gmqmgsnasqp6zxp6qqlzlpfe,332,332,332,0,526997.7577869997,0.0,3172364.4711727113,3M-10M,1587.342643936746,0.9999999999999919,100.0,0.0
pool1py6q7y3f7jz60mt5jhsrdx6lqtuvc02chqgvwzjzayctqhgzzge,246,246,246,0,525172.256085,0.0,5515838.795227313,3M-10M,2134.8465694512197,32.43768292682924,100.0,0.0
pool145ak0czqxe97ef38zjupk0pz5yk7pahcyrdfee2lrnsnwawj6dc,350,349,348,1,524283.717539,0.0,2943057.1889200388,<3M,1497.9534786828572,4.499999999999994,99.7134670487106,0.0
pool1x8z226hvsvw6l80f5qu0j6qlqustjcudna30pvk54tgqwd8lche,162,162,161,1,521537.24621599994,0.0,6233769.587375825,3M-10M,3219.3657173827155,1.9259259259259225,99.38271604938271,0.0
pool1g79uyzvt9mm3z7jdcxnp36n4egm4z6l8c6n9l2mk8ae2yf5zman,374,374,286,88,521177.3561959999,0.0,2546048.0872240653,<3M,1393.5223427700532,1.5668449197860863,76.47058823529412,0.0
pool1jm220zs5txnxe6nt89hajtm6hwsf902e2dwjrtfuq33uw835g65,320,320,320,0,518492.90425700025,0.0,2792399.6215191474,<3M,1620.2903258031258,1.2562500000000008,100.0,0.0
pool1dqhaw0h2f4ehpdhh57quszcj22qhkglhg6yvaf39w3clxdl2kpy,323,323,323,0,516637.0010360002,0.0,3551330.0864674905,3M-10M,1599.4953592445827,0.990712074303398,100.0,0.0
pool1n6z7rf722heq35v2dxvstfwezgdt8cv0mftpv4r9jay3wjk2kkt,355,355,355,0,516262.3286900003,0.0,2843558.877858798,<3M,1454.2600808169022,1.0394366197183,100.0,0.0
pool1luhm55xxqp0cv7a43rcfrr8m6m74kfe7wdvqdgfzt483x29lr0t,16,16,16,0,516078.521344,0.0,75510164.18674213,>70M,32254.907584,100.0,100.0,0.0
pool1jezf7dcx26edfpxmpuh05yen64a9cj44xm2ggsapcxrtqewfek2,391,391,391,0,515793.139051,0.0,2431200.5831229594,<3M,1319.164038493606,2.76897698209719,100.0,0.0
pool12yscr8j3zs34ewxrwlk0p2w5uvgcnrzywpp78ddjsj8kxd530f9,365,365,337,28,514335.0289650001,92479.431388,3164579.616059785,3M-10M,1409.1370656575345,0.2904109589041098,92.32876712328768,17.980387525636157
pool1gm4mcrf8mytfetsj6ykulrmv4j70y7fhceawgdg2h09t5rtt7cf,406,406,406,0,512713.035093,0.0,2467347.648233347,<3M,1262.839987913793,1.9999999999999791,100.0,0.0
pool1xmlq3sgssww6kwu8dupgxukzhlk77j40p9c4r3qux3j5z2ysk2c,16,16,16,0,512279.8112040001,0.0,75913252.55632868,>70M,32017.488200250005,100.0,100.0,0.0
pool1fu69ry8k9qxfque9hng3lxcq7g30pykg38mtahah8x4mzpgls3k,361,361,23,338,511184.8243350003,476980.64552300016,2942031.434276775,<3M,1416.0244441412751,1.7299168975069126,6.3711911357340725,93.30884306737856
pool1ak3vhtv7alve9wfj5kx5xswrtfvy5a23txuupgy6nqpduq350w5,315,315,278,37,510690.11779299984,0.0,3598601.0360675016,3M-10M,1621.2384691841264,3.1396825396825396,88.25396825396825,0.0
pool1l0erdjregched3dj828q93rfa2f4w4p62nr248xshj5huq6zuvp,16,16,16,0,510244.01801500004,0.0,75913728.38158524,>70M,31890.251125937502,100.0,100.0,0.0
pool1cuqnuz57puz2qd3enr9vtkcp7z92ge4h2ks6j8zzknztx3283q7,384,384,384,0,510092.6326969996,0.0,2494003.575729219,<3M,1328.3662309817698,0.3046875000000002,100.0,0.0
pool130c3kgpkjctag540j7sxqfrlhsmpc6d8u0n7j6crm9ayy75mkpt,77,77,77,0,509232.48066599993,0.0,20170380.751552884,10M-30M,6613.408839818181,99.98999999999981,100.0,0.0
pool1f488flg33j9vqzdce87t0e0g6mhjj7aacd4209pg93c77lrpywz,33,33,33,0,508977.152722,0.0,25358344.66928782,10M-30M,15423.55008248485,98.99999999999994,100.0,0.0
pool1gdgjzmp96kk0d0sj482655wqlq8jtc4t9xw8xzfwfx4tjyq73hw,360,360,360,0,508389.3081760004,0.0,3018541.085828605,3M-10M,1412.1925227111124,1.9999999999999816,100.0,0.0
pool1e9wmzv9r2pkvhwddc3ay42axm9aggheae6u4e52tgx6326krg03,211,211,211,0,507306.7332870001,0.0,6394208.193747664,3M-10M,2404.2973141563984,99.98999999999972,100.0,0.0
pool1ey0gxeyesszrsshc6zjlzamr7z0f2d29e3ut0ppg4j4gxduyn5r,361,177,177,0,507091.38898600003,0.0,2821391.486109566,<3M,1404.6852880498616,0.9999999999999908,100.0,0.0
pool1uew7h58cj2t38v3duzfc87snzpas5dg3j3yhhm5v9uxpx2tn522,132,132,12,120,506601.897427,0.0,5753261.909072231,3M-10M,3837.8931623257577,100.0,9.090909090909092,0.0
pool16jefdagcsgzyek9jytzfezx5ajvfkytjgghaps64hzz6uzkpc0e,356,356,350,6,501478.8962129999,0.0,3512074.525671957,3M-10M,1408.6485848679772,1.1853932584269535,98.31460674157303,0.0
pool1n6erydn8x79sa3fmrqmj7mcyqa9em5fppr447j6d9k0xwfl7sc5,16,16,16,0,499577.49663199997,0.0,75914032.29951012,>70M,31223.593539499998,100.0,100.0,0.0
pool1py2uxkvuj926h42s40wxl26dh0ggaq882v4m0hkd99m86vzmwnz,406,406,406,0,499532.27772700007,0.0,2409056.717019385,<3M,1230.3750682931036,5.000000000000037,100.0,0.0
pool1jpezycd8q3l6a255dv8wt7vpt4aay8llqakdn7vkum5swes4hu3,406,406,77,329,498115.09556199994,30122.809651999996,1985200.3138269307,<3M,1226.8844718275861,3.689655172413823,18.96551724137931,6.047359319238025
pool1j8grqucdwwcr0cwzxrtw30vqcptg0jdlrmauq5w7ytvqx6nf5np,379,379,379,0,496410.9802809999,0.0,2951909.057237672,<3M,1309.7915046992082,0.9999999999999903,100.0,0.0
pool1r2fph82mjhgu955cesn4yejjva4sk7uuh06yhwf8e9ln5djy5h7,16,16,16,0,495478.3038070001,0.0,75509291.6693318,>70M,30967.393987937507,100.0,100.0,0.0
pool1zwqrrwpr5zx7c3f4ukpu4r4fz5c2hkwx9vwqka5068urgqvpjzr,351,206,205,1,493529.661649,0.0,2492841.125521555,<3M,1406.067412105413,2.9999999999999907,99.51456310679612,0.0
pool1ttxtgplmy2v7t9s56gm3xxhsyxe68kpx0vu3utts03p2k4x3avl,44,44,44,0,492598.45858700003,0.0,18251802.632668816,10M-30M,11195.41951334091,42.75,100.0,0.0
pool1nwfzutmm6et5yt6mdk6d3ls57qfmwje0hwcepr3dn68mu9wl0pd,342,342,342,0,492302.3325659998,0.0,3704845.8115871847,3M-10M,1439.480504578947,0.0058479532163742695,100.0,0.0
pool1y24nj4qdkg35nvvnfawukauggsxrxuy74876cplmxsee29w5axc,325,325,325,0,491520.11029699974,0.0,3329896.047012816,3M-10M,1512.3695701446145,1.8728307692307662,100.0,0.0
pool1gha260s6hx855p49fc735w78p0kcp4hyxl8glymp5k5muk9jkgm,366,366,365,1,488026.9931919998,0.0,2375109.8770006215,<3M,1333.4070852240432,4.002732240437122,99.72677595628416,0.0
pool1hmtm4mukp5gs7fgrp0k997lveh4psq9qpeqa6ldugq9nsfcdxmp,339,339,339,0,486975.8624489997,0.0,2945797.237168846,<3M,1436.5069688761052,2.9999999999999925,100.0,0.0
pool1yjlmvfck6a2mhup4ljel06r635e9lhs0qsrzu6f2luepvsd42lv,250,250,250,0,484971.75388800004,0.0,4909279.435518478,3M-10M,1939.887015552,0.0,100.0,0.0
pool1z89dx8u42f4cvujvsjupsg50cfgqhjjuaxegvj59h9q9scra5fy,197,197,197,0,482703.6625199999,0.0,3854333.2637310717,3M-10M,2450.2723985786797,1.1421319796954303,100.0,0.0
pool1zfhww5y28t303z6uyq3w47pkhfmxww9dsn89vrxteplg2zjkekl,365,281,280,1,480976.8872419998,1275.608998,2348366.153013425,<3M,1317.744896553424,3.917808219178106,99.644128113879,0.26521211971630293
pool1jslaut45plz6ek7grjyzxz6kzgerr7p5204h9sprh3msw6d8yht,365,365,365,0,480770.8570179998,0.0,2246941.7482011626,<3M,1317.1804301863008,0.9999999999999907,100.0,0.0
pool1adhpjj009c0jekumqswj5jux6nvrw7v2k0wlu57vfjh7gd5wyh9,209,209,209,0,474686.048685,0.0,4421030.088144932,3M-10M,2271.225113325359,0.9999999999999997,100.0,0.0
pool19kfm6lz5uw7nylq27swr367mqdycmug7tve94l6h3xsz64seqtc,119,119,119,0,472933.62355599983,0.0,11661111.183587363,10M-30M,3974.2321307226875,4.226890756302513,100.0,0.0
pool1yqzyhuvspkzpjsnlm4rervl76y0wgc3mvuyc2x45r3j4scmufmv,203,203,203,0,472709.97531000024,0.0,4420211.38530052,3M-10M,2328.620568029558,99.8999999999997,100.0,0.0
pool1jsxk3ymqv2gdc6mhqk52544g2aun4zhq5wgx6n32l5s3jlne70n,360,360,360,0,471978.6465489997,0.0,2604115.585141521,<3M,1311.0517959694437,1.4416666666666662,100.0,0.0
pool1rhq7qyw4y2s80gstyevm6rhz2lsdsrcstawunxx5eld8csvuvlu,346,346,346,0,469747.52589600015,0.0,2490547.8936223993,<3M,1357.6518089479773,0.0,100.0,0.0
pool1hjpax8lf2hmct63xxrspe9zzmmywcrzw89yg3nacu0axzy0latu,374,374,374,0,468426.6002700002,0.0,3087093.1906777984,3M-10M,1252.4775408288776,1.999999999999981,100.0,0.0
pool107rsdzswa5s3y8wk5z62tgh5lhm790dsyqjp4lq66fht7qnaq9d,149,149,146,3,467547.94896899996,0.0,8815052.699735567,3M-10M,3137.905697778523,0.5000000000000003,97.98657718120806,0.0
pool10q2fhzwe4f5k2llny65z5z2fuhrpk3x56fdc0782djdq58p9uee,341,341,341,0,466951.3337569997,0.0,2948099.4904386946,<3M,1369.358750020527,0.0,100.0,0.0
pool14yrwkr6vxx46pz8zf5dehy2jfwu7pgf0vn4e6u0v97c5ckh9ddl,208,208,16,192,466251.483589,0.0,3421816.9535122444,3M-10M,2241.5936711009617,100.0,7.6923076923076925,0.0
pool165ljt7xrrpceutz5ppe96suuw0jcnrvhg0f5vu60df0r5mt0x0c,251,251,251,0,466000.06918800005,0.0,4251575.901492076,3M-10M,1856.5739808286855,99.00000000000033,100.0,0.0
pool1522rtve5zlgnlh3zm5a4mcy3u7gpndg3kkac3xyzxmp6x6weca3,167,167,167,0,463491.7587390002,0.0,7922174.77747499,3M-10M,2775.3997529281446,25.0,100.0,0.0
pool1esrdl3mj4pflc70p2rx5trz920v8d4796m6h2yqwpq39x5dmmxg,188,188,187,1,462938.034023,0.0,4798140.772596547,3M-10M,2462.43635118617,2.4840425531914905,99.46808510638297,0.0
pool1p9sda64t6l9802tsu2fj6phvt9xfqgcpjucyr3kek8wzurmn8rz,406,406,406,0,461263.0805690001,0.0,2020024.694308982,<3M,1136.1159619926111,0.16379310344827566,100.0,0.0
pool1pf6yhzdr9vpct5rc3dtwersl4lyuglp80l4jc67kf2qj29xjg2u,406,406,406,0,460058.4552889999,0.0,2322479.0815684167,<3M,1133.148904652709,1.0517241379310232,100.0,0.0
pool1k9w9u6rrn4f729hws6crwh4kc9jsdjq0e8q0f64jp0vzyallw02,15,15,15,0,459995.42824200005,0.0,50712415.1737568,30M-70M,30666.361882800004,99.00000000000001,100.0,0.0
pool170028ak8q37qf4e5lf7z8eyuscgcrqgzn9lh58a4g9ngzd83a0h,403,403,402,1,459012.41051900043,0.0,1904667.2679448503,<3M,1138.9886117096785,3.183002481389597,99.75186104218362,0.0
pool1jqw9cv37w0eewvdr36w2kacd2w9wh5uwm2y3vmc0fmdfc0ax26l,403,291,291,0,458070.03296399995,0.0,1904515.9425154554,<3M,1136.6502058660049,2.0806451612902994,100.0,0.0
pool1d42r0zln3kvvc54w4945735gnrm635as8hj8zy38tjprw2l49rd,282,282,282,0,458003.3223910003,0.0,3417643.3456426803,3M-10M,1624.1252567056747,1.1205673758865256,100.0,0.0
pool150hft90uw7tzr9uvj7tqkjp4u98a9hl20llj3n9ew76kkfm768r,406,406,405,1,457874.08795899973,0.0,2089691.449420134,<3M,1127.7686895541865,0.6689384236453175,99.75369458128078,0.0
pool1kl2vuauwfc5k0avf874ym5tcm04ywa22frleszhujeccj4va3lt,46,46,46,0,454777.27528299997,0.0,30424145.22841007,30M-70M,9886.462506152173,5.0,100.0,0.0
pool16r0t5fwwnehltxhh7wfstl8rwvjpz4npdn0s5jd36j0ysflw7ef,177,177,177,0,453890.24777600035,0.0,4214910.42478708,3M-10M,2564.3516823502846,1.9000000000000028,100.0,0.0
pool1ykwcqf7r8mj9fmprr9f3y62ftsrlalxm22j383gfpav76ddrc25,162,162,162,0,453888.79464999994,0.0,5902184.115947648,3M-10M,2801.782683024691,2.499999999999994,100.0,0.0
pool1t0jheek3yftf0a9dgzgr2hc2wttwrcjyd5whdrek4ggcc5famre,349,349,349,0,451458.38434100006,0.0,2392043.6449802737,<3M,1293.5770324957023,2.4542693409742036,100.0,0.0
pool1w2hc8xqzxpjw7dxwq65krmq79zswvvdmsgs8p04djwt8vm84qmv,277,277,277,0,450449.42505499994,0.0,2807856.2267793627,<3M,1626.1712095848372,2.407942238267152,100.0,0.0
pool1x3ekgffp0azuc8mwtx5gh5jnu59epar75grwclex4l0u2w8qlzx,135,135,98,37,449998.3059530001,1972.0300889999999,4642684.012038127,3M-10M,3333.3207848370375,1.6240740740740764,72.5925925925926,0.4382305584070283
pool1ra2su7cvnmr83pu9nvvz4a9carsgc9egc3e5fuk7h9pycyp5ela,52,52,52,0,449726.56031200005,0.0,28182067.070229627,10M-30M,8648.587698307692,6.000000000000004,100.0,0.0
pool1jrws5cpc6nydu0yxrexf5vflgga0fr4qlduz8cs3pgqmye3xurt,306,306,303,3,448967.390124,0.0,2934610.7185084457,<3M,1467.2136932156864,1.4999999999999993,99.01960784313727,0.0
pool103a3tldslwvrcvj5rfraezfqra7sk6c0njawszv6ttpjkq84gyz,137,137,16,121,448137.45454,0.0,5788824.629841043,3M-10M,3271.076310510949,100.0,11.678832116788321,0.0
pool1yj9xduuwzvdkcwm2mc9x893zq684x7pyah4ja8zmzplgvxz6wgk,163,163,144,19,445499.266046,0.0,4812392.971475927,3M-10M,2733.1243315705524,0.017484662576687113,88.34355828220859,0.0
pool12ehtdu5hfffpeqg968gtpqcnjv7hwfj3tshxcw8lg37tqcquhaq,189,189,128,61,444084.6638489999,53297.76780799999,3446652.85608316,3M-10M,2349.6543060793647,3.0000000000000013,67.72486772486772,12.00171321973924
pool1af7dmzgcyp9kc5lyrtrtpsce58l6j5cjvc8wavkwmzlr53ym50v,384,384,384,0,441547.7705120002,0.0,2469097.03489802,<3M,1149.8639857083338,1.1276041666666659,100.0,0.0
pool1fk7lk6x7j6jkxuvl0het8nmunra4g7370mw29f286dv9ylegutq,359,359,359,0,431973.3195829999,0.0,2188323.4498407803,<3M,1203.2682996740946,1.6802228412256328,100.0,0.0
pool1c0p84nykx0m4yqs9pkvlgagh3nlnrn77d5zed9kv9ktljh2cjcy,282,282,248,34,429691.4386130002,0.0,3807180.998009173,3M-10M,1523.728505719859,96.27659574468122,87.94326241134752,0.0
pool1lzrg40g7vwgrxf52h40mjv77wywajekkfr5p63gcaa6gxrnqy2t,136,136,133,3,428325.25388599996,0.0,4733424.167497031,3M-10M,3149.450396220588,2.027132352941173,97.79411764705883,0.0
pool1c30lqt59t8sjn5lg04r5wk5eucxa5h9cj05xs9gzc8lngl4cmta,182,182,181,1,425522.2286179999,0.0,6455341.805940577,3M-10M,2338.0342231758236,1.900000000000003,99.45054945054946,0.0
pool1je2n5smmnyn3lh92xrp8nepjyfp596ypga6pmdecwtcrcj9uvec,406,406,405,1,425265.99168499996,0.0,2244430.7064643386,<3M,1047.4531814901477,0.4615763546798015,99.75369458128078,0.0
pool1dmnyhw9uthknzcq4q6pwdc4vtfxz5zzrvd9eg432u60lzl959tw,227,227,227,0,425085.319588,0.0,5474917.225571634,3M-10M,1872.6225532511014,100.0,100.0,0.0
pool1ha4z9zne9z7he43qf0tzv9pdq8cdj63xfrj8s246u89lkcwmq7w,382,382,331,51,423646.489371,102251.520442,1750844.1820420045,<3M,1109.0222234842931,0.9947643979057494,86.64921465968587,24.136048098454857
pool10let2ne3rdnhf6pvhauqcsf7f83hkagp4lfs792frrmu5up7xa7,83,83,82,1,422546.01379299996,0.0,8117047.718869771,3M-10M,5090.915828831325,0.0,98.79518072289156,0.0
pool13l9qxpuzd70h7hkjr4ec3pf50w4x6tst5pxc7w33l5lyj4lpmtv,26,26,14,12,420301.0551059999,0.0,45921166.00392996,30M-70M,16165.425196384613,100.0,53.84615384615385,0.0
pool104v7kzpq86r0wnfsz8r7jeld2raap92qq84trjcqk62zyh9akqt,366,366,366,0,419786.91756400035,0.0,2276929.2303725746,<3M,1146.9587911584708,0.0,100.0,0.0
pool1u3v7s93f2d968a8kce6zgfmckfx56ly626jkml6jv7tgweplrn8,406,406,206,200,419557.09997299995,0.0,1678721.0892970222,<3M,1033.3918718546797,1.9999999999999791,50.73891625615764,0.0
pool19a88drt8dx3wu29e85vcl96wjsjt9vlnlj5tr4ydjqq86sfa84w,299,299,299,0,416983.6428080002,0.0,2606406.521575516,<3M,1394.5941231036795,1.8849498327759089,100.0,0.0
pool17r3u34ywld6sehe9dd5t40ygq7rmc6yfw2k0h0hpllznwlmwsnn,351,351,351,0,416905.50249800005,0.0,2139250.527575056,<3M,1187.7649643817665,0.9078347578347556,100.0,0.0
pool1zkdaju2rjefa52uh6yh6etsxla0x6aqs6p6wm245y5szk7k3msd,351,351,351,0,415615.041183,0.0,2533262.3365404867,<3M,1184.0884364188034,2.5000000000000164,100.0,0.0
pool1vce30junxx06g2ha8ww02cqgy644yj69ehhg2x95qe7323zfznp,248,248,248,0,412555.55491300015,0.0,3997434.1053560562,3M-10M,1663.5304633588717,0.13709677419354846,100.0,0.0
pool1qhs3cf9ymc2nvmrd2j8cs36cj9jdqgnqk6s9ngyvy2lz5s8rak8,353,353,353,0,412525.846445,0.0,2296760.4214996006,<3M,1168.628460184136,2.373937677053823,100.0,0.0
pool17e4rdh59t4fmn4g3p02xvs853katrjzge830tsmd3sfdc645yvt,390,390,267,123,410996.93755299976,26664.461984000005,1948305.0286684264,<3M,1053.838301417948,2.7282051282051194,68.46153846153847,6.487751987339689
pool1pk8mzy6c7ef6m3qxc9gg6flec96pcn4sdd6maakkweyf5whuuu7,199,198,196,2,409721.80986200017,0.0,3444168.704277543,3M-10M,2058.9035671457295,1.0000000000000007,98.98989898989899,0.0
pool1nt65pu06tlggjeaer8862fdju98ddrrxa9wnw3k4lhfvgrrgt85,314,314,313,1,409572.48671800003,0.0,3164371.1171103376,3M-10M,1304.3709768089172,0.006369426751592357,99.68152866242038,0.0
pool10jqlkjfn2rtlc6hp95p8k4h04h3dfmdcgnga6umwp2rpukpg20l,398,396,395,1,406896.25857399986,0.0,1878194.9122248152,<3M,1022.3524084773866,1.3900753768844043,99.74747474747475,0.0
pool1rxgxstg6t7azlsrk4vuuwp0jgl9e776dg86zqzaa0qt6vz43n9r,193,193,193,0,406538.26192699996,0.0,5677306.904025378,3M-10M,2106.4158649067354,99.98487046632097,100.0,0.0
pool1grz62pdyyakffeymsjxpkz4x9382y3zhfa8zu28tk2fpqxm6p5l,362,362,362,0,404812.2602799998,0.0,2118473.3816560525,<3M,1118.26591237569,1.1517955801105029,100.0,0.0
pool1fuu0vcmzc28lqm09m4j3llg64ghf9j36tcsp9vcy3kpnz9pg9hn,68,68,68,0,403347.203003,0.0,18133108.369323965,10M-30M,5931.57651475,100.0,100.0,0.0
pool10wcmpvjmmv7ph7cz2263f52yckvnnwu5kdppwqgu74s2qhe7l7m,364,364,364,0,401553.27339099965,0.0,1894646.7690576,<3M,1103.1683334917573,1.5137362637362464,100.0,0.0
pool1uqgn8wt3qwaextmmurmcjmk3egwsac6sunyqtrssrdeavlgpyr4,276,248,226,22,400784.82882000005,1228.139369,2246141.0503798933,<3M,1452.1189450000002,2.615942028985507,91.12903225806451,0.306433597453256
pool1lllmq2jgcqrag5c77lpc5m34fsqn63leadyx9tzx842n66ly3ql,406,406,406,0,400072.96775100025,0.0,1444864.492357079,<3M,985.4013984014784,0.20911330049261095,100.0,0.0
pool19gzu2dyp0g9e0nsvtg34fdhrtgr8c5jq37nscalqkh3hsjmas69,304,304,214,90,399494.95098799997,0.0,2866673.82113681,<3M,1314.12812825,0.24407894736842123,70.39473684210526,0.0
pool18heqrjtge2emf2hes4mdxkr76y99zztkqk4qtjr9dul0vuur0yu,399,399,399,0,399280.433567,0.0,1954045.046808629,<3M,1000.7028410200501,0.15969924812030067,100.0,0.0
pool1rtj8f2pjedcjh78ey2fc4wvatjyeudeam6lsv6snttwuvhn2vsq,51,51,50,1,397860.18392700003,0.0,16092093.949029375,10M-30M,7801.180077000001,85.19607843137256,98.0392156862745,0.0
pool1x7j89z3n7y7g8syk06nahcrwkdphhw6dymt8r3gf8ulyksrzh5t,323,323,323,0,395592.6683700001,0.0,3147160.562189694,3M-10M,1224.7451033126938,1.012383900928794,100.0,0.0
pool1r0sxz0hygfc0266lhdclve6j3cwcwlth6dya6uey65yxjnwm7qc,366,366,365,1,394847.93033599993,0.0,2893380.6439090376,<3M,1078.8194817923495,0.11748633879781425,99.72677595628416,0.0
pool1ywt7jqfsmxg0yplku4mtdwtm476rp72z6fns9mhevf7u72pkupj,406,406,406,0,393903.7830270001,0.0,2008311.2531716793,<3M,970.2063621354682,2.999999999999983,100.0,0.0
pool1drv9qkh2tgqqucc0jp8cwswpmmkfzdd898ja7ac0uwm9j5d44tq,360,360,360,0,393737.050171,0.0,2365262.0036570723,<3M,1093.7140282527778,4.972222222222203e-07,100.0,0.0
pool1efcy26vzdpn42c042ylynmx568m0csfle5yvkumh3v5xjhdraxk,108,108,108,0,391627.3036180001,0.0,5069062.257615964,3M-10M,3626.1787372037047,1.7037037037037048,100.0,0.0
pool1zmhvvzlqp0xrhhqjhxyvfuct83wk4w85jckfkypz4fskcjzze2x,162,162,162,0,390719.834853,0.0,6433594.326102469,3M-10M,2411.850832425926,100.0,100.0,0.0
pool165zu45p489lpuypt4fsuc5g8l9g9ha4dddlls84jlsp3k4vsw9p,290,290,290,0,390464.45351599954,0.0,3078156.9858497446,3M-10M,1346.4291500551708,3.5931034482758686,100.0,0.0
pool1t847w2hfv33qrra7q33nzq8epvcxv6ydshcq7w7j23c87xv2c2k,356,356,356,0,390255.7970919999,0.0,2718806.6666032188,<3M,1096.2241491348311,0.03089887640449438,100.0,0.0
pool15lp37f7da0guj662jcxy0eyc49s5gxudcd93j8qz4nfcvuhrsf9,368,368,368,0,389787.9841000002,0.0,1874561.9826671109,<3M,1059.2064785326093,0.035326086956521736,100.0,0.0
pool1umslg2gmre4znj8hsx9x2u4ah4gfw8guv4mjthnjge3k2j5f8cl,225,205,205,0,389212.0282629996,0.0,2694496.4042938286,<3M,1729.8312367244428,1.5088888888888914,100.0,0.0
pool185ev4czpm5hc9xud25xlcz5lhpnl2jztqas6mgxujqke7j5mdzc,326,326,326,0,387756.2326270002,0.0,2954595.2746966425,<3M,1189.436296401841,0.015337423312883437,100.0,0.0
pool18xyhhrlxp6svh3rpr8fe8ts88ymn7xatgd74305t8548ccgtacq,86,86,86,0,386749.2497400002,0.0,6391035.209666375,3M-10M,4497.084299302328,2.5348837209302326,100.0,0.0
pool1l8myd66tqjk75kh7uk9k8nyl20sd4qs33s4tzzn927ujyl7ahyk,403,403,403,0,385957.069076,0.0,1778566.5293730116,<3M,957.7098488238214,2.9999999999999836,100.0,0.0
pool10s6zdzdnncnfc200wnlp9endaeud76v424zdnurx9askwshm02x,26,26,26,0,385674.76427399996,0.0,34436826.86713339,30M-70M,14833.644779769229,98.99999999999996,100.0,0.0
pool1nqm7rm98j5z027kdfcf09kunacz2w672xzx2ucdxacs954r5dul,240,240,239,1,384908.21898500004,0.0,3423945.6435778844,3M-10M,1603.7842457708334,0.3625000000000002,99.58333333333333,0.0
pool1vsuq3gtdvvsyma3gvz58chk8u4gu5yd03w8ptfks3ttxwpfvf0e,208,208,34,174,384526.13909599977,283337.5760019998,2505531.03212328,<3M,1848.6833610384604,3.0000000000000036,16.346153846153847,73.68486747561847
pool1wm5pnu72efdcvjm34r7ykkxx2h549swddjrn6r2aqy3tvjc4l57,29,29,29,0,384331.662372,0.0,39767534.77003479,30M-70M,13252.815943862068,10.000000000000005,100.0,0.0
pool1mdyuct0kgd0hcjjnea999me5dxqpepr4y8du4smegfm3vlr37w5,271,271,271,0,382587.5205900005,0.0,3302456.9623167873,3M-10M,1411.762068597788,0.42066420664206666,100.0,0.0
pool1kffetqjt06qvk4995tz3e3q9h3c8cdq9eedrz8qr3ynnc63qckz,398,398,193,205,381661.8027039999,68549.24591299999,1779649.71977079,<3M,958.9492530251254,0.9874371859296383,48.49246231155779,17.960730004245086
pool1ntr0gyvdenpqm9uwwguaw028ayuuck2vx580l2r3radvg6m38pl,220,220,220,0,380309.80572300026,0.0,2719211.5389979347,<3M,1728.6809351045467,2.8563636363636276,100.0,0.0
pool1nzsjg3cuam3uj39qusn44cs2uj7h30lppqsrqsllwxs2c8fx4xs,336,336,175,161,378509.759543,23748.012341999998,2872352.8850880703,<3M,1126.5171414970239,4.008928571428539,52.083333333333336,6.274081907603268
pool1j2ssr9lhdf4lfcnlnjqn4q94xtfrredenknjvqaje4jlkhz0wn5,120,120,120,0,377821.5344570001,0.0,8050548.131418275,3M-10M,3148.5127871416676,4.999999999999989,100.0,0.0
pool1ralkckmup253k79hap4chku450qyshezh4sasjqh0ltxu2gytlq,361,361,361,0,376327.6898789997,0.0,2168509.1903222837,<3M,1042.4589747340713,0.05540166204986149,100.0,0.0
pool1sm2kmdn4f9rat3kl67y9drqcnnqc34zg4f4ufmnrfaj45gcv89d,405,405,405,0,374998.93914599996,0.0,1853533.473671938,<3M,925.9233065333333,0.563580246913574,100.0,0.0
pool1gqf605yxhmyfasdjhf8yxcesztgzuek9gfuvy2dnyj5cyp8zga3,399,301,213,88,371530.4258939999,21400.647075,1535666.7461337307,<3M,931.1539496090223,0.541353383458646,70.7641196013289,5.760133109826581
pool1l06jygvntdfqt77td6g5rp9s4nycue0vq837jmrygyktke23pcy,323,323,199,124,370554.96113400004,14850.419779,1763145.9220624003,<3M,1147.2289818390095,1.2198142414860558,61.60990712074303,4.007615964323789
pool17v3ttt2rhr0ve60gy70y9pqtt30u5quhch98dw2sgvc7uez3fng,174,174,173,1,370463.94120699994,0.0,3904195.4927826263,3M-10M,2129.1031103850573,1.0000000000000007,99.42528735632183,0.0
pool1qaxrj6n50naglqmzj5puq5sd0awgy9wnqmykpwmcah4vzhndpve,353,353,353,0,370407.18787500024,0.0,2403242.40121131,<3M,1049.312146954675,0.0169971671388102,100.0,0.0
pool13wzpwavanfpkr4r4j30plrlc6dn6p822lkt22zdllmy7q8y7s90,406,406,406,0,367977.9865410002,0.0,1337852.6971786318,<3M,906.3497205443355,0.15640394088669957,100.0,0.0
pool1xj5f7a79lnc9v0gjn00fkf2lyzexngka59tpcew5rrkyqveagpt,406,406,402,4,367542.58740600036,0.0,1773015.106088854,<3M,905.2773088817743,1.858866995073909,99.01477832512316,0.0
pool1xdw95vvpt0lj2gvej42dax6p9pehwgkw25q4cgvkvvdu2k29y5c,166,166,166,0,367406.85235500016,0.0,5331638.749341594,3M-10M,2213.2942912951817,98.0180722891565,100.0,0.0
pool1sf784g6eje8vzq9f5wu583eurhfq2ee9hzyhl46yezkuqqtmw07,406,406,406,0,367009.16216799995,0.0,2101745.7388789407,<3M,903.9634536157635,0.8349753694581211,100.0,0.0
pool1mscll7kd2y9c56kv7thv7kv99wjvrr72uwpmuhphaltjz0pkuqa,374,374,374,0,366807.81161100004,0.0,1801563.4437819985,<3M,980.7695497620322,4.085561497326163,100.0,0.0
pool1pcsj4zltacqzdjefsqsyysgk3hkrusxdp4uyt0delernwcusn2g,218,218,218,0,366436.3547349998,0.0,3011605.8507619444,3M-10M,1680.900709793577,1.9999999999999976,100.0,0.0
pool1h707wwzd9a3wlsz2x2dwng0rn7vep6mggxlgww9u7szagx8elcn,282,282,282,0,362098.21709599986,0.0,3030358.167634283,3M-10M,1284.036230836879,3.4680851063829823,100.0,0.0
pool13fpvzhz7p0f4c960k44erfykflr7qdp86t6jnxlfamhqcmfha42,103,103,102,1,360949.4450260001,0.0,10808337.02232279,10M-30M,3504.3635439417485,9.99999999999998,99.02912621359224,0.0
pool1jmx55w5ydjkn4xd58gmr9xgt5t46ngs48aek779t92e7zcqfw97,247,247,247,0,359714.06942700007,0.0,3621302.2145730816,3M-10M,1456.33226488664,0.9999999999999966,100.0,0.0
pool1980svf2cxnfy66s5jgjv7y22xud75z9kfe6n0c3y54s62w56435,405,248,0,248,359460.78675199987,256092.5703180001,1911905.4565657813,<3M,887.557498153086,0.34024691358024717,0.0,71.24353469316922
pool19m547w9wkcqm5hcstz67fly4ucz0zsp3dqv4n956xyusy4dlpue,200,200,199,1,358712.11549999996,0.0,4326803.000501715,3M-10M,1793.5605774999997,1.0000000000000007,99.5,0.0
pool1qqmvjqwzcg3p0x89a9hd6lgwvqq8wy2w6mcx0csaxq4x6xz7qyn,246,246,200,46,358399.42540499987,0.0,2451846.2406633873,<3M,1456.908233353658,0.33821138211382135,81.30081300813008,0.0
pool10r8gk6z4epj36rluw3klk5k0uzfcdc0rw9cu0zuyxw56quaksrv,318,318,317,1,358073.7768459998,0.0,2305263.349536447,<3M,1126.0181661823895,97.28301886792453,99.68553459119497,0.0
pool144m894gswuy3se407ma5870nkaw5ylykrak73gf4kpepj50ulfa,406,406,106,300,357252.7522730001,131654.38927999997,1475371.6173007013,<3M,879.9328873719214,1.8103448275862108,26.108374384236456,36.851889437479905
pool1aq2kqdp9xf9w47vttvmqnahwd4scz2qyddsr9l4mfru4qddg3kr,297,297,297,0,356478.71095299965,0.0,2873545.8445150023,<3M,1200.26502004377,77.90572390572412,100.0,0.0
pool1q2fh3cl6rx0wv5gry4qx5l4h65qpjf7x99xmq66nqj2fj5g6u9z,358,358,358,0,354420.46996499965,0.0,2907027.5123416902,<3M,990.0013127513956,0.0446927374301676,100.0,0.0
pool1e59h5m5vyggszyafel7zvcnsayt2de7wyxyezlrsmm4a679q3zr,156,156,156,0,353877.1829199996,0.0,5325439.852130415,3M-10M,2268.4434802564074,98.99999999999997,100.0,0.0
pool1fu6ppur5uumrpydpeswzrvfg4epr68xw39aar9rcu56tk5ukat3,351,351,351,0,353769.062128,0.0,1910818.424335527,<3M,1007.8890658917379,2.821908831908825,100.0,0.0
pool1jxv3my3c70e8pfr0cgm6esatehey2ml3v0qk8x236aw32eu0fcy,366,366,366,0,352887.68810599967,0.0,1973391.2863925335,<3M,964.1740112185784,1.1466120218579128,100.0,0.0
pool156wg3relgtlhwu55z3wpqurtaprguefe9tzrakhuqyyc60553au,406,406,400,6,352170.62901099963,0.0,1661427.0865006687,<3M,867.4153423916247,1.0197044334975263,98.52216748768473,0.0
pool1n7s5kpymwd0zsld8q23tpf7z5esjaqwmnnzzssee5630zpx5ww0,386,386,386,0,351748.68446100026,0.0,2049925.7127236384,<3M,911.2660219196898,0.42487046632124387,100.0,0.0
pool1ea9mdplehlxeqhv8ax9ldh36gltqqma7c5cm30jw09r2y30646r,45,45,23,22,351231.1064049999,249616.18246400004,10009345.785607548,10M-30M,7805.135697888887,16.755555555555556,51.11111111111111,71.0689280966393
pool1hezakp5r240dy4fcsm7mfd3qqahcvyrhj8hl770yxmxxzdwvcre,256,256,256,0,350578.8786910001,0.0,3586999.621049432,3M-10M,1369.4487448867192,86.83593750000037,100.0,0.0
pool137x32lrkprphrd0aa8x4jqz98z6lc0wawlc88hdjeps4qe408ad,162,162,162,0,348904.4292630002,0.0,3187592.4508503876,3M-10M,2153.7310448333346,2.8024691358024554,100.0,0.0
pool1vulu80lngn7t3jf3trclavfal7h58p4ap5f849r35z6mkfvac3c,33,33,33,0,347607.283509,0.0,19743066.125848547,10M-30M,10533.554045727273,98.99999999999994,100.0,0.0
pool1sks9qwpygf9vmgeuh4n4a3s36k35c3qnz7pd4qqvw5825x62y3y,406,406,406,0,347468.5559699999,0.0,1555305.1787665533,<3M,855.8338816995072,0.621921182266002,100.0,0.0
pool1kruxznxaqgramllcc4c5sxm6wlsn9auah46xyawkek74u8aurxd,153,153,153,0,346101.1671579999,0.0,5308887.772465448,3M-10M,2262.099131751633,99.51960130718945,100.0,0.0
pool12584mjtgz3fhgpx823qht56gycnfnezg6aqqthazv4qdxkd5c46,406,406,406,0,345977.45109100005,0.0,1398539.332568491,<3M,852.1612095837439,1.9999999999999791,100.0,0.0
pool1glgf2t0wp6ktpf7arvzelhfuqkqpwttdsxjf0684rhg7vwmvpv2,198,198,198,0,344751.1940840001,0.0,3364596.2761243926,3M-10M,1741.1676468888893,1.095959595959595,100.0,0.0
pool16x0sjyw7rurtka3apuy46mvd53qm3e6yppt3t4alklp050qr3up,168,168,168,0,343812.35486299975,0.0,3332148.490842475,3M-10M,2046.5021122797605,0.5952380952380955,100.0,0.0
pool180pfdeg9shtdu47hcjdw2kcxhz7r6pz3juzej8mkdjvtjt7mkm0,95,95,95,0,341840.70654800005,0.0,5123673.626503663,3M-10M,3598.323226821053,1.6736842105263123,100.0,0.0
pool1dzz5se25fp696axykcw6wwp3yl4fk44jc62yeflrquvfxlktldq,398,398,389,9,341768.2788610001,0.0,1725808.6539524028,<3M,858.714268494975,2.9999999999999845,97.73869346733667,0.0
pool18qzks8vdf0yu0u5ccf8aaj35q6zfutdcfgrssuvdjmgtyykr922,392,392,392,0,340500.53776000015,0.0,1813301.8666032203,<3M,868.6238208163269,1.3579336734693708,100.0,0.0
pool1lxhlu48gq0606mj6k20mh56zz804zf7narxvmty4pd3mgee65e5,362,362,362,0,339933.3056270001,0.0,1724297.2576925026,<3M,939.0422807375694,0.9999999999999908,100.0,0.0
pool1r27ykcu58krnxlp098n78re2rfx3ylmgvfqf84nn9qlfx5j2lsu,161,161,161,0,339393.9556640001,0.0,3267077.817588696,3M-10M,2108.0369917018643,2.0000000000000013,100.0,0.0
pool18xysavc2dazzvc7xaqyh6t966zlawgupkdzyfc0yspt76ggxw6g,254,254,254,0,338418.5727750001,0.0,2395437.3284914084,<3M,1332.356585728347,2.500000000000009,100.0,0.0
pool12p0qtp89dfzr6spqq4xl6ha2s9m8lqydnvfafyd0h38fy0hfv3f,311,311,311,0,338036.69625499984,0.0,2977362.1285296367,<3M,1086.9347146463017,1.3810289389067536,100.0,0.0
pool14mhf0xtx45a8979mcnad8upas8apwal4nfqd95arv4wlsuk6m9q,70,70,70,0,336515.77794500004,0.0,15227657.57292324,10M-30M,4807.368256357144,4.000000000000002,100.0,0.0
pool1cx79cuquzjdm0c6xk3ace333zcq83v44p68vx7edpfufzkp8m35,195,195,55,140,334708.1116330001,214498.27312000003,3283513.318026582,3M-10M,1716.4518545282056,1.0000000000000007,28.205128205128204,64.08517321958202
pool1tc6cy0cqknsm49cvsz0mksajfvlmh3vvcp8ngtmspycgx932w6g,323,323,323,0,333837.31622700003,0.0,2216863.0637586745,<3M,1033.552062622291,0.04643962848297213,100.0,0.0
pool138ympy6qjnq35snr5utt072dzt4lnzppyjauuppce4heqn2rgjc,241,241,241,0,333304.02856600017,0.0,2385697.008433066,<3M,1383.0042679087144,100.0,100.0,0.0
pool1jre4hpk3hwzlzh64nfsjkhe6gp4006sy2v8ktqre2qth7uswrtf,189,189,188,1,331050.7960350002,0.0,2453373.7522825263,<3M,1751.5915134126994,3.200000000000002,99.47089947089947,0.0
pool16xwm8el8knrmxee7d79wjt9lgm45cyuf055rv0s0ms05g592l2c,173,173,173,0,330709.8182159998,0.0,3860216.6949376427,3M-10M,1911.617446335259,7.4999999999999805,100.0,0.0
pool1va0dv0map5dqhaj8pyc3rg0500drqs0m5smcxme6xghnc7ygmw8,290,290,290,0,330019.9150229999,0.0,2711915.454742375,<3M,1137.9997069758617,100.0,100.0,0.0
pool1x89ssjp53eczthatft9w74749558nsz3pq5jn056634pgt5m58s,385,385,385,0,328949.8370970001,0.0,1650534.5539206578,<3M,854.4151612909094,0.24935064935064946,100.0,0.0
pool1taadtauxnhqql7s58fztlmnsxg0680mdaz25yry42q4m5s47z8n,274,274,274,0,327888.079298,0.0,2358392.40886515,<3M,1196.6718222554746,3.9999999999999787,100.0,0.0
pool13r4e7tttcxp4qfs4gqtv0hz5k48qdhhxrskz8pjrj6fqy5qmee0,192,192,191,1,327536.75715099985,0.0,4827125.306392174,3M-10M,1705.9206101614575,0.0,99.47916666666666,0.0
pool146842tr5vgq52vksmccp82ttelgk6vwy5804sknmx6slyrehm4y,219,219,219,0,323275.545126,0.0,3188893.5398004893,3M-10M,1476.144041671233,98.64383561643835,100.0,0.0
pool140xj040w37pcufxdhpjne03sn2rd0fxys4m2c0sgjw5pqjnlx8f,397,397,48,349,321913.31754300016,265708.28206800006,1561449.6569164423,<3M,810.8647797052901,1.8488664987405368,12.090680100755668,82.5403198898435
pool1jv4yvr5edp7qp690hk3qfudwmw28n2wygjxyhaecqkzeqh0wlem,332,332,332,0,321446.2054190002,0.0,1993024.471845832,<3M,968.2114621054222,0.0,100.0,0.0
pool1gx2pz27mgupdqynr54s57jrepc3n28yx0wlx0j5ypka55aan9qx,312,312,310,2,319763.6468549997,0.0,1812920.2842919587,<3M,1024.8834835096145,0.490384615384612,99.35897435897436,0.0
pool1pxw4z2m0lmw422hr32dwyy3uz9436g8p7qdmg2sl2w0m5pyk3yn,396,210,210,0,319390.042311,0.0,2105834.502100716,<3M,806.5405108863637,0.674242424242421,100.0,0.0
pool1we9umarzn0l6jp8mcm98y28lxuuzcurzpjldnjwtgdhgw068mnr,324,324,323,1,316592.5265429999,0.0,2281550.9396363483,<3M,977.1374276018515,1.8016358024691295,99.69135802469135,0.0
pool1kx0jm9ycs3t99tnwafw6w72jkdlzhj5ltxe2nrzkd9x2u5x343h,227,227,227,0,316339.0959799998,0.0,4204823.562747362,3M-10M,1393.5642994713648,34.905286343612374,100.0,0.0
pool1wr79nyuty7wjgkey5vlfx9rn0x5ecxgge5mq45fpftqhye2shc0,56,56,55,1,315375.280114,0.0,16836234.321764853,10M-30M,5631.701430607143,2.000000000000001,98.21428571428571,0.0
pool1c0xj2fa97zuz4phld87atg6yphz3hju409fm5xgnwuuvqww25qj,383,383,383,0,314661.56403200055,0.0,1853553.3192731966,<3M,821.570663268931,1.0261096605744022,100.0,0.0
pool1h0anq89dytn6vtm0afhreyawcnn0w99w7e4s4q5w0yh3ymzh94s,57,56,56,0,314572.7654879999,0.0,8405760.886407731,3M-10M,5518.820447157893,1.649122807017544,100.0,0.0
pool1wm89xjqp96t3mlun3pa5suxa3t4s5lluq239en0nxl7pcm5tprc,406,406,406,0,314477.918479,0.0,1102020.9156807456,<3M,774.5761538891625,0.20837438423645296,100.0,0.0
pool130sxcuaxh2yc4chs68c4jsep4v7zfhgdqutm60ngdvt9sa2ga06,406,406,39,367,313656.3750399999,139424.38708700004,1073288.472036897,<3M,772.5526478817732,2.0541871921182047,9.60591133004926,44.4513162116407
pool1xfkn3229pxwfmaula9vk9se4ur5x5pvxn78m7j63etgcczdhcs9,81,81,79,2,313122.959797,0.0,6226929.350237467,3M-10M,3865.7155530493824,2.3703703703703725,97.53086419753086,0.0
pool1kcrr7re05pwesye0zh00a4xxnsrw5c29rd82fn4qecdcqu5rue3,313,313,313,0,312184.3949959999,0.0,2344984.285114693,<3M,997.3942332140571,0.19808306709265186,100.0,0.0
pool1peayemzlkmcwn64c455mx8sxdaztq0xuv9hdxlp0kcsxz57up3z,345,345,345,0,310470.1369600003,0.0,2087295.5095840858,<3M,899.913440463769,1.6608695652173728,100.0,0.0
pool1sysgx87cwxnqy0pqn8g97gdhd0dmre9rw3jvpn2k7apuwa7cgkn,30,30,30,0,310421.721457,0.0,33274780.777595934,30M-70M,10347.390715233334,0.0,100.0,0.0
pool1l6hkustv67tynh66w46mys94wsxhwddgp28k3r5twwlsv80uw0k,406,406,406,0,310382.952682,0.0,1310614.8570466521,<3M,764.4900312364532,2.5000000000000187,100.0,0.0
pool1nsaul82z7ytu73q96w2wgj8wrardmrzjkuzaankzn0xuqkj70qm,292,292,292,0,310242.3922399996,0.0,2474761.00104485,<3M,1062.4739460273959,1.9000000000000066,100.0,0.0
pool1cjy3c9v5z7xhqhhd83mltke2sf48esu0jfjzpty0k07y78df42q,22,22,22,0,310118.94949800003,0.0,17470788.26440858,10M-30M,14096.315886272729,6.0000000000000036,100.0,0.0
pool14vc8rpu8uuvl2jns8g3qlllm84u5kfmfkr5k09vzfjlyxe5mlfv,45,45,43,2,309030.06820999994,0.0,8738959.257052489,3M-10M,6867.33484911111,2.8999999999999995,95.55555555555556,0.0
pool1n3sjq3qvu5vvcd6aud6ndcwq7r3ghmkafcg60gznlwfrk2ucxku,253,253,253,0,309030.0117670002,0.0,2832570.972885775,<3M,1221.4624971027677,4.794466403162071,100.0,0.0
pool1tc0g4htxvzvg2z5c25ffq5ycukn9hjh3el5dzy767za2gukckee,206,206,203,3,308195.548182,0.0,2037660.950187523,<3M,1496.0948940873786,2.0,98.54368932038835,0.0
pool1umflj8hjq873fs9r6aq2zvgs88zrs5xjswn2znkdaehlz2eqy59,352,352,352,0,307955.589207,0.0,1913778.172487694,<3M,874.8738329744318,1.1499999999999932,100.0,0.0
pool1k468tmpfxqexnwyf3y7e3syglyxzmuqggmjm3cc4gy3skmm557a,306,306,302,4,307674.8466790002,0.0,1930225.8282682234,<3M,1005.4733551601313,2.9999999999999987,98.69281045751634,0.0
pool1rqgf6qd0p3wyf9dxf2w7qcddvgg4vu56l35ez2xqemhqun2gn7y,387,387,387,0,307189.455581,0.0,1576736.385041192,<3M,793.7712030516797,1.0064599483204033,100.0,0.0
pool1v6mdg9xm9a80js00zx53c6nagcw5m0m970nm4my4pkrlyxq707e,406,406,405,1,307175.9517310001,0.0,1108342.2057673556,<3M,756.5910141157638,0.20935960591133015,99.75369458128078,0.0
pool14kg79f3v5lqfvp5etqvmy6m9kuzpnd80w5cl44qrl8tpuk00quc,336,336,336,0,305128.2911540001,0.0,1416499.7520129327,<3M,908.1199141488098,4.199999999999985,100.0,0.0
pool1u7zrgexnxsysctnnwljjjymr70he829fr5n3vefnv80guxr42dv,377,347,347,0,304674.244377,0.0,1665018.5516820375,<3M,808.1544943687003,0.9405835543766503,100.0,0.0
pool1apupv5qtfp2aa2xlrzzjzx0uj686g3n695a329nq8j5jvvzumz0,228,228,228,0,304546.69631299993,0.0,3390589.4581620493,3M-10M,1335.7311241798243,0.8662280701754393,100.0,0.0
pool1d0vm9y545l3y2g9pamx45k4e498nllhd8wy4289vw8mt70am2r8,392,392,390,2,304495.88864200027,0.0,1221946.0345834505,<3M,776.7752261275517,4.869897959183647,99.48979591836735,0.0
pool1qqqq58jy30weq2an3px3maljdmawcwh6ml4hr8m9euq9z2n7wyz,406,406,406,0,302422.6379880001,0.0,1298818.6322559929,<3M,744.8833447980298,3.5000000000000115,100.0,0.0
pool1ddghnthymd3duklvx5pfunymqg29xe4vlmy89u2efyjdktn33kz,404,404,404,0,301260.624697,0.0,1250529.619304031,<3M,745.6946155866337,1.1512376237623625,100.0,0.0
pool1hx4wc45qhhychdvquhem0q3madcs2mp4r0wllk70zkpxz7jhyf4,66,66,66,0,300907.75915900007,0.0,13917132.507001273,10M-30M,4559.208472106062,100.0,100.0,0.0
pool1q5za50d3sr707xkmjtyrs0v76ezxyj8g8uhggfk0wfl77aufd9k,367,367,346,21,298959.018399,0.0,1753837.642205484,<3M,814.6022299700272,0.9999999999999907,94.27792915531336,0.0
pool1cx8njhvw34weqykla5fz38ngt3dr4d0ltv0srqjqa8ugzap937l,379,379,5,374,298949.510941,0.0,1379841.1142332393,<3M,788.7849892902375,100.0,1.3192612137203166,0.0
pool1q9kwa675j2z53jecrs6pn3fqsc9ypxrsypu5dgu6hammqkagy22,378,378,376,2,297517.304878,0.0,1998304.4230711798,<3M,787.0828171375662,1.116111111111099,99.47089947089947,0.0
pool19vpp0udh6qtu5dv9dwssamqsttx7z7n9ml2wed67j0pdkck9vnj,189,189,185,4,297337.6894839999,0.0,2134210.1991278515,<3M,1573.2152882751318,2.3000000000000016,97.88359788359789,0.0
pool1h2gdu3lj3tlyh79nhxv6794nrs3n5ccmjchy0w2gx3mlg79jtvr,90,90,90,0,296788.3968619999,0.0,6588729.300137324,3M-10M,3297.648854022221,99.01099999999991,100.0,0.0
pool19n5ml38q5uedy8kgwwwtlsa3p9tmfcef0lfjp42k7j9d5mpgs2m,364,364,285,79,296219.0532260001,5512.847115999998,1676134.3218354338,<3M,813.7886077637365,0.7280219780219784,78.2967032967033,1.8610710742478727
pool19rz6ve8nz6uvq97yspwh3fvt7w03dsjsnmft6du83hvtc324dus,324,324,324,0,295864.55688299984,0.0,2216158.6043418036,<3M,913.1622126018514,5.000000000000029,100.0,0.0
pool1mmrdxw97yt9q22yaece43h7em2fhsgumrww7za9jdwt9xraehp4,162,162,162,0,295261.48760700016,0.0,2944677.593838221,<3M,1822.601775351853,0.4814814814814817,100.0,0.0
pool1e9tp0emvvg9sc4ds9h4nhwk8qpn6869qwnas2qywu9ep2reaaxe,363,363,363,0,293725.6202430003,0.0,1405983.576543059,<3M,809.161488272728,1.9999999999999816,100.0,0.0
pool1um9xlaxaaw8grl34wna2ru5jnu9gwswk6p9hat6syegys09836g,23,23,23,0,292762.136844,0.0,16710194.09781925,10M-30M,12728.788558434784,6.0000000000000036,100.0,0.0
pool1etfxpqw7456eh337p7x5jsvxxa67fsduvnmucevrqweckex3nhl,196,196,196,0,292748.3128850001,0.0,4028377.4440937387,3M-10M,1493.6138412500004,0.12500000000000006,100.0,0.0
pool158ag8p06qm4apd750ekep6een9cdldqsq434ll2mp0ykgunmguy,406,406,406,0,292058.85701199976,0.0,1216503.1838287117,<3M,719.3567906699501,3.132758620689635,100.0,0.0
pool13wwxqu7sj9cunca3gc8lunqtz8e5un9phrhq52870ful6jw6usm,200,200,199,1,291447.69070300006,0.0,2185167.67186107,<3M,1457.2384535150004,0.46035000000000015,99.5,0.0
pool1aavk93lvhqfhskga397sadl0w30tul9sp587gh7r8mt625zxze8,381,381,369,12,291043.074283,0.0,1198713.8078182747,<3M,763.8925834199475,1.0170603674540581,96.8503937007874,0.0
pool1nkupy99hkqqqzdsenxrgenpf05auqa45e27tzlqqya70kjwjphn,220,220,220,0,290838.19374600006,0.0,3335841.9345869045,3M-10M,1321.9917897545458,3.9999999999999947,100.0,0.0
pool1mfgqn8n658vjdcvg3xgtr3qyet64fht0dzsukqeznxw36z8g2k6,385,385,385,0,290765.43185299984,0.0,1913575.2913096263,<3M,755.2348879298697,1.8414545454545577,100.0,0.0
pool1dum9ya0d8dufl3alf4xska5acuq3w4p2a6fu5v50jnh9xzexsxt,187,187,187,0,290031.605482,0.0,2293495.55184353,<3M,1550.9711523101603,0.6149732620320859,100.0,0.0
pool16u5trhs7ysdh2e8aadk0p8xp52sczl8s29ay6ythv3sxujmdfeu,115,115,114,1,288724.33193499997,0.0,4609860.340774445,3M-10M,2510.646364652174,100.0,99.1304347826087,0.0
pool1clqazwqrc0mkuu20l22z8c8uqlwjtj5jna6rk940ufjjvqu0fka,146,146,146,0,286267.676038,0.0,3822600.121956849,3M-10M,1960.737507109589,53.17752739726026,100.0,0.0
pool1xgwvxpas3r8nvg9z0f5cdcyr56whynkl9dpa0ukpq4ztjfspk9r,251,251,247,4,285741.08177999995,0.0,1925496.6781544928,<3M,1138.41068438247,0.9844621513944157,98.40637450199203,0.0
pool1lr9vvcf5r5jgkgv5ly7z2lh068ymzg4xmqk5f8pu2k23vt25x7a,365,263,263,0,285728.328524,0.0,1360131.62248916,<3M,782.8173384219178,0.0027397260273972603,100.0,0.0
pool1cj2uh0ylps28czcjslnz85v2zyf8mld0w5tuqp3amxk4jjwfkgd,401,401,400,1,285212.8000599999,0.0,1003535.6627990218,<3M,711.2538654862841,0.9999999999999898,99.75062344139651,0.0
pool1qf3gkyjj4n36mt496ldxksew4en05pewrvryaxnw9x58kclhzxt,23,23,23,0,284972.23781400005,0.0,16708857.969651377,10M-30M,12390.097296260872,6.0000000000000036,100.0,0.0
pool19wy5wepnfrfge3pe5lpgsy4gezcq2eagz3uupkmh7e8xuhjetc2,23,23,23,0,284859.059238,0.0,16708757.292323252,10M-30M,12385.176488608697,6.0000000000000036,100.0,0.0
pool1vayu3mf4qgudxeelywy5jxjxaz56ycyr03trp4m4q7925mwv5ct,133,133,132,1,284193.5755040001,0.0,2677192.1168247294,<3M,2136.7938007819557,3.5962406015037542,99.24812030075188,0.0
pool12ame5t8hdltyl30npznvhn23kxnvthk82j9p7dr4uew3y92uqes,359,86,86,0,283845.8767,0.0,1279071.2817974894,<3M,790.65703816156,1.1671309192200432,100.0,0.0
pool1yraracv4ntq9azvjw2nkw8g4xluujalz8fpt2stz8rw6k0zueuv,152,152,152,0,283429.42483099987,0.0,5359626.104344122,3M-10M,1864.6672686249992,100.0,100.0,0.0
pool1lk0hu3njxgra3emgfa73268el89qzytecff0fzz982avvjsw3l6,405,405,351,54,283043.6836990001,0.0,1208497.2113004082,<3M,698.8732930839509,2.8444444444444312,86.66666666666667,0.0
pool1s9y50eucftrj0fw786rm3ljedpg8qry4ydq9kx23dv4px9k97t6,92,92,92,0,282707.59917700005,0.0,4040148.8999605216,3M-10M,3072.9086867065225,2.9999999999999964,100.0,0.0
pool1t8dkgz58qcqlak6nn5l5j4qqwvewwmjx85fxtsykk6w9j2e0ng2,392,392,391,1,282426.6373720001,0.0,1473564.7664072732,<3M,720.4761157448982,4.020408163265266,99.74489795918367,0.0
pool12dcwy586prq83qggtfvaxwdpys9dw4sl2yahrdjyjxsqzcq84rk,356,356,356,0,282118.1000489999,0.0,1730686.7362974868,<3M,792.466573171348,0.0005617977528089889,100.0,0.0
pool10j8fx8dm5r4ref2haukwp8k5zdnkp5akzw728jzrnfuvquuy6a8,23,23,23,0,280022.91734399996,0.0,16709170.548779817,10M-30M,12174.909449739129,6.0000000000000036,100.0,0.0
pool12u28yewx8ycf6dj77lzpj6vvhjwp6veh6kxpc63h8fqnqqtlwmu,368,368,368,0,278963.82912299986,0.0,1224272.8664970554,<3M,758.0538834864127,0.205163043478261,100.0,0.0
pool1la0t0gsskwejyfca5lchw5aqd5g8hknxdu6tuyqp0ttjxl6zt35,356,356,356,0,278878.738034,0.0,1523547.9133863656,<3M,783.3672416685392,0.0561797752808989,100.0,0.0
pool1p2ldp00jsl5l9xpg9m77zavhqmw7amtg5nlf0jwudlu2zaq389s,405,405,405,0,278454.22876699996,0.0,1063133.4070296262,<3M,687.5413055975308,1.7790123456790183,100.0,0.0
pool1ucpygt4ds2ggf5lt8z5kzyvnwwr0ggrtqnl0pgawud5ls2cnnkl,320,320,125,195,278143.5031870001,1192.186605,1301770.9418853687,<3M,869.1984474593753,3.899999999999982,39.0625,0.4286228480405939
pool12vv4c6z7yf8j4m2amzej4j8tn2d4dxklqk5nqztz7wl02gratjp,386,386,386,0,277956.4619160001,0.0,1154784.000032603,<3M,720.0944609222801,0.0,100.0,0.0
pool1u9gudcfadehlarkh4xdtgrf3zeze978mrnhtrvjdkjwj7wxvcje,116,116,108,8,277845.7391220001,0.0,3470155.395252076,3M-10M,2395.2218889827595,1.8275862068965527,93.10344827586206,0.0
pool1qcfzjvw0em6g02pwjqpnfh6260epge5ll3z37ckhcylsjuktkvp,127,127,127,0,277789.2475279999,0.0,2986892.7886156193,<3M,2187.316909669291,2.409370078740151,100.0,0.0
pool18gysxqfwz4j8rm3vlh6677vs9n23prvfr7gwe88mhn5uudgx9ng,311,311,311,0,276957.352995,0.0,2438230.3496720404,<3M,890.5381125241158,0.21934083601286178,100.0,0.0
pool1drkls8s0zzjydyv3qpjsdj58w3sw02w9wg0pckrsnuazyef2hca,254,247,239,8,276930.6089839997,0.0,2811081.3414958157,<3M,1090.277988125983,48.539370078740156,96.76113360323887,0.0
pool1g2y0j7rsv7dpu8p6jt2dva3rxfqjl2zu0ag9dd0cfm8guzg0lh0,181,89,89,0,276915.75077600015,0.0,4060335.5727529842,3M-10M,1529.9212750055256,3.0000000000000004,100.0,0.0
pool1n5shd9xdt4s2gm27fxcnuejaqhhmpepn6chw2c82kqnuzdtpsem,403,403,396,7,275570.8504920002,0.0,1299310.0500843516,<3M,683.7986364565761,1.0074441687344886,98.26302729528535,0.0
pool1yechqtexl9r7esg5scwynqalmjrpd5l69wkwrrw54y0x26eljpq,406,406,404,2,273563.26187299995,0.0,1105854.0633420323,<3M,673.8011376182264,2.921182266009837,99.50738916256158,0.0
pool1949jj2skz5gqqzyu633dl3hzrs9v967axuc8p7cv2y03ytxgu8e,23,23,23,0,273411.20651600003,0.0,16710221.026752377,10M-30M,11887.443761565219,6.0000000000000036,100.0,0.0
pool1v53upfe8vexje6qcpcxu84e0rwv2hsxeantu6pjmpw097r6vzxe,235,235,226,9,272569.5918439999,1860.069668,2099854.4395905035,<3M,1159.870603591489,5.000000000000013,96.17021276595744,0.6824200951456743
pool1p8ap6v2k60kkav3hqcchwltxhuwpfw2qtj8txcw4scp76hdvgmc,259,259,259,0,272344.87118300016,0.0,2308246.958656591,<3M,1051.5245991621628,3.000000000000008,100.0,0.0
pool1zs05tm6pmtk9l7xdhzvd9jshdkzax32ejqn8fftfmmn4xfualye,54,54,54,0,272334.304413,0.0,12707517.450894523,10M-30M,5043.2278595,48.43518518518516,100.0,0.0
pool1rcq8vnrl52890nvt0300w7rgqkuk4az98kd9zcvu43agk3u84ms,132,132,131,1,272159.82006899995,0.0,2846493.6923375344,<3M,2061.816818704545,0.7445454545454546,99.24242424242425,0.0
pool18pnta4kfff66kq5shjrdsdr8ce2heu38t6x5nv7hylrcc0hpksk,326,326,326,0,271910.6756700001,0.0,1822306.7080775101,<3M,834.0818272085892,0.9999999999999922,100.0,0.0
pool1e2tl2w0x4puw0f7c04mznq4qz6kxjkwhvuvusgf2fgu7q4d6ghv,298,298,298,0,271781.35516900005,0.0,2082959.0788605802,<3M,912.0179703657719,0.14372483221476517,100.0,0.0
pool1ntwurms3f0j4kqe5wfpg9chlasylp0lmuw72m4fn66vnuyrvs8v,406,406,404,2,271206.3932010001,0.0,1341100.3537136035,<3M,667.9960423669953,0.06605911330049265,99.50738916256158,0.0
pool1gsrcrjm6ctkquef6m8jsyvplv0j357hupn92uklqdcm7729ytv6,318,318,318,0,268828.7664069998,0.0,1804069.8546585778,<3M,845.3734792672949,1.3003144654087913,100.0,0.0
pool14n77mmxh6a2d9k05jamzdwsws2ayvkyje8uc7led958p63at3aj,339,339,339,0,267943.630679,0.0,1873257.115679142,<3M,790.3941907935103,0.0,100.0,0.0
pool1xt8ap3qu32mxan6kahesqx5kek4lw52u5hqp2zpsdgskca56ahe,162,162,162,0,266712.48031300004,0.0,2500010.7983789505,<3M,1646.3733352654324,2.9999999999999973,100.0,0.0
pool1wypvuppazkulnl68kyvpg2uhsvuudhdy7gzdgqenrc0l7nujmmr,88,88,88,0,265884.97271899995,0.0,6071409.97237466,3M-10M,3021.4201445340905,0.9772727272727278,100.0,0.0
pool155x3l57d4xu52t93f9r55cqaysej4pc2dl3jkc9d6w5ckyu6u7n,357,357,357,0,265841.5045180001,0.0,1480965.189927969,<3M,744.6540742801124,2.1680672268907344,100.0,0.0
pool1h0prd5vcdv6uk7hglztdcqfp5czjqxdydxkxkdhg8rrk22mr4ym,406,406,406,0,265409.733906,0.0,1052790.277774179,<3M,653.7185564187191,0.6876847290640372,100.0,0.0
pool1dj4l8qma9zzqqzhsawdkvxrs7qyqyv70kn56ywdqqazscvcqvva,406,406,394,12,265252.669383,1997.840335,1240105.2064687044,<3M,653.3316979876847,1.4614532019704438,97.04433497536947,0.7531838754524676
pool1fmykj5jqxtpxu0285209ar37taw52p68q87nmg6vpckhwrtje5w,365,365,196,169,265012.55459600006,0.0,1111515.6515688014,<3M,726.0617934136988,2.005479452054776,53.6986301369863,0.0
pool1pntqwmkc3yhpgw8q5280chej2dfwevasc88ql08qfvg6cny8s6l,76,76,11,65,264396.394704,0.0,9302473.909070075,3M-10M,3478.8999303157893,100.0,14.473684210526317,0.0
pool1ff8xnapzllnlwh3zevzktqmjx5dhq2uxxz4e4xnu878xqgmfghx,215,215,214,1,262900.0762310001,0.0,2629695.3306711074,<3M,1222.7910522372097,1.8548837209302165,99.53488372093024,0.0
pool1nh9j5qucsddxkzn3m4dm4gxkhwtpya4wm4e0ye2u0puaqgkcm65,345,345,344,1,262819.08973000007,0.0,1663477.7126084887,<3M,761.7944629855074,2.0695652173913106,99.71014492753623,0.0
pool1xsfw7mrqpfgf9ay060ugp46m2eh3uydd35lw9ychcnsrk7mar8l,150,150,150,0,262163.35589400004,0.0,2873914.663894453,<3M,1747.7557059600003,2.1733333333333347,100.0,0.0
pool1lmzhzkdvkh67a8hjcexlhajkk8f7kz2tf35frjut6creqs2kedg,279,279,279,0,261972.50442500008,0.0,2214916.2525137677,<3M,938.9695499103946,100.0,100.0,0.0
pool1f3qeehc4htjqpwv248kf5lfaumd0e84jtze379ev3ywa2w69aam,321,321,321,0,261532.060407,0.0,1529659.9523702424,<3M,814.7416212056075,13.79439252336444,100.0,0.0
pool1y89sy2e927hvvt66wnukx5xnnrarzxrt55eypttaw3n06u0uam4,202,202,60,142,261516.401829,63294.241075000005,3225594.5614506714,3M-10M,1294.635652618812,1.0000000000000004,29.7029702970297,24.202780641034806
pool1gyd4a36e7dht79pany23jzvfveclhmvdxfzd45w5jmmw6t0v2a7,23,23,23,0,260823.85591499996,0.0,16707829.693710465,10M-30M,11340.16764847826,6.0000000000000036,100.0,0.0
pool1mcvq2z34f9cfdmkd97famsh20ekqtndw246ny5e8ug3mxfdf4zq,406,406,406,0,260440.77225899996,0.0,1261533.9880441024,<3M,641.4797346280787,1.088669950738904,100.0,0.0
pool1meljzszklf23y97ka5sjqwasnel50xe5ar68gz70slm0jmt2wxs,367,367,365,2,260185.437943,0.0,1623909.7839255694,<3M,708.9521469836512,2.6562670299727373,99.45504087193461,0.0
pool1h59405hmvnxz2kyjpll3f65lnqhm7we3u96cws9vzzxzzws9gjc,185,185,182,3,259861.83256800007,0.0,4642365.038303692,3M-10M,1404.658554421622,4.999999999999998,98.37837837837839,0.0
pool1qtscx3ge0rgmpffgqen5uup8r8tnav7a2veduweskqx7gf8gjec,46,46,46,0,259173.450262,0.0,17509560.399231344,10M-30M,5634.205440478261,5.0,100.0,0.0
pool12ur7gf2psr2grf83u6gturpv2je6vxq9rkg8malygdxqkwnqc5h,111,111,111,0,257937.52727100006,0.0,4201633.708721512,3M-10M,2323.7615069459466,2.378378378378376,100.0,0.0
pool13ws3wf9skw0ngg3aze482tdxqsnfmvf4vgy46cux599mxm8n27g,406,406,406,0,257845.7655749998,0.0,1445632.386135024,<3M,635.0880925492605,0.5633004926108359,100.0,0.0
pool104re5tajgh4mpp7c744khap56lf609cfjlna5ysjkum8qn8fel9,384,384,384,0,257823.33593999996,0.0,1125425.19820055,<3M,671.4149373437499,2.662760416666663,100.0,0.0
pool1ngsex8r079asszyjedqk2ypmf90jxj0z6z290ayjgvxcsft4hx4,23,23,23,0,257643.423327,0.0,16707654.421948902,10M-30M,11201.88797073913,6.0000000000000036,100.0,0.0
pool12pvaxxcv3sgad5jqgfnggn337y76kp02uauptkufjjjes7nxwfm,389,389,389,0,256960.32978299996,0.0,1153868.7006498973,<3M,660.566400470437,1.8452442159383047,100.0,0.0
pool14rxm70xxyj90dw0x58msyl7gkejqlz2tfp9u7a92zx4gyw7c7ry,258,258,92,166,256684.84212300015,131113.16975200007,2315042.303034902,<3M,994.9024888488378,2.760930232558132,35.65891472868217,51.07943603821074
pool1l0f7d56gwgdyct6vev88mnuf4ankx2fpm53plr8g6rd6zxz6del,53,52,51,1,256525.191868,0.0,7662459.75029817,3M-10M,4840.097959773585,1.0754716981132082,98.07692307692307,0.0
pool1u899yml96tf2cf4zkw4490mnhf832pk6fefnaluvt7487jmqzhg,319,309,309,0,256079.66452299998,0.0,1393313.2839633478,<3M,802.7575690376175,1.9059561128526514,100.0,0.0
pool1qzz0flh92qkg0mjufaw9j2zk72lmvf5n2kuaslk4f8j4ze362w4,354,354,245,109,255827.89280800012,0.0,1532987.7830383922,<3M,722.6776632994354,3.854237288135609,69.2090395480226,0.0
pool17xh922cr9skc0fqk7sr8at6xx6eluh5qyv9p7ca2x0mtc3st0mz,368,368,367,1,253881.7584090001,0.0,1701678.7112753675,<3M,689.8960826331524,1.3451086956521694,99.72826086956522,0.0
pool1ls80gx9sen3qc7s6c7u2ajw6hk8faqanljugcg5tfukp6qscetv,357,357,348,9,253131.13620499993,0.0,1243937.2578167694,<3M,709.0508016946777,0.37254901960784337,97.47899159663865,0.0
pool17zs395fwgd0fvk0cpfqjxmd02f0qsxyhq2395lggwmukycj5rqm,229,229,204,25,253016.335721,0.0,2496914.0157951694,<3M,1104.8748284759827,3.9999999999999916,89.08296943231441,0.0
pool1k3nkfa5ugavrpd9nwd3s6yyx454qxnquxwmux4rzfunl7q0z38t,40,40,34,6,252564.84106900002,0.0,21504430.061886173,10M-30M,6314.121026725001,5.000000000000003,85.0,0.0
pool15jy6drcgudfn9vuueeap74fu88vr7r0z9wnd9xs92awrwlrwdmp,95,0,0,0,252557.611845,0.0,5973168.296458422,3M-10M,2658.5011773157894,99.28146315789466,0.0,0.0
pool15ftrqf7j80w57leflatx66x00qfhu483a290gmp7q85pjxrf480,210,210,210,0,252206.3775790001,0.0,3124397.6844284073,3M-10M,1200.982750376191,0.0,100.0,0.0
pool1xzu4pva0k4y6geukd9uvvl3t3s8q8alzwahf575y5fj6cnkd5y2,224,224,224,0,250558.15658099993,0.0,3046881.0751237096,3M-10M,1118.5631990223212,62.05357142857143,100.0,0.0
pool1qtrmcca06yuu5tm9zfv6hantkm2xqhl24hnmg8knmx7pjt2cw7m,184,184,183,1,250212.828748,0.0,3101562.1411729516,3M-10M,1359.8523301521739,1.195652173913042,99.45652173913044,0.0
pool1uautzneywzapn03te7q3sd737xdfejgjlu4mdfjz7mweq92dugg,386,386,386,0,249842.5614620001,0.0,984160.5802730687,<3M,647.2605219222801,0.0,100.0,0.0
pool1lvh0pd5n8c3cjzhgef9y6vfh7cver24hdve6ysnwpa42ys5emms,256,256,153,103,247624.06725300002,0.0,1393369.9355363264,<3M,967.2815127070313,3.0000000000000075,59.765625,0.0
pool19ut4284xy9p82dd0cglzxweddfqw73yennkjk6mmp650chnr6lz,405,405,405,0,247516.8465409999,0.0,1278657.822959669,<3M,611.1527075086417,1.8844444444444528,100.0,0.0
pool1m3h5p82m6v99nda37rmed8vrkqt43e2a8d89k76gw5ets0gdyag,324,324,323,1,247287.2237030001,0.0,1812386.0403579352,<3M,763.2321719228398,4.489197530864192,99.69135802469135,0.0
pool1huyzkfxwnttj7r4530hv7gc5v6mzk75vuzysc75aemu85mae9vd,405,405,405,0,246539.496568,0.0,993671.2867928253,<3M,608.7394976987655,2.0148148148147937,100.0,0.0
pool1ncg357pkgx29g6jrwunk94pwxe409ktxyrw8s0k66vwkc4qdgnu,339,339,339,0,244930.37463500007,0.0,1742345.6287575057,<3M,722.5084797492627,1.3893805309734346,100.0,0.0
pool1c60f68y8406zjmacluvcu8c0krgngp6h2qkkqhdz4mtl62ns0dq,62,62,62,0,244767.14955900004,0.0,11933144.322878294,10M-30M,3947.8572509516134,99.9940000000001,100.0,0.0
pool1rx2745qj65qrgcutmpydv9k3ld930puq52t7skcd3ennqh550zc,350,350,349,1,244542.27974699996,0.0,1147588.4629989264,<3M,698.6922278485713,0.15142857142857147,99.71428571428571,0.0
pool1mfm9nf0fc2wknc94dxyedny3vxtmv4t05arq7czyxsmg7qcy76n,405,405,403,2,243464.12074600006,0.0,935450.2632653208,<3M,601.1459771506175,0.9629629629629637,99.50617283950616,0.0
pool1yq8xwvf856x3nyj348ghhwegwl8ggq87gjlp6wgy9ms9xznny84,84,84,84,0,242678.55026900006,0.0,4705139.140747674,3M-10M,2889.030360345239,1.4880952380952392,100.0,0.0
pool1sffl322qgsrsmkcedzzwk05396dkmj56pcepqvj6px3n2re3qu4,406,406,406,0,242180.00308299993,0.0,1189613.0019592443,<3M,596.5024706477831,1.8220443349753546,100.0,0.0
pool1pj5jnehwjtt4esfl0325hr338n98v3kcww3sggce59ugyf2f883,142,142,142,0,241503.39098,0.0,4996005.142663041,3M-10M,1700.7281054929576,79.22535211267606,100.0,0.0
pool1hcg8sa642l0xeygkzvpgn3sfj5s2yeuzpws7a0gypyy7grrjcje,406,406,406,0,241232.3484389999,0.0,1016502.9954211295,<3M,594.1683459088667,1.9999999999999791,100.0,0.0
pool1lx3vj9zapwz9hlrj04yw8dfsk8e3d8nsljw4wwx4glfx2ph5l0m,70,0,0,0,240592.20756600006,0.0,7940181.146795942,3M-10M,3437.0315366571435,4.999999999999993,0.0,0.0
pool1gxvkc0576e75065p5k0csvwme9y2qrefd5ga66nx0z65xxjt8jk,208,208,208,0,240350.24720099987,0.0,3040342.6508927834,3M-10M,1155.5300346201916,8.725961538461538,100.0,0.0
pool13zq5jktx7xmngfer82nkrs8aqjklmydntxdqzttas328yuttgx6,353,353,353,0,240041.1946420001,0.0,1628005.5522207916,<3M,680.0033842549578,0.0,100.0,0.0
pool1csrtagrya4hc5pectc20s8s7am3e6vpdjj6antqzvn2lgmm5afs,359,359,359,0,237815.5422800001,0.0,1211255.5268946835,<3M,662.4388364345407,0.8000000000000005,100.0,0.0
pool1rte6kvv4z3f4fuq6np3qsmxh3pujem6rncpg58tuxc04gwmc2xn,232,0,0,0,237331.48926599987,0.0,2210387.939051346,<3M,1022.980557181034,3.9999999999999902,0.0,0.0
pool1n500map6vvxwkxnrw5m9vgmjqrmtaxuuxkgqvzz7699c7qc550v,406,406,400,6,236365.89410099995,0.0,1214195.7583001931,<3M,582.1820051748767,0.5184729064039353,98.52216748768473,0.0
pool1sghwg652uwe7ksmk5laxxft58j6km6prahvnddk3s6zgxek5qen,372,372,371,1,235656.19611600012,0.0,1191926.3416690363,<3M,633.4843981612906,0.9999999999999905,99.73118279569893,0.0
pool1g77ac5d7efytjc2rc3c8lnwl9snmlp8p7858fp06teqv6pcf694,123,123,123,0,235430.512087,0.0,3073678.1623483547,3M-10M,1914.0692039593496,0.0,100.0,0.0
pool1030as3pp5684ghgf4kzcpv4p2jnmkmme7j363t95690zwxp7wa0,394,394,391,3,234808.5969800001,0.0,1338416.339479784,<3M,595.9609060406094,0.0,99.23857868020305,0.0
pool1wxcqcg6syyfdf335uvjl9ry6mc4yhf8vy5t805cx4e4hkajgd62,139,139,139,0,234594.433625,0.0,2873071.607033429,<3M,1687.7297383093526,0.8417266187050366,100.0,0.0
pool194usk2h8vcq6yw89xs5asrvw22g08kcfy72xyfrnnkg6qrhtlfw,406,406,406,0,233611.03754399993,0.0,1079014.751072198,<3M,575.3966441970442,0.0,100.0,0.0
pool1d6x9pl4uz5daucpaql34ma2aewrxnlkcrkuahf9ut6ruxzakrw7,146,146,145,1,233531.42094400004,0.0,2426432.922782605,<3M,1599.5302804383564,1.9965753424657549,99.31506849315068,0.0
pool1ud4u9r3tce5dum63lsg3xc8nn8ycl2llx5g3qpf6ukc4k0gcfy7,158,158,158,0,231213.25673900006,0.0,2170455.896878691,<3M,1463.375042651899,0.03164556962025317,100.0,0.0
pool1tez268q6v9afz54csn2lg95kw7yyjykc3px8ry5gwkk656azfnz,202,202,202,0,230913.74037200006,0.0,1752531.480516481,<3M,1143.1373285742577,2.9108910891089126,100.0,0.0
pool1ut39vczq4h03vpzfcn7ssxa04qzkyj8nxu4nq4rfv0nsxz39c5y,354,354,354,0,230533.3673479999,0.0,1017829.8515703535,<3M,651.2242015480224,0.9999999999999911,100.0,0.0
pool1ujk88muru82e2z3lap9n5j63q30ekqwjmvvpyyu4kjkfg0hdyle,168,168,168,0,229743.88134800014,0.0,2612733.0816930574,<3M,1367.5231032619056,31.263095238095328,100.0,0.0
pool1r88vs06qv3vjrndvhewwhz08zc6ka7eqwxvf4stsj53n50nr8n7,73,73,73,0,229414.256904,0.0,3917200.3096753308,3M-10M,3142.661053479452,10.195739726027398,100.0,0.0
pool1kf6n7rmuwpcxxxqd27wsz05pkpqgdgea94kfk7vw9njs2nhccmw,146,146,146,0,228922.11769000013,0.0,2993811.392461343,<3M,1567.9597102054804,100.0,100.0,0.0
pool1wnshjhwqv9j7fgd4tkynpsqr0xczns4pghljy5j4z4qjj7qy4d4,382,382,382,0,228201.99732299996,0.0,807163.4051555517,<3M,597.3874275471203,0.2879581151832462,100.0,0.0
pool1hn7hlwrschqykupwwrtdfkvt2u4uaxvsgxyh6z63703p2knj288,406,406,381,25,228195.725524,0.0,930329.4618499983,<3M,562.0584372512316,2.1453201970443114,93.8423645320197,0.0
pool16cnz5x84vfjzxtsdg53zvly3vqumkjpshpl2fe5nmuyl6srx4m8,295,295,27,268,228194.53027799993,219457.80205099995,1295675.5399966617,<3M,773.5407806033896,3.74576271186441,9.152542372881356,96.17136825481471
pool1lu2luhmkyayq9njh848kfknn6evwzmn3gzsxar7z3sttg7grxcm,41,41,40,1,226455.41422699997,0.0,21595576.754672877,10M-30M,5523.302786024389,4.000000000000002,97.5609756097561,0.0
pool1zyzfcyhtmes7j3f3avksy26yhf8ah3ywag2t7m9l9fh5g8yaerl,354,354,354,0,225140.4777249999,0.0,1440475.3110563888,<3M,635.9900500706211,1.1384180790960334,100.0,0.0
pool1jj88mfe33panw8qkkhdmwrjy7ty52qkcs3seqzkq55h0v75gx97,197,197,197,0,225058.8913209999,0.0,2778404.8336229185,<3M,1142.4309204111669,100.0,100.0,0.0
pool1f007ygdyxyl3kjs9fr8466q0ql3qmhc2yrr0y4rdxt3s5g9ftsd,185,185,185,0,224501.09090799993,0.0,2168211.6643239516,<3M,1213.5194103135132,10.915675675675676,100.0,0.0
pool1jm8s3r3xq4kpawavy096rqle964exle3lxwnpvx62wjnwadwd5l,361,361,361,0,224400.15919200005,0.0,1011348.439937661,<3M,621.6070891745154,0.9999999999999908,100.0,0.0
pool1qqqq02jxq3q9j93devp9pts90ctm8w3r0rgek97ngujpjgpw46j,406,406,406,0,224275.18522099996,0.0,844022.7164515478,<3M,552.4019340418719,2.637931034482758,100.0,0.0
pool1a6ccp9fpgn40r2jl7fapjv3224swqf72z5gt4cgwctnk5etfjlr,189,189,81,108,221934.597908,200509.21208299996,1913472.7829027895,<3M,1174.2571317883599,1.6642857142857193,42.857142857142854,90.34608122079206
pool14g73qj0qz05ymqg7dp9kxdu8jr7uuzm6z6n3jwxpvqskghhmhng,406,406,325,81,221540.15347499997,0.0,1076561.1450311302,<3M,545.6654026477831,0.4999999999999948,80.04926108374384,0.0
pool1kprt6l4quz03dhqx8jw22spdjvp5dkshdnn567vlexqkj35hd8a,316,316,316,0,221311.02261599997,0.0,1933037.3203655228,<3M,700.351337392405,0.30379746835443044,100.0,0.0
pool1wg3xyzscx4qp0d4zmvlh7ksw8cupqcnegulmezl0cp77vtwlvgr,355,355,267,88,221146.16298799994,0.0,942814.852345101,<3M,622.9469379943661,3.1323943661971705,75.21126760563381,0.0
pool1k6jheduzrrahqc3nt3htpqhphne74l224fc45yqzqfg9j2j2qqc,135,135,132,3,220609.08260800003,0.0,2964988.1713900073,<3M,1634.141352651852,1.0000000000000007,97.77777777777777,0.0
pool10qrz84cvz95zg8saf43ruhs5ulczuuqm2d3jn6d8xkkkzgzfje7,406,406,382,24,218998.28070200008,0.0,1486413.5333425596,<3M,539.4046322709362,1.5923645320196942,94.08866995073892,0.0
pool1sx4e8rvx2xdxgkww2fpjtmvrnaftfrtfge29xcn72hh7kch5snf,406,406,406,0,218890.20679500012,0.0,974350.2201838983,<3M,539.1384403817736,0.0024630541871921183,100.0,0.0
pool18jrsaddmrwtrdycydmk3zv0fxawnv0q8xh7f6fyp2r247zz9tc5,361,351,351,0,218632.35025499994,0.0,1246692.004341562,<3M,605.6297790997228,0.6980609418282543,100.0,0.0
pool1sdvrd0sxh2mprqc3m9zmvrfccavzpz9r2uancg866hpec7nnt0s,255,255,255,0,218616.5583710001,0.0,2307417.4540423458,<3M,857.31983674902,0.057647058823529405,100.0,0.0
pool10vhns8fup6pe9xvjxf4w6h5y66tckgvtjy9ayld6mcg8vv4crdk,55,55,55,0,218485.18686599997,0.0,9203274.832494419,3M-10M,3972.457943018181,96.42709090909081,100.0,0.0
pool1kkmk9dnzrrjtnsejttydecmq63x4dpkln70yfledaednj7mf7rk,405,405,405,0,217512.4157700001,0.0,966727.8099377499,<3M,537.0676932592595,2.379999999999978,100.0,0.0
pool1chzrvd7wzmw8ufsehctn8fmf7ca27xf7d6f5tpreat7kxx6hwf9,350,350,349,1,217104.03840900003,0.0,1363743.9412082597,<3M,620.2972525971429,0.24857142857142872,99.71428571428571,0.0
pool19z9ac79g48kekg2xghx3afj6qp5skr9ar590w0huhc8nxn9s5j9,331,331,320,11,217069.30926100007,0.0,1305775.8407692122,<3M,655.7985174048341,60.362537764350435,96.67673716012085,0.0
pool165aluqv7dcdnragfy2aeny4xue03xyefwusat8wlpu8mqxpu2m8,70,0,0,0,216891.35234600003,0.0,7290265.446273772,3M-10M,3098.4478906571435,4.999999999999993,0.0,0.0
pool1pmeetaqhlsdc5yj8snp8j46hprs9mzghxcl63vch95trz3xwpln,94,94,94,0,216801.50278199994,0.0,4782895.630920536,3M-10M,2306.3989657659567,99.02127659574455,100.0,0.0
pool13xj62peuvfhdx25ll39rx0wef04zmnm3e4rpzw62vn7esdscfaa,49,49,48,1,216386.00724800004,0.0,6418496.646992343,3M-10M,4416.0409642448985,1.0000000000000004,97.95918367346938,0.0
pool1v28xlhk6juevh3ss09vpe78zu7cx6mejr8k8en94scd6v8rrshh,128,128,123,5,215877.041448,0.0,2559935.899673189,<3M,1686.5393863125,0.21875000000000006,96.09375,0.0
pool1s2wsk5z4u0f2unmfyc8ye705adhwayv0wetlk24sawmyj5u74rn,296,296,295,1,215437.154291,0.0,1228392.7403795184,<3M,727.8282239560812,0.29729729729729754,99.66216216216216,0.0
pool1nydxffhrmpn0ft6wpg4l6cwp2jr2glxvx5hxr69xknl0s5p603w,405,405,48,357,215123.11396400002,64961.00505899999,818627.7552426206,<3M,531.1681826271605,0.7691358024691372,11.851851851851853,30.197129384186468
pool1rshru8pm6y0jy7jncmt6qzfs8u4f5qa5gvyh38kgec767t20z3d,134,134,134,0,214757.104844,0.0,2500814.208341083,<3M,1602.664961522388,0.7970746268656709,100.0,0.0
pool1qqqqvmpm9v2l0tkwx4dpzth3g85lapxjug2j6sucnphyqlt4fuu,406,406,403,3,213749.83969800008,0.0,953617.4890629161,<3M,526.4774376798032,1.7290640394088725,99.26108374384236,0.0
pool1uu65k00dp467qsszmqwl6udwnet3zszgx8n3kmn2aq84sae8ha9,129,129,129,0,212410.5007520001,0.0,4884900.822687952,3M-10M,1646.593029085272,99.98999999999975,100.0,0.0
pool1qqqqwg5y9jj6uet4amx3mkmzneaxrlhczmpz5admlvddgyhtnug,346,346,138,208,212100.88720399997,0.0,842705.9762261247,<3M,613.0083445202312,2.404624277456642,39.884393063583815,0.0
pool1keasvddt9vndl8jyhg204s6kqusv5zgzg3kk3l3g949ew402ahe,328,328,327,1,211245.22044699997,0.0,1635257.627061613,<3M,644.0403062408536,1.3932926829268177,99.6951219512195,0.0
pool12r08n33avu33ncstukwxyr440mgaazmuclay38v0yt34xytu2dq,388,388,388,0,211082.263918,0.0,1090029.9228158244,<3M,544.0264533969073,2.1005154639175037,100.0,0.0
pool1w9yeaaadjz9563tf2h7katrlujvxnywda8el8z66h02ckccx95x,382,382,380,2,210927.96848599997,0.0,1452989.9403620453,<3M,552.1674567696334,0.018324607329842934,99.47643979057592,0.0
pool1es67mveksd22l9alfh5cht6w2krc7lcrq3zvxcpaj5hwxgmhg3m,356,356,356,0,209961.20967799993,0.0,1258874.4490262794,<3M,589.7786788707863,0.999999999999991,100.0,0.0
pool1npdsmx25352qzj33rk2mtvc6u7c339qs0vv7gy43t7kpcapw95d,374,374,87,287,209831.88335200006,0.0,847540.216040173,<3M,561.0478164491981,1.854278074866318,23.262032085561497,0.0
pool1c25428845rm7sp2cja9jgahpr5kll29srjdzzh84pu84uzanqfc,190,190,190,0,209148.85014499992,0.0,1633561.8451254324,<3M,1100.783421815789,0.0,100.0,0.0
pool1kncthgd5fqw8d7hpz08wnmpdqh0e88s5trgl97palhsgj5h3xen,74,74,19,55,209100.175557,107160.84270700002,4094232.978365852,3M-10M,2825.6780480675675,3.0000000000000004,25.675675675675674,51.248566588500225
pool12fzerww0hmk0fyvaujz5t2kg6hl4n8daz85rqy5jk8qk58r59y6,366,366,365,1,208906.24056400024,0.0,967671.5869740729,<3M,570.7820780437165,0.0,99.72677595628416,0.0
pool1drrfl4ef8uwaqsyjpssdp8epsflnwdjdku0gx7ycc6qnsqfqv32,77,77,73,4,208682.18353899996,0.0,4235187.824495001,3M-10M,2710.1582277792204,2.9999999999999996,94.8051948051948,0.0
pool180fejev4xgwe2y53ky0pxvgxr3wcvkweu6feq5mdljfzcsmtg6u,361,361,361,0,208509.15312299997,0.0,1481400.0488882938,<3M,577.5876817811634,0.008310249307479223,100.0,0.0
pool1ez2sr7r6tzfa6s7zwrkxqx5layzmke2znsya3w6t9al0sv0332y,145,145,145,0,208418.35747599992,0.0,2599749.4779128977,<3M,1437.3679825931029,2.0000000000000013,100.0,0.0
pool1vflcm2fde9qyzcr0lkkv4httte3xep6sycasrtaxw6rt2me3vwp,305,305,305,0,207581.24207799998,0.0,1683876.8315522275,<3M,680.5942363213114,0.0,100.0,0.0
pool1f0ez2657ea4vkchctqkw6cfdx68fdw4tfv7r20k9ncnh6vezp7g,87,87,87,0,206705.682616,0.0,3519228.095202081,3M-10M,2375.9273863908047,2.4999999999999956,100.0,0.0
pool1g9v6nnrn8x7jcj26mqernsh3h97g6gyhamttzg8q39yvjr60g7k,326,326,325,1,205582.99124700006,0.0,1245663.313608897,<3M,630.62267253681,1.4984662576687091,99.69325153374233,0.0
pool1eapprh7uyz8f90maft8r2k2v3a6jyv58eatgyz3lsfrqggkc8fq,100,100,100,0,205560.960203,0.0,4705495.4650026215,3M-10M,2055.60960203,85.08949999999992,100.0,0.0
pool1n6qqnvjfzskcq9zdld5pnp8q3ktd28pqsh5tkmvarqcayr76puv,91,91,59,32,204265.783507,78779.10504,3790372.0965302847,3M-10M,2244.6789396373624,1.0769230769230775,64.83516483516483,38.56696098947982
pool1u2d3guvld9rk0586lyhk2n8kvkzmem7czwdltgem0mgczqd3ygu,406,406,54,352,203270.48846500003,0.0,725693.4293995701,<3M,500.6662277463055,2.506157635467999,13.30049261083744,0.0
pool1fkg3cr9en57ccsmnde20eevkaeu3elp0h4yyqk3udkkxzhl70ju,314,314,313,1,202789.96420699987,0.0,1761451.6810382898,<3M,645.8279114872607,2.031847133757964,99.68152866242038,0.0
pool1r8lmsrdure385hz647kl2qjhyyxkdle4au5krjcsqed4x8227k3,291,291,290,1,201995.523637,0.0,1783549.59234379,<3M,694.142692910653,82.01374570446735,99.65635738831615,0.0
pool1kccqxg032r6dcqqpvmv87azttcug5ug6cur9pa7qkuwc5ze4pxa,334,334,334,0,201829.03766600005,0.0,1289924.4148521668,<3M,604.2785558862277,1.089820359281427,100.0,0.0
pool1uc7slfp47xzu7egusxlkvm63rxw2dhtm58l8e0m46anhvhaecr2,128,128,128,0,201387.30362599995,0.0,2336186.5640288843,<3M,1573.3383095781246,1.7656250000000013,100.0,0.0
pool18r2y72aue5nmv489xtnfxl36vzusq95qst6urd87yd5hgzms04c,362,362,0,362,200251.3484300001,200251.3484300001,1075773.2485290747,<3M,553.1805205248621,0.027624309392265196,0.0,100.0
pool1e489239duee8dykj7ejx7dmazstwn6y6wfxc0kjaxw5hke5j4nv,320,320,314,6,199376.920186,0.0,1000254.3214859834,<3M,623.05287558125,3.7424999999999846,98.125,0.0
pool1uqrecfnsa6pqd2tz60r0lcj4kunhc4rrw8lldrpdvfx9qfjd6n0,393,317,144,173,199262.40594899986,78435.284942,1046705.644973951,<3M,507.029022770992,0.021628498727735385,45.42586750788644,39.362811348406126
pool1v4wgyctxyxlcf90qtgflznv5f4fcm6cy0z80mchctekt20d3cww,243,243,242,1,198673.4328870001,0.0,1542429.6245855228,<3M,817.5861435679016,0.9999999999999967,99.58847736625515,0.0
pool18mgmqghey8az6duffc6e9tpzwxsquf00wpkl0jr8gvqxumkg4m0,324,324,324,0,198593.16064600003,0.0,1212345.4865047326,<3M,612.9418538456791,0.9799382716049295,100.0,0.0
pool1nj6ywxadn9uky0fj457pflc5kdq0q3hz5ke6ut3u3at4k6uucv2,137,137,136,1,197854.38831499996,0.0,2669244.788494525,<3M,1444.192615437956,0.8993430656934311,99.27007299270073,0.0
pool187k9uqvh2dacad2qyfyex7ct8q0jxepk45026s9h7mkxx9pn7at,384,382,381,1,197670.92343599998,0.0,810824.372125695,<3M,514.76802978125,2.075520833333328,99.73821989528795,0.0
pool1zwftnuzv7rtssdj3kn5j9m2al5t36hjexps7snzu7fzvzjjn95x,61,61,61,0,197599.1759249999,0.0,8098753.990863345,3M-10M,3239.330752868851,62.524590163934455,100.0,0.0
pool1j5zdx73kk2w53vd5qqw3wqehywh2tpljltfy3rdmuuge5k7pg8m,42,42,42,0,196873.408895,0.0,11870035.08797507,10M-30M,4687.462116547619,99.0,100.0,0.0
pool14msuc40fcjvwl2g6f9p2dxx24ekj7qvemla3pzkke6p86d4swzp,274,274,274,0,196763.203258,0.0,1159834.5748174859,<3M,718.1138805036496,0.0,100.0,0.0
pool1yy7vaszhqx7h02rp8ey0p84yy5zv2r2awzddzceeaurrs8klzxt,266,266,266,0,196052.53767300013,0.0,1624936.9816074758,<3M,737.0396153120306,0.0,100.0,0.0
pool1frz0ds4nhg4t0e30jadc5kwx35kzj2vfp9eak9ehh2727m4dqnv,341,341,300,41,196004.76591000007,0.0,2050597.9453977258,<3M,574.7940349266864,2.573313782991219,87.97653958944281,0.0
pool1vgn0eerhcs9pfrmftlxjmc2sm0t4vmhrqyma0hk6spc6geahrck,159,159,137,22,194509.9401800001,1428.478226,1700525.872125121,<3M,1223.332957106919,0.7169811320754677,86.16352201257862,0.7343985735012215
pool1yxhf37v04q6cyrf8a4g64xsmvepwg5t2zc0qcquqjlph55ye2ef,33,33,33,0,194235.623889,0.0,9038605.117886333,3M-10M,5885.927996636364,0.15454545454545457,100.0,0.0
pool1gnnwyf9vwcgtm3us0w0duuy43r9k7yhnchvyx0xqv9766ysw2a9,107,107,107,0,194154.577475,0.0,4981862.579525759,3M-10M,1814.528761448598,0.0,100.0,0.0
pool1gztqypddgmycs0fjat62k5f2kt4zjck4l4f2ffrsmagj2w8zkq3,288,288,288,0,193739.9112679999,0.0,2048158.8097373256,<3M,672.7080252361108,0.999999999999994,100.0,0.0
pool1p42f6kw9lkgw5tn77kqyrc22zrs4uq298p468gacwzw6gq0ckq2,369,369,369,0,193001.984634,0.0,1077865.6865370672,<3M,523.0406087642276,0.5840108401084005,100.0,0.0
pool19l88dk44c38a6w724zrzvj55q9xqh9zjfhq6g45dc8csurs0gxe,274,274,274,0,192681.09616399996,0.0,1103512.261098717,<3M,703.2156794306568,2.9963503649635097,100.0,0.0
pool1f5qqm7029znkuzl84s9qjr4rctr4mrfsnlnl5yvcsspd6fec4tk,59,59,55,4,192317.42975299997,0.0,5103560.470332359,3M-10M,3259.6174534406778,2.000000000000001,93.22033898305084,0.0
pool1jayej3rwf5ynfmmu7583x3w2j73dcedtflgnazdezfn3kl6062x,303,303,303,0,192246.9005990001,0.0,1435160.9212815184,<3M,634.4782197986802,99.99003300330047,100.0,0.0
pool1qcdw8uk5d9ehldhccy926u886qhr07xa354yrkamdde0qku53nx,398,398,266,132,191603.40914700006,33588.856052,772922.4571520691,<3M,481.41560087185945,1.9999999999999796,66.83417085427136,17.530406270710085
pool1jvknf3dwtnqln5hcjrh5m7s979revuj5dlxr0337nwmm6p7250q,84,84,84,0,190945.31343200002,0.0,7040021.873051204,3M-10M,2273.1584932380956,97.61904761904762,100.0,0.0
pool1z39sker5renxhep9m7z8aae2yh56940gwykptfcf053473mwy8t,384,384,384,0,189804.71865300008,0.0,920139.6934409175,<3M,494.2831214921877,1.5104166666666479,100.0,0.0
pool1zlay6evs7sf7td5e46xgt8pjaap8a9dcrut8ux3dc0p0zsku8zp,47,47,46,1,189686.113211,0.0,6399441.396782766,3M-10M,4035.8747491702125,0.6702127659574472,97.87234042553192,0.0
pool18kv6jmmtks4jwyt8tpvfc2kakh6wkcggjtehyj78yk9r7t2t2ex,383,383,33,350,189636.5737,0.0,735698.6105384636,<3M,495.1346571801567,1.9000000000000083,8.616187989556137,0.0
pool1knjqx4qtcjhvqrnmgs3yccfvjl6efl5vrcgezunktqvsx5tjrcq,153,153,153,0,188569.95231699993,0.0,2403809.6696616197,<3M,1232.4833484771236,3.8999999999999937,100.0,0.0
pool1zrkwh7cmhvx3zvkyr9f0nhnpxscaflhky6edaqzsux5qkj7r5v6,56,56,56,0,188553.258693,0.0,7711491.8075828925,3M-10M,3367.0224766607143,99.00000000000004,100.0,0.0
pool1e3y7u0rtq2zskc7ansvtrd4p3vtv9hglyztzcvsvlk22w9t40v0,334,334,333,1,187960.28948200005,0.0,1009571.2735775331,<3M,562.7553577305391,0.9910179640718484,99.7005988023952,0.0
pool1892ry20mvu6tvrmuua5gdmk7unw30w7tf8scpllpyq8w2sdwvc7,357,357,357,0,187708.85206499998,0.0,938690.9174431271,<3M,525.7951038235294,0.21148459383753515,100.0,0.0
pool19wpsykyg3gy7s34kx36vvs4dfcv2anggmta372jdv5lgqx0gs2t,36,36,36,0,187528.69793499997,0.0,8548591.95174981,3M-10M,5209.130498194444,62.113333333333344,100.0,0.0
pool159s558a4ffhp9nqjp9dx048lphdlxjc8xmy5pcmfe4jhuxe4a2u,24,24,24,0,187229.275171,0.0,24140507.855007708,10M-30M,7801.219798791666,10.000000000000004,100.0,0.0
pool152ns2rs77pscm3mtmnymhwsvq8uglcdc3cvucvsc4jkds5k4te5,342,342,339,3,187169.023867,0.0,1143559.4816377612,<3M,547.2778475643275,2.2090643274853705,99.12280701754386,0.0
pool1a5njhrg4s74vgynnae0hht04wgmcf75kwen3676jhrr5v3s8ecq,63,63,62,1,186604.85896399998,0.0,4536956.39206554,3M-10M,2961.9818883174603,2.885714285714288,98.4126984126984,0.0
pool14cautfm2e8jxv79tv59grnryjxs8f2wewz66wup695xgu7wjnvr,402,402,389,13,186263.02721700002,0.0,864115.7560227735,<3M,463.34086372388066,0.6014925373134254,96.76616915422885,0.0
pool1dswpls43u0s6cpt0dh2d6npm0rnxh5qcjm9xax9y6fp3uq880xm,346,346,335,11,186053.42039500002,0.0,1637211.5956105893,<3M,537.7266485404625,0.18208092485549143,96.82080924855492,0.0
pool1xmn8ag7jctcpdqk9jtrzk9s7qgs4f3cehkxhtelgpag6c7fjxdm,355,355,71,284,185257.85416600003,0.0,931889.4545543414,<3M,521.8531103267607,1.5915492957746313,20.0,0.0
pool15p326nmjaj47v9u2392tlnngyr5hnj6gru84al3s0akdu9mj004,78,77,77,0,184652.332148,0.0,2984941.2351271147,<3M,2367.3375916410255,0.7820512820512824,100.0,0.0
pool1h7eevnu53zdfujqfzldw4jgdjh475u0glvtruwrnmdmycn6jdzs,402,402,400,2,184480.65426999988,0.0,985513.2640052369,<3M,458.9071001741291,1.0111940298507358,99.50248756218906,0.0
pool1jr90qgglajrga8pftpt6eevtrpxnznjkg7gvrqnehm64qmg8m7s,121,121,120,1,184332.06069,0.0,2117271.0223344374,<3M,1523.405460247934,2.0495867768595057,99.17355371900827,0.0
pool1rjv02n5qtyden5frvyy34udlz3nqtkyu742mghcsww8nk4qycsh,92,92,92,0,183022.303338,0.0,3261846.6181509793,3M-10M,1989.3728623695652,2.0000000000000013,100.0,0.0
pool1dwz6exl0220n6zm5pp9ehnn4g2vtrwtxem0nvgcrl6amvnryp2g,48,43,43,0,182256.448243,0.0,6141891.792402685,3M-10M,3797.0093383958333,3.000000000000002,100.0,0.0
pool1mrv06cwwdjnp6zz6y8wq7epav5eywka75r2k2xqy58ez6dge9cf,172,172,68,104,182249.83329500005,118722.52858799994,1848926.6840301985,<3M,1059.592054040698,18.808139534883708,39.53488372093023,65.14273645223524
pool1phdz6sn3xs9fyytvhqpjc945jytmya6j4v8l3v7ksyczzdplawf,316,316,233,83,182189.61762800004,0.0,901745.0779577655,<3M,576.5494228734178,0.9999999999999926,73.73417721518987,0.0
pool1vkngxunyagwen690yn36pa2v6jecyxgeavl9nva9dwzhu22fzt7,367,367,326,41,181596.90202899993,1339.028004,1079087.1936731602,<3M,494.8144469455039,0.0,88.8283378746594,0.737362801368806
pool19rjjay24ez2ezgqkyqvna6uwc5ur9lt489gwvrv7ve5exlcld3x,356,356,355,1,181428.036187,0.0,1369732.9200156392,<3M,509.62931513202244,0.021067415730337078,99.71910112359551,0.0
pool13zh79cqv3y36cgknzagwegp8y0kuzel2j046jmup97hhjwk5myw,399,399,398,1,180759.1760020001,0.0,648620.4990303891,<3M,453.03051629573963,1.8107769423558726,99.74937343358395,0.0
pool13ucz6778ywff5pmcag4pcknq9gm6j04qtgh65cu9c5mt73t5ulv,404,196,135,61,180601.42645,0.0,726516.370620134,<3M,447.0332337871287,1.9999999999999791,68.87755102040816,0.0
pool1telljurmr9xs4z4ux7e46m9rgyf042nhwqewyf5t97xswrzwvsu,269,268,64,204,180573.56079299998,2277.51923,1082731.022223097,<3M,671.2771776691449,1.252788104089209,23.88059701492537,1.2612694903939055
pool1cpqpw923842ple6gnkjl0k2z238uwm4s8xh53ryzxcavu89rp9p,348,348,0,348,180286.68334600012,180286.68334600012,1180817.632776768,<3M,518.065182028736,2.999999999999991,0.0,100.0
pool1ey3d522fefeuxvqrymw9l8wyevuu7my9t2uz2m0lmwfgjg060qr,49,49,49,0,180052.31479499998,0.0,5636945.149972244,3M-10M,3674.537036632653,1.500000000000001,100.0,0.0
pool1k3wpsc8q8za2qeptx5kv73r76hs5gvp59gga6ad6u5hnj3scy3q,382,382,337,45,179958.16865699997,322.233341,825382.0974927646,<3M,471.09468234816745,1.7696335078533885,88.21989528795811,0.17906013569974494
pool17gvd032slmxg267lp8rwcykkfa52txm8ylefhmdsdkytzugrtaw,405,405,405,0,178348.95733499996,0.0,934480.5302234915,<3M,440.3677958888888,1.5777777777777786,100.0,0.0
pool1yam2wu7nw384zjtset09u4ef75uy840mjru39nuhm0xaqj8lw78,320,320,314,6,178190.37738000008,0.0,949272.7929811938,<3M,556.8449293125002,3.9078124999999813,98.125,0.0
pool1nchr83fc0hrykvhlnh64n3wlt5vkdu727xjep59znrwzs589jdd,341,341,341,0,177607.86805699993,0.0,1113090.2992636194,<3M,520.8441878504397,0.6656891495601159,100.0,0.0
pool1nr2pl3yqx65hq6y2r8unlnrejfkypeh84zezf44u7glcz50yzet,228,228,225,3,177542.51792199997,0.0,1344233.7651612055,<3M,778.6952540438596,3.92982456140352,98.68421052631578,0.0
pool1t93hrmha847r5gqazttyg29c9fxfv778w3kc5vf4q7vu5g4ec0r,399,359,358,1,177409.494454,0.0,719894.2999059288,<3M,444.6353244461153,0.9999999999999898,99.72144846796658,0.0
pool1lhwzsyhh7dmw9wuz7qxnml2z5ef5303lp7jxgss2qnat22sprgx,406,406,244,162,176689.98443700004,0.0,694405.8946964403,<3M,435.1970060024631,1.1748768472906264,60.09852216748769,0.0
pool19r33az023gn3n8p2x35hq00j2dxc8vwln0nanpcfuvc8759cvkz,404,404,37,367,175780.71826399997,67640.920845,671195.0666055891,<3M,435.10078778217814,4.989999999999989,9.158415841584159,38.48028470529519
pool1v96277f457qtwhuq3ma9yjlacq4mjw9h4j3jfy5rjgjru5lyxea,24,24,24,0,175506.12803199998,0.0,23210366.179480374,10M-30M,7312.7553346666655,10.000000000000004,100.0,0.0
pool1hdug72ukeepdxqxz0new8e3nhq5cykkn3prky9wgrz5tgyf4ty2,391,391,173,218,173973.13407200002,0.0,624326.8702101009,<3M,444.944076910486,2.500000000000018,44.24552429667519,0.0
pool1mtvfxpeczh9gkgj42j30c5zgudnt6evns4gny07p8nml2qrthav,141,141,141,0,173831.5862440001,0.0,2077304.900336113,<3M,1232.8481293900716,1.4539007092198584,100.0,0.0
pool1v99msed3jqh4fd2qyzdn0t2qfmh3mv2cnfweatl85mdhz6l0ewc,381,381,380,1,173001.163986,0.0,774497.8499432494,<3M,454.0712965511811,0.0,99.73753280839895,0.0
pool10nwac5phcc4vkjvux5mw6gvdzlxurkd944e5yx9yyfa8sqs35t7,379,379,379,0,172606.28448399997,0.0,658958.7722406315,<3M,455.4255527282321,2.098944591029002,100.0,0.0
pool1ferfwtmcjm9rxc00ugtdwrm9m042jf4xjvse6a8u5smxqt0pwnx,231,231,231,0,172457.94126100006,0.0,1628053.9797041577,<3M,746.5711742900436,1.7575757575757582,100.0,0.0
pool1dcjycc5mvj9svh9ys482078mnqutu48k3zj7uqzswj7m54a7hzr,403,403,403,0,172121.336421,0.0,928944.2247091903,<3M,427.10009037468984,0.6054590570719607,100.0,0.0
pool1vwquf4wt465lhketcy2j7jwpz5l6l0ce6a79ga3y4wg7gc8egp0,363,128,128,0,171422.29910099995,0.0,1199923.1105752224,<3M,472.2377385702478,0.23553719008264423,100.0,0.0
pool14hsxa2zfwzvy9ncdjwnx0xkcltjmdydeayxfju7suuuewv0dnke,406,406,406,0,171416.02618200012,0.0,737746.1831531802,<3M,422.2069610394092,0.1871921182266011,100.0,0.0
pool16pk3nc2g7580vwurn7t6qfjge70cc8ylvqkt0cnzsnktc5j38qp,96,96,96,0,170320.4759679999,0.0,2279308.013985467,<3M,1774.1716246666656,0.2560416666666665,100.0,0.0
pool1a44zldps27avv82mamm2lj33mrrkqdzt39nyrgn5dkk3jtm0wrp,406,406,406,0,170286.37846400018,0.0,942930.5798878572,<3M,419.42457749753737,0.9999999999999896,100.0,0.0
pool1nc8vcafsgemc2jx7mmze3sppakahrl4z5qqauw6znr93jfyqv6j,115,115,112,3,169782.116693,0.0,2378108.3458996243,<3M,1476.3662321130435,1.525652173913043,97.3913043478261,0.0
pool1r5srulgd6gpav0sympqrkt9f4ykl06lh9sgk0p20r54v7759kws,343,343,343,0,168802.77495300001,0.0,1064180.391250971,<3M,492.13637012536446,0.09037900874635571,100.0,0.0
pool1tnl3yxmj8848vq6meduhz9n5520a7dwsh05r5gfyvlatj87k3jl,360,360,359,1,168233.69720500006,0.0,995175.5014908874,<3M,467.3158255694446,1.0231388888888793,99.72222222222223,0.0
pool1ksfzungz56vxa9sy6hr54v5hf6qx8rmcu6734gqm3qlxucveed6,367,363,361,2,166808.17610500008,0.0,1002995.6026130455,<3M,454.5181910217986,0.03405994550408719,99.44903581267218,0.0
pool1hv3yae6keeeu2y7eusejx4swd2myfkurldt7lasn2qu4xk20j8m,406,406,405,1,166676.19677899996,0.0,667244.6257316724,<3M,410.5325043817733,0.8399014778325051,99.75369458128078,0.0
pool1829u4wxz0hdatsc0sczd0r3362wxk82qlqncjw5ksx7ngne07w0,51,51,50,1,166645.49107699998,0.0,4802007.960353352,3M-10M,3267.558648568627,4.058823529411765,98.0392156862745,0.0
pool1ra0j0teuuclcsda23w5cjsu8w8tnce7q7us4fdugl24j5f909lt,11,11,11,0,166525.84198700002,0.0,24836279.430017278,10M-30M,15138.712907909094,3.0000000000000004,100.0,0.0
pool1ugnx5vy7c749eq2c6d0dm35qcyd7v66wd96at3ngumjdsqdhwhj,85,85,85,0,166448.33605500002,0.0,2771042.2029748824,<3M,1958.215718294118,4.000000000000002,100.0,0.0
pool1j742gcsul7u8c05rsqmkgpkvj5qadj0pew69nctu6crqy9wjjn4,362,362,362,0,165999.54576100004,0.0,1240952.7289001462,<3M,458.5622811077349,1.024861878453029,100.0,0.0
pool1f776th42gqa5ammpj738evvnlga5jk4ll0gr4uupkrqnqpjsfyt,46,46,46,0,165642.50244,0.0,12172556.488077413,10M-30M,3600.9239660869566,100.0,100.0,0.0
pool13n97kqrn3rauruvq6kmqxmu9f3hwzq6rq06wf7lm8e2kvuuyr9t,108,108,99,9,164809.96439800004,0.0,2205879.333767787,<3M,1526.0181888703708,2.0000000000000013,91.66666666666666,0.0
pool10pd44d65586rldtdzuu88e7mn4sxjctvdksmt05nnqfzqu7g7hd,69,69,69,0,164751.89717400004,0.0,7140267.571335795,3M-10M,2387.708654695653,46.90840579710135,100.0,0.0
pool1jp67hct7n86tdkr7qxrfh3q0xl973rl6986aawxkrqz6wq4ymc9,365,365,282,83,163085.7348300001,0.0,974979.3094621621,<3M,446.81023241095914,0.08616438356164381,77.26027397260275,0.0
pool192ve6p5958dam7hr3e656cuq5cucz5gnpfazlqr9kpc962gj07z,299,299,299,0,162243.42847000007,0.0,1047493.1746520515,<3M,542.6201621070237,0.06020066889632107,100.0,0.0
pool143x8nhnr3j9mpzvhayuaen0y8l350guj6yd8mhmhhuupvuah3hh,344,344,343,1,160161.3078419999,0.0,956027.5869438674,<3M,465.58519721511595,0.0,99.70930232558139,0.0
pool1r4hj35clvexkq0j0cagcxrt9945cp7agzslvjxpfa9fg62qpemv,50,50,45,5,160034.25994699998,0.0,4016908.8676303597,3M-10M,3200.6851989399997,1.7524000000000004,90.0,0.0
pool1fdgzsd07tq6t7zd44na0a72kz6gpedp9avny02z7qsx9ywr3le7,98,98,21,77,159804.573507,0.0,4856765.78027055,3M-10M,1630.6589133367347,100.0,21.428571428571427,0.0
pool1fy5aaf5gz2646dghhm8u899mj6hyznn428sqhdx3tmqmsdy6rcz,365,365,364,1,159651.453154,0.0,799117.8524626939,<3M,437.40124151780816,0.9999999999999907,99.72602739726028,0.0
pool1k99yncea8tq9pfeks3yymyj6fwjf4apx0s490j09m4y66vtyufr,350,350,350,0,159166.98655499995,0.0,1065483.0772177712,<3M,454.7628187285713,0.022857142857142857,100.0,0.0
pool17y0uw9jraxxtqk4mhgkhkye2v6jqzn84u8hl68l9xwq3cvm2vqw,406,406,406,0,158671.379996,0.0,685891.5195863966,<3M,390.8162068866995,1.844827586206888,100.0,0.0
pool1pg2k7lp6w68vlvdycug2ycu3mkrt0z4ftxay4g8zchj87mw6ug8,406,0,0,0,158494.15197599996,0.0,736134.6480496391,<3M,390.3796846699507,1.9384236453201777,0.0,0.0
pool154sjkrwdu80wp6mnjvkwk55aj53l4v37z4zwulfak74vcxg60x0,405,405,405,0,158321.58438799996,0.0,737490.3393604265,<3M,390.9174923160493,0.004938271604938272,100.0,0.0
pool1u0u2s080a5plun4acn6s70xa3q98ct7skt88l7w6nnwwyl9ecym,406,406,406,0,157866.16985700012,0.0,878409.5814093167,<3M,388.8329306822663,0.7215517241379316,100.0,0.0
pool1tj7x0rmcq2x05xvk6wsz5n39f70tr3qrt4w350vgyzp4jckdyn9,69,0,0,0,157240.60679899997,0.0,5202530.123189274,3M-10M,2278.8493738985503,4.999999999999994,0.0,0.0
pool1chfk2749hyrwqqpj9fapredjsgw3fdauyxw3hn82kavqva6nv3w,170,170,170,0,156896.58739999996,0.0,2547743.648877445,<3M,922.9211023529409,2.676470588235289,100.0,0.0
pool1ygsyw93csvam58nf63gttknj9dvj3zxh54h4eh0kals7kdf0nx6,322,322,320,2,156514.24759000007,0.0,1171507.189678962,<3M,486.0690918944102,0.17391304347826098,99.37888198757764,0.0
pool1psr42v6rvv3raeqsg9ru2zy5dp4cchlde8hw9xthrpstx5wz7wk,306,306,306,0,156335.86894999983,0.0,1190899.5156028727,<3M,510.90153251633933,1.8169934640522776,100.0,0.0
pool1gslrt6mmljsqkzft6nd0q7w7g2fyhxpxx6sj4ff68x22kwx6unm,303,303,303,0,156319.66359500005,0.0,1130318.339467409,<3M,515.9064805115513,0.0066006600660066,100.0,0.0
pool1vpav6vlznpwzrr82nvq7jenfxk4mwqk9jju9yx03dryqcg9sqnn,364,364,86,278,156184.813605,0.0,727514.8515360164,<3M,429.0791582554945,0.002747252747252747,23.626373626373624,0.0
pool13m5c3jtlvg2mgk5chl5zu8adsdk47qumlpxmuspcd3855m8t73r,193,193,191,2,155859.660005,0.0,1215445.565101119,<3M,807.5630052072539,0.8879274611398967,98.96373056994818,0.0
pool1yaapy9ew5cs3qvv69zxxwq8pn3jk8cylt9k7s4ejvv2tsu4czh2,220,220,220,0,155551.93074399992,0.0,1454505.7745796356,<3M,707.0542306545451,1.31818181818181,100.0,0.0
pool1xayucs2qde9rldc4tlq680ynycv2zxu9wc3mqjrgkcgqg5fp4g6,205,205,205,0,155285.2344969999,0.0,1405077.6751882436,<3M,757.4889487658533,99.8536585365855,100.0,0.0
pool1gsfu7c2ac6rh45dn836myms9flp99y0erppqez80nwehk9c70eu,288,288,288,0,155051.492161,0.0,1034662.0897625925,<3M,538.3732366701389,3.5972222222222063,100.0,0.0
pool1d0ze7l6t8gjng564zsfyd7uw7snenpsjh9dacawdpr9g27djq8f,406,406,399,7,154452.16428599998,0.0,697775.8164379904,<3M,380.4240499655172,0.5270935960591129,98.27586206896551,0.0
pool19aw7zl62a72fy0vz2g8tj7raxzqhw2775ynymyvaeayvk8xf9er,252,252,252,0,153926.159175,0.0,1224882.5178469596,<3M,610.8180919642857,8.952380952380935,100.0,0.0
pool1dgmuwu0txducah4pes4e2avlcv98wedml33kdz7ujtrrxk8xv9y,406,406,406,0,153344.04900500012,0.0,703462.8150164394,<3M,377.69470198275894,1.4529556650246216,100.0,0.0
pool18p7p752cjnf9z8g70ygkre5cstwmgfatzuqm0tm3n2xf739j8k8,368,368,368,0,153263.68316100014,0.0,1048481.1086362903,<3M,416.47739989402214,0.021739130434782608,100.0,0.0
pool1z56rnzw94rxxm5mwkyxfdwfej5fdh0k7056gqs6whr8tyjn48wq,54,54,54,0,152389.506892,0.0,5343134.239138041,3M-10M,2822.0279054074076,2.6851851851851865,100.0,0.0
pool1denmfptpdhy2vp8q92ttrmalf3kynyv7aguudqzeq83d7zpcaeq,358,358,357,1,151974.01376400015,0.0,813744.4890968783,<3M,424.5084183351959,2.9999999999999893,99.72067039106145,0.0
pool1ekv86vn3km5tu5etn9nlul5uzv5e2lpvtm5w9j4m9nwfzvuslfh,83,83,80,3,151937.37898699997,0.0,2710659.669486628,<3M,1830.5708311686744,1.9277108433734955,96.3855421686747,0.0
pool1rqgmaq82p2l3j2jknc2syky2xtgylevss39c7ffgpp5x56s5pt5,29,29,29,0,151893.384545,0.0,16266772.046904445,10M-30M,5237.7029153448275,4.000000000000002,100.0,0.0
pool14w9tn4w30dwd2lfv4cwjg2a2e3ukfd0nqrydx37fjzf7z5f5jnk,365,365,250,115,151404.47460899994,22296.067637,836984.7008816961,<3M,414.80677975068477,2.5000000000000173,68.4931506849315,14.726161624073066
pool1wxzwqzl8c5pmsq6q37a90fgmpw7z729hufmydg33zcz0ktp5q8n,173,173,173,0,150996.68118900005,0.0,1931794.6941414496,<3M,872.8131860635841,6.980924855491355,100.0,0.0
pool14yezww4csqq4ny9xwl45e3vckvrd7rkw2j4f350wl2mqqw6shcf,339,339,338,1,149503.07679800002,0.0,881463.5393842963,<3M,441.01202595280245,0.0,99.70501474926253,0.0
pool1g58rl2yvgf3ewek4psqjlh77q8z2m9f3rjz4mpf0zemmvrmn0et,78,78,76,2,149493.700292,0.0,3226326.6736960257,3M-10M,1916.585901179487,2.2435897435897445,97.43589743589743,0.0
pool1rxpysk2ahxz442mqapv4shtrpaddw2lsuufdeg9gsjjn6gjr5tx,26,26,25,1,148983.576557,0.0,7122731.957544231,3M-10M,5730.137559884615,2.26923076923077,96.15384615384616,0.0
pool13p725l7vqedxvkrstaq7myguewcktjglapwls3re7wakxdv90fw,337,337,337,0,148283.62156599993,0.0,895660.9953522811,<3M,440.01074648664667,1.4999999999999964,100.0,0.0
pool15ju4ktqmtha9vry4mf44hr2psf807n4achj76z8uhawgw9462kx,406,406,405,1,147799.66948900002,0.0,906578.9968127322,<3M,364.03859480049266,1.0660098522167494,99.75369458128078,0.0
pool1lr0wunp76zfedxk7qvreekyvvdr4n0s2mm5g458n7akrvmdnfwl,37,37,20,17,147471.29705699996,55518.83495599999,5746682.05006716,3M-10M,3985.710731270269,0.7837837837837841,54.054054054054056,37.647214111462716
pool1j8355yxxpfuhqyda4lrj8c9cdghaang3wvwge8jq8nlxurvfqv7,374,374,374,0,146630.87482100012,0.0,836891.9642914007,<3M,392.06116262299497,0.056149732620320865,100.0,0.0
pool1ddywudgudfaphp8txj9qf7alj3uk6wzyd22u7cd2myhyv3lyxxx,323,323,323,0,146383.39265100003,0.0,1083164.6215755448,<3M,453.1993580526317,0.0,100.0,0.0
pool12pwp8hln0cjsxv0h2a0463qsakkhwetfhyqw7vzmpwd2jdj86n6,340,340,340,0,146062.2449599999,0.0,893062.2387089401,<3M,429.59483811764676,0.9999999999999917,100.0,0.0
pool1htf4qwm5t82mefqkns5p7d5w30rk8xdduty434vchq2hcvwt6ka,80,80,79,1,145746.8791440001,0.0,2366258.708284939,<3M,1821.835989300001,2.000000000000001,98.75,0.0
pool1wx83tmlwtxw5nzn4stz02655pnltllq5apgx2mdc6557zw0r78g,174,174,174,0,145580.682374,0.0,1744749.0835426815,<3M,836.6705883563218,2.1149425287356265,100.0,0.0
pool1z26udkezqtry8xtca2u9f807ptf0llcv70rnr3j2357gqgrs79f,364,127,127,0,145500.405649,0.0,653665.6058865286,<3M,399.7263891456044,0.9999999999999908,100.0,0.0
pool1d2cl6yayuxp0wv0v7dtvu0s52vglg0x4z2lz27d6x4ewj72nk2a,386,246,101,145,145392.64230599997,0.0,634187.5001396772,<3M,376.66487644041445,2.5470725388601134,41.05691056910569,0.0
pool1692dxqqcsavymwz28w44t2jhyjnakvj4l3gwz2dqrarmc2k6dkh,406,406,52,354,145052.53773399995,124903.76679999997,730856.437758443,<3M,357.2722604285713,0.04187192118226603,12.807881773399016,86.10932890333213
pool163zy9c8e9dqhxgzuf6rqnn2gewasn37mewq9wpxz90sl7rtj60h,130,130,130,0,144836.051432,0.0,2373503.1130430005,<3M,1114.123472553846,1.8750769230769226,100.0,0.0
pool1g7757qwvwzpqn35xfxqmhmw3nz8xe8rcptuqqwkv3cfzk38gedd,161,161,146,15,144693.900477,0.0,3661607.12656669,3M-10M,898.7198787391303,0.0,90.6832298136646,0.0
pool14mma26pz4v888lrxtlzm22vjd68h5hd89kj7jaag6knx7x3k5ed,301,301,294,7,144126.24024000004,0.0,886404.5740966885,<3M,478.82471840531576,0.3790697674418607,97.67441860465115,0.0
pool106sjgd9m4shsvtc9ruk7femgndknefmct6eedskww37pzv8hz9n,26,26,26,0,144064.227725,0.0,23810552.74455812,10M-30M,5540.931835576923,3.0000000000000018,100.0,0.0
pool1wz4euuc8r3gfya335gvpxl2nuajkvkjh3d6ylm4w83wcz7lqxc6,361,361,361,0,144010.92122299998,0.0,906084.7940809695,<3M,398.92221945429355,1.022160664819935,100.0,0.0
pool1j3d3uglt02kl49cau39rthpwa6xtrtmetj473mse9shrjafpnh8,149,149,149,0,143807.45612499997,0.0,1727017.9557142875,<3M,965.150712248322,5.067114093959719,100.0,0.0
pool1qzlw7pfxtp5xjxe9jv9ntmzqhmdav46c7ylf7ycra2qmctqgr2h,27,27,27,0,143169.38919299998,0.0,7397568.366992222,3M-10M,5302.569970111111,2.500000000000001,100.0,0.0
pool1zht8n9qyssc4y2vrqap8acn6jf6jpqktq3tnlu0mkhq5vm8sv2x,93,93,93,0,142734.185771,0.0,2046883.748731494,<3M,1534.7761910860213,0.47311827956989266,100.0,0.0
pool12967a8v8vaz5d7pvphhdnmq0slrg4d3n0wp772fgm04e2g2m9gv,183,183,182,1,142381.66070800004,0.0,1903103.22561484,<3M,778.0418617923499,1.0000000000000007,99.4535519125683,0.0
pool19k4azhj8tye5wwy5pfj7q6m938m8fg5nglds5dkhtfwnvcg3s0k,363,363,363,0,141751.92930499994,0.0,960711.3378340247,<3M,390.50118265840206,0.46280991735537225,100.0,0.0
pool1prwcf5nlqz4faek27x2asyjk50fp0hf5tptumzlxpuvtqh3ulv9,253,253,253,0,140872.135702,0.0,1552034.135678965,<3M,556.8068604822134,2.50790513833993,100.0,0.0
pool1nux6acnlx0du7ss9fhg2phjlaqe87l4wcurln5r6f0k8xreluez,155,155,151,4,140640.68734999996,0.0,1153821.0352997223,<3M,907.3592732258062,0.0012903225806451613,97.41935483870968,0.0
pool1n940lfxkd7z73qzj5y554yrletrmgg5x2eya9tpglh3uwcqfnud,305,305,305,0,140397.52229099997,0.0,1092528.0667546396,<3M,460.31974521639336,0.0,100.0,0.0
pool1vl0hlf4jecm3rk0vcc9mtpu5us2cv7hzlz396cgs8crc5df43mn,362,281,280,1,139954.10273599994,0.0,843347.8242862271,<3M,386.6135434696131,0.0,99.644128113879,0.0
pool13q0r47yq43jljm9lnwza8uz57u420wuuwllrvkalxm6vwn2dq5n,46,46,32,14,139390.46665,11168.191713,4740152.799058827,3M-10M,3030.227535869565,3.000000000000002,69.56521739130434,8.012163228524496
pool1qv785q9wx056p7ngq2ec3n86tj5kx0t3ygcug8zx3sknj038rsd,289,289,289,0,139095.11285699997,0.0,1153273.5825320997,<3M,481.2979683633217,1.548442906574393,100.0,0.0
pool1mnhywmx87p5dlsk86szshumnn5pljdnacr0e8zsq2v32ckh5wyf,362,362,207,155,138865.52129199996,0.0,643709.6639375302,<3M,383.6064124088397,1.70828729281767,57.182320441988956,0.0
pool1rs8xygd8rdqjjr5ums0w9upw9uwrrkvuvyjvq8wvr3kekhjkpl3,184,184,184,0,138326.376573,0.0,1104102.084363983,<3M,751.773785722826,0.0,100.0,0.0
pool1ksh2zpeeqe0rpcug63up5l66g3kr5vf58jraeun82rur6m4g6xz,406,406,406,0,137658.9257569999,0.0,701500.3026079295,<3M,339.06139349014757,0.5077586206896498,100.0,0.0
pool1wese6np3cptssf8rd8gn49259dj7u225dujj07tqgtnqytgp6xx,57,57,52,5,136626.145482,0.0,3367508.0523159117,3M-10M,2396.949920736842,3.2807017543859676,91.22807017543859,0.0
pool1qpuzf5kcxrmuf6qg2nnu9cs7hj2d6ke3fwz58l7rlefcy50caaa,406,406,406,0,136101.58393399994,0.0,550022.9834501892,<3M,335.22557619211807,2.999999999999983,100.0,0.0
pool18ljuhhw27t85zddz0pvsmsjsz5k0mlz03pzsxgh8qarcsw5wycc,364,364,364,0,135904.45824500005,0.0,822936.3052305249,<3M,373.36389627747263,0.0,100.0,0.0
pool1l4synes9s3swlf5r5rsfpede3582r4km2wd94xctceyaudv9zx3,364,364,364,0,135349.75075999994,0.0,785405.7024462195,<3M,371.83997461538445,0.9999999999999908,100.0,0.0
pool1fv9f8phzn7hp623ypw6ctf73a98hd7nrh8wm7glpcuhf64856g2,390,390,390,0,135209.6425219999,0.0,830620.7165993814,<3M,346.691391082051,0.7557692307692313,100.0,0.0
pool14lr9ef5a22ng5xcu2rhpkkc86u5fp24r5gnj6hvnjxmsv8t8rtj,406,406,405,1,134449.201681,0.0,516869.6799247141,<3M,331.1556691650246,3.100000000000013,99.75369458128078,0.0
pool1dwthjmzrkm5q42yqa3x50jaye6pg57n7t569c44an6hzsg8qake,272,262,262,0,133253.19528899997,0.0,1122373.2954322177,<3M,489.9014532683822,50.90073529411807,100.0,0.0
pool1my7sevxtc4dfvj626q0ujqqukntfa2v0uuydq6wd8x8hvml03rn,374,374,374,0,132108.193257,0.0,609395.7987855783,<3M,353.2304632540107,0.0,100.0,0.0
pool1a9xyvnnfjnujzy0n2mpf4rztdwrssraw5p5f06mqlgn4s06z0nw,406,405,402,3,132089.66811700014,0.0,538458.5669161454,<3M,325.34401014039446,1.2068965517241315,99.25925925925925,0.0
pool1g2htk67ngtrw5mz6npgu3tugmcuqfgu0lxm8m26d7x79w75xupn,390,390,213,177,131921.09675599998,0.0,654353.0525632147,<3M,338.259222451282,0.22987179487179493,54.61538461538461,0.0
pool15fn9e84lmcp88z6yldagdele2lq0kqremlf0j96v7cj0jj6v22l,285,285,285,0,131740.312412,0.0,753264.84503795,<3M,462.24671021754386,97.62456140350916,100.0,0.0
pool1ghd48gmcn3ks8fz8wswd2fhma4ug8qq80m7gspfph2wajuvcsk2,123,123,123,0,131073.87437899996,0.0,1875278.9644002027,<3M,1065.6412551138208,0.32731707317073205,100.0,0.0
pool1rd0cadxrmef8fl99e2ms3tytzq874m2ahraaexfrhpnr67d7s8a,203,203,203,0,130912.99042000003,0.0,960377.6608266452,<3M,644.8915784236455,2.500000000000002,100.0,0.0
pool1k3sjc2sypvtrgne7gc7mlgv5pfu2pn4zdlyky9tkxzmckcp9mxr,106,106,62,44,130644.74674200002,27123.248919,1733683.5900752165,<3M,1232.4976107735852,2.9999999999999942,58.490566037735846,20.761071222070306
pool1zga7fc8swn5l4rha04ddq07m2rc8rh9vxqmc56j4k2l2xy4lw22,303,303,303,0,130418.42000900002,0.0,999240.1731132906,<3M,430.42382841254135,2.269966996699677,100.0,0.0
pool1p627hhec2ha6wu6ql377c3hv4mjd26w7ll0xyw2ezgnu6nyl0a4,406,406,406,0,130298.31862600002,0.0,549394.0198382365,<3M,320.9318192758621,0.8790640394088587,100.0,0.0
pool1agwy5atgc4ptg3whplaxyz28g4dgvsna8auktszctkq8xmtl7dh,120,120,120,0,130217.75627400001,0.0,2813562.1850380506,<3M,1085.1479689500002,0.0505,100.0,0.0
pool1fwhu9w2z82n5r7hdeu8ayl9tywraursthd78mxxekr6zzdjgpkm,352,352,352,0,129782.809514,0.0,869214.1062013443,<3M,368.70116339204543,1.2215909090908954,100.0,0.0
pool1sghd7rmq0ktp6xd8yp84m00530hhqxx94lsnswmajt2xxrzpyjk,286,286,286,0,129567.81408500002,0.0,1485808.0654543492,<3M,453.03431498251757,99.00000000000038,100.0,0.0
pool1ts6u8sylpmgqdxcvlc3fhdr4kt5wmz5egch83vtt6rwwwyxtuym,26,26,20,6,129311.017995,0.0,8910766.935560001,3M-10M,4973.5006921153845,98.99999999999996,76.92307692307693,0.0
pool1dthnjfd48kvqsn52nmqpghqhwrn7k4lcfnfdycfmknqe5xpkjcd,137,137,136,1,129281.455271,0.0,1506459.8678743646,<3M,943.6602574525548,1.0364963503649642,99.27007299270073,0.0
pool1hysp9sd0h4k8ll8sxnl0k3gqatd9axzjnaxs7488mw9gze40jp9,140,140,140,0,129276.43663899999,0.0,1683108.946522972,<3M,923.4031188499999,2.0000000000000013,100.0,0.0
pool1fn8mfqp4jt6097ygqrze5rjzg3y5s8fktxszqgs9mg22jvr42dx,364,364,364,0,129264.78674699996,0.0,656120.2341450976,<3M,355.12304051373616,1.6410989010988906,100.0,0.0
pool1y7cmg3cvsndh3nsll0llw7asdz4mferag09kqzw24g6jx2ce5ws,97,97,96,1,128983.657852,0.0,2635234.732014753,<3M,1329.7284314639176,1.0000000000000007,98.96907216494846,0.0
pool1j0pz6ujg38vhsxfhu6dj993xur3ca0h9dq0f0zzwf5s4vru4amq,75,75,75,0,128220.70912899998,0.0,2814099.1259322655,<3M,1709.609455053333,88.61333333333341,100.0,0.0
pool1agk62kg0s9606v78exurl53mqsdu44d6qeuzypur5e7ku6gpgzp,406,406,405,1,127636.69137200006,0.0,508649.8053685761,<3M,314.37608712315284,0.8730049261083752,99.75369458128078,0.0
pool193rdch53x9c53rmftlqgzj22vmz6w8z8hhut2ckzd2zej45zpap,350,350,350,0,126149.77546500006,0.0,1003256.7041743485,<3M,360.42792990000015,1.0342857142857047,100.0,0.0
pool1aphay5rn5f3kmy0l24suvp329pp4l9j0c4y9mugutfzy6q899xe,71,71,70,1,125349.83942399999,0.0,4318180.793356254,3M-10M,1765.490696112676,10.985915492957753,98.59154929577466,0.0
pool12gqhv4vf0y7vngzd3umchjz3yhkqaaalwzltsngpdykgyud5rhz,213,213,45,168,125295.54425300003,114615.96512400004,1252081.8260835442,<3M,588.2419917981222,0.13145539906103285,21.12676056338028,91.47648929363721
pool1fr8ug253hlv0pt4sxu3w20r03pnpkh2wpedegp55t8nsx28rkma,201,201,201,0,124957.22935200005,0.0,1639645.534180632,<3M,621.6777579701495,0.8358208955223887,100.0,0.0
pool1sfjdu0xmz7vdmp6cufxd55gprp95g4p703zzr3upt70dst0fur2,356,356,355,1,124443.96249399996,0.0,1731353.4746906771,<3M,349.5616923988763,0.999999999999991,99.71910112359551,0.0
pool1ft6jvmft8tg3lwzg6wfsprlex3ncuq5cnckwycavqk5q63jhrhv,381,381,381,0,124329.33801800011,0.0,789245.2485179659,<3M,326.3237218320213,0.0761154855643045,100.0,0.0
pool1nwcu3al5vfm7t3dtvyuu4hlmlvezd05c5v386q90hlptks4mqw3,406,406,406,0,123862.91022800004,0.0,802169.0320213216,<3M,305.08105967487694,0.7499999999999958,100.0,0.0
pool1q23kstu6ute8x43z95ahnwh04n9rpn6k0wzakq663ke75220682,299,299,299,0,123412.522058,0.0,1023257.2447383669,<3M,412.7509098929766,2.500000000000013,100.0,0.0
pool1khyv2zj3asyhz76a4r2ky42sdxn3gqu3lcyw3sj74trmwhlc5ud,316,316,316,0,122296.973748,0.0,884482.5797723702,<3M,387.0157397088608,0.0,100.0,0.0
pool16pg8zc9zxxfjksquvjs6ljxuy8ng9xf79ekqekap98a8wjzuttg,122,122,120,2,121472.95422999996,0.0,1506692.8559120896,<3M,995.6799527049177,0.2868852459016394,98.36065573770492,0.0
pool1n0uxgs5qfk5n9xl7qvq9jt8zuu02cntrsjnjayjlqtejyffnemj,18,18,18,0,121030.37461600002,0.0,22730028.538384553,10M-30M,6723.909700888889,0.0,100.0,0.0
pool18l6lvx95vl5p88zfh7xjkx073s9gufpz4sa5q43fu7auqunjhg3,374,374,374,0,120892.29651399999,0.0,730446.8559589091,<3M,323.2414345294117,0.24465240641711247,100.0,0.0
pool1rkm8rplkafvllxjuddrkqc3u3lgd9uf327tvmvfdyygsv7lkhm8,4,4,4,0,120734.457008,0.0,75507547.72881651,>70M,30183.614252,100.0,100.0,0.0
pool18q7axjzcrs7pd2vpmcgh33p0r5cng2q0v6ldw5vtwuhl6ctgmeg,325,325,325,0,119968.37830399997,0.0,917094.1797226834,<3M,369.1334717046153,0.0,100.0,0.0
pool19xyfanyp28j6j07dxgwdjp0wur6seqmyyu64qgzstzl7s47pvpj,357,357,357,0,119730.75829300002,0.0,707097.9685385157,<3M,335.3802753305323,0.999999999999991,100.0,0.0
pool1vqjyjsp6dawkj8tzmfpu39hvgnkph99qzarw4dll6yq76gpaa4d,241,241,63,178,118134.81312700009,84996.52633800003,1104210.324130179,<3M,490.1859465850626,3.0000000000000067,26.141078838174277,71.94875421407325
pool12f2r9xf4wvht030xwjhpjvy5yptr275qr2qcydnx57jkxyfzz2w,406,406,406,0,117204.72559300001,0.0,580363.9376409337,<3M,288.6815901305419,0.0,100.0,0.0
pool1kc0stmq7jpatnvrfatkxcejq2mqk74k2kkg8vyyuvmf2uk5gmyt,150,150,150,0,117146.58752999999,0.0,1761125.8023657068,<3M,780.9772502,4.000000000000003,100.0,0.0
pool13mjxg33urh0xquvw33kjn85yw7j42uwqw0pvh8s6c67rszr7ssz,328,328,328,0,116689.31010300003,0.0,766783.5777724283,<3M,355.76009177743913,1.0426829268292594,100.0,0.0
pool183usq53j55v86q3eguw37xaqy67au9n5terk474sevuu6jy7266,380,380,29,351,116103.31612599998,0.0,443608.99525040813,<3M,305.53504243684205,2.902631578947357,7.631578947368421,0.0
pool1lu0gwsvugl2cgx6gzk9zqdjwutd5szp293wpvwj4fvq4jleg8ww,19,19,19,0,115798.88461400001,0.0,19609626.168461632,10M-30M,6094.678137578948,1.0000000000000002,100.0,0.0
pool1yla5xge99yeddrcts0ya9n66k3x2vrcachnnmzu2vqqjzm6fw3k,116,116,109,7,115201.50818199999,0.0,1519624.3641832566,<3M,993.1164498448275,0.5948275862068969,93.96551724137932,0.0
pool157g225wjz7a0hp2g7t5j7g94dd3esr26xg90rnr9gq3js8ep0v5,58,58,58,0,114866.77393600003,0.0,3711507.220908966,3M-10M,1980.4616195862075,99.00000000000006,100.0,0.0
pool19wypxkajsrhk9cce8me6yyp3cx2yvq3823nesqgn8d78ju8crwq,273,273,273,0,112953.37431900001,0.0,815988.1544023913,<3M,413.74862387912094,2.527472527472539,100.0,0.0
pool1sj4l2jrykge07u4ke7unxyxpma0qara9x828xpvck6ev68zlvn3,36,36,36,0,112914.513002,0.0,4554976.917904583,3M-10M,3136.5142500555557,0.0,100.0,0.0
pool1yfacynd0va3rw27tjldfz05f6hfjhfv36wwdhn3dy2hfqq00w8y,406,406,401,5,112727.0888,0.0,507397.59021401074,<3M,277.65292807881775,1.4876847290640183,98.76847290640394,0.0
pool16j6m34wg86tm9nvs5r7crreunk888z9ucacxxfaf95sfys7vdz0,188,188,186,2,112596.21449500002,0.0,950117.4400025056,<3M,598.9160345478724,0.7248936170212771,98.93617021276596,0.0
pool17gfj5t240hqaqr7vtrlrlhmyazw3lcyqvfd06v4kpxv7qxpdzau,305,305,305,0,112374.35363600004,0.0,1007008.1057181448,<3M,368.4405037245903,0.26229508196721324,100.0,0.0
pool1w0s8vf9qse980vulgszvusw3800d6dlc7wkusr0aqvzlz75qgqg,132,132,132,0,112253.91821999999,0.0,2266312.9132613945,<3M,850.4084713636363,25.97727272727263,100.0,0.0
pool12n3v593f4c5ymmr9dphtwsyzqvupvmje04zp3sph7g75cyl3q5c,89,89,89,0,111910.06786899999,0.0,2968123.6687763482,<3M,1257.4164929101123,14.59550561797755,100.0,0.0
pool1w9hdxd0ydy7qrtxe2lceg80mpsyamwnaqyvu2v0yngj4cfkfu2t,336,336,336,0,111570.07005899995,0.0,709833.8237339586,<3M,332.0537799374998,100.0,100.0,0.0
pool1zug38qs8r3ggmzqnqmyxkz34zy3gc9uw3pn59g5gfjwcxdskxjf,142,142,141,1,110213.91329700002,0.0,1171019.9628067887,<3M,776.1543189929579,0.0,99.29577464788733,0.0
pool122y8c6dqkf864l0uxxnz8uz60dcrxvdm5w6j302z7ft0265f3xu,76,76,75,1,109827.15348,0.0,2125951.820109671,<3M,1445.094124736842,1.5394736842105259,98.68421052631578,0.0
pool1zsyqzr04g5pr3nv7vfk8ldc3uf0xljc8yftdsqpxxqpychpxj65,406,406,406,0,109803.46706900003,0.0,609325.3496864948,<3M,270.4518893325124,0.4999999999999948,100.0,0.0
pool179rm8hz6zw9v9z5ghs85vf4q7vlanvqurxanxzrszjshwaarkck,60,60,57,3,109449.45016,0.0,3105818.8839510498,3M-10M,1824.1575026666665,3.556666666666667,95.0,0.0
pool1qkaunkpckny74vcphlg4rh5eqaufnjvheu2x40uyxmklydefjeg,218,218,206,12,109360.02642200004,0.0,1103076.510319698,<3M,501.65149734862405,0.8073394495412849,94.4954128440367,0.0
pool167qekemyleju9g7eugaguqxh5telvmmmrs3a7sp897f6za308hg,145,145,145,0,108564.67210900005,0.0,2172961.251575945,<3M,748.7218766137935,0.2275862068965518,100.0,0.0
pool1c8k78ny3xvsfgenhf4yzvpzwgzxmz0t0um0h2xnn2q83vjdr5dj,177,177,177,0,108246.61547000003,0.0,1154775.8283950835,<3M,611.5627992655369,0.0903954802259887,100.0,0.0
pool1cus3lsxn962f3tx30shytad9u8487jpnqz6875tahxr26waf2dv,180,180,162,18,107495.54661700001,0.0,1240005.3150389828,<3M,597.1974812055556,0.07222222222222224,90.0,0.0
pool1p82vmqednsalje23mpnz9u3qt9ruj79xu83mr6p8t93fw5fcu3y,290,290,290,0,106818.85698799997,0.0,947092.7237473034,<3M,368.34088616551713,0.9999999999999938,100.0,0.0
pool16cdtqyk0fvxzfkhjg3esjcuty4tnlpds5lj0lkmqmwdjyzaj7p8,326,326,287,39,106704.12131700007,3250.251323,791688.431561451,<3M,327.31325557361987,2.2914110429447927,88.03680981595092,3.0460410365444535
pool1ds7rtjqxauff54ny4avs7qxmvchepuv6u79kgg0sf84mjlhxznp,118,118,116,2,105531.71385999999,0.0,1833745.7894332958,<3M,894.3365581355931,0.07627118644067797,98.30508474576271,0.0
pool10w6dqsuflhrczmvle5awchzcteskxke3ce0anmnvza2n2uv3u2f,156,156,152,4,105153.17178000002,0.0,1253998.5730549814,<3M,674.0587934615386,0.0019230769230769232,97.43589743589743,0.0
pool1w92z3lxwrycf3kmf075dja2fwem0luyjc4ysv2afh6sg554qjwn,329,329,329,0,105094.50214400001,0.0,730437.4317996458,<3M,319.43617672948335,100.0,100.0,0.0
pool1tdh56dcqs0sjeq4ehfdamlnzvxkrr5zgsysnhlkphzdzwmw4nvw,155,155,154,1,104575.67382399998,0.0,1688463.0546661678,<3M,674.6817666064516,98.99999999999996,99.35483870967742,0.0
pool1h0v99elmvl50rqk778ue6g49r3mtgq3z4draq6pzy0nqv000frd,305,270,266,4,103936.63511999995,0.0,775884.521064374,<3M,340.77585285245885,0.2255737704918033,98.51851851851852,0.0
pool1qqq6qpcq3tvnqzy7r03dush0qk9vrr88v85d6fj3ws9h5zj0h8w,64,64,64,0,103259.26019399996,0.0,1819236.2316315002,<3M,1613.4259405312494,0.907031781250003,100.0,0.0
pool1wrjg8fts9cus0eq8jyf5wqsfe64e8tvrquxgff3tyze4qal4hwq,405,405,405,0,102834.05382600006,0.0,478920.2944666125,<3M,253.91124401481497,1.7585185185185044,100.0,0.0
pool1k8s63hvxl5un403f0lwqm87f7svwn2j7vpeflgupvkhqkjpknut,86,86,86,0,102687.36395700001,0.0,4679547.6434015585,3M-10M,1194.0391157790698,5.999999999999995,100.0,0.0
pool1hk58eyf4gtm54rx3nl7p236wtm2c68dmg2femcrqg9z6qeajcc9,47,47,47,0,102323.99384600004,0.0,3256175.0434801276,3M-10M,2177.106252042554,0.8297872340425536,100.0,0.0
pool17aqvu5856kvgxtkd6l3v5wmncexp4tf88pyz3qamlpjlyuwn4vj,92,92,92,0,101778.78772299999,0.0,1984617.092310816,<3M,1106.2911709021737,0.024021739130434767,100.0,0.0
pool1t50sl2erwfaey5du4e7gnp52fylplh5q4j24zkkxk9t5vsxfcvm,404,404,403,1,100828.0562960001,0.0,519129.02485378715,<3M,249.57439677227748,0.007425742574257425,99.75247524752476,0.0
pool1esd3cqme3zzvvdnsx3p6ywudn6p86mqyz7fpvqpegxv2qzmtes0,363,363,363,0,100573.90547399994,0.0,561470.6298702705,<3M,277.0631004793387,1.6942148760330646,100.0,0.0
pool1v3k049f5aypn325f3rvn79765cuvqrvlhmqyzj835frn6ya03qp,344,344,343,1,99397.48154999998,0.0,549850.4603165785,<3M,288.9461672965116,0.029069767441860465,99.70930232558139,0.0
pool15szqnwzxu6dgc0emrga2yrjksj76pke4f663ecpyvlhpxq3wpf5,114,114,110,4,99215.78014800005,0.0,1344965.876783263,<3M,870.3138609473689,0.034736842105263156,96.49122807017544,0.0
pool1g3wjq2yyg7hxteky9eym8fhc9xdtut63ss46a96gxndhqjgerqv,196,196,195,1,98172.67925499998,0.0,956249.5276381378,<3M,500.8810166071428,1.0000000000000007,99.48979591836735,0.0
pool15qpzcchpqrqcjuxkfl4h6ruvpzh7yc0y63p475j546f2wrkdyvc,170,170,170,0,97928.14353199996,0.0,945859.7358450178,<3M,576.0479031294116,0.0,100.0,0.0
pool1xz8v2md8pvplvnsyvj25th8dd54je90wzt5sk3ame6ks6w3t0dg,90,90,89,1,97874.07230499998,0.0,1433145.1550087559,<3M,1087.4896922777775,0.34444444444444455,98.88888888888889,0.0
pool1n75mtv5qwzquyq2cprnu7yqpnyg4ppagpzvcw6gk2un5vadg48a,237,237,237,0,97859.74450199994,0.0,1080342.041911553,<3M,412.9103143544301,0.9999999999999972,100.0,0.0
pool16wkx7ajj8wlsjtarmy4p3a2qpsq7qah6p8pnevtz5v09kqe4ygy,105,104,104,0,97615.66455500001,0.0,2089261.161192401,<3M,929.6729957619049,1.0000000000000007,100.0,0.0
pool1upa4pa4qmcgaps4uactx9eas44rfwk9h0rxgua3l4xnf6wevfkt,323,323,323,0,97598.12105399999,0.0,850124.6609932635,<3M,302.16136549226,0.08978328173374615,100.0,0.0
pool1hhy7qvgc2lmjlwg8z6yag67yjylrquy9hgxwyhgps5e07m8h0ep,135,135,132,3,97393.65825800001,0.0,1389849.1399563998,<3M,721.4345056148148,1.7222222222222237,97.77777777777777,0.0
pool1vvesqladm29fuzrv93px5qse0upw82a579lz9063xsfrz7yef7z,368,368,367,1,97372.50261899998,0.0,704807.0163649177,<3M,264.59919189945646,0.3043478260869567,99.72826086956522,0.0
pool1txjkxm7qgflxa6eu7gcpdl8quaym9a9r7r6cn4k25y8s2p7z8h0,247,247,246,1,97025.95644299999,0.0,721885.5780996117,<3M,392.8176374210526,1.1983805668016183,99.59514170040485,0.0
pool1aum2mx8ds554pfm45el2wn3lr7lsnphlggxzhk3qlpl56qnffm2,361,361,60,301,96511.94058900002,0.0,501134.89498784806,<3M,267.34609581440446,1.9999999999999816,16.62049861495845,0.0
pool1wnrrg33lw9fxcn0h3x3vexh78up660ajgk7pvrlrz5kkcgh9khs,318,318,310,8,95811.23232699998,0.0,855985.7955882673,<3M,301.2931834182389,1.311320754716978,97.48427672955975,0.0
pool1jdeg5kn8m77t873vufp9hty99fl0f3huvf8uzylk2ydz50l6a22,147,147,145,2,94933.66413900001,0.0,1128178.0377405982,<3M,645.8072390408164,1.2176870748299329,98.63945578231292,0.0
pool1sxj5qufj25ssfk83jjxp4tw2py7vfceta63p2u8ymugtga9us8t,362,362,57,305,94770.62314699999,0.0,516809.2828561948,<3M,261.7973015110497,0.0,15.745856353591158,0.0
pool1vvh72z8dktfy2x965w0yp5psmnyv3845pmm37nerhl6jk6m2njw,48,48,48,0,94088.83924599999,0.0,2762126.8949113335,<3M,1960.184150958333,2.000000000000001,100.0,0.0
pool1pnsk7v8a4eyn9qtqev7k3clazzw2s66cpa850zprqlu5x5eqtuw,399,399,210,189,93857.15645899998,0.0,408929.28573811345,<3M,235.23096856892224,2.6559899749373317,52.63157894736842,0.0
pool1lakxjm7v0q03xddynffn6m2wfm27pms3z9enztwvu7k0297tcr7,248,248,248,0,93643.63734599999,0.0,1027214.6306796856,<3M,377.59531187903224,0.008064516129032258,100.0,0.0
pool1d2smneyj9wkee0vkqm5se44t4x44fugq2agw7k775s6yqqcu7zr,71,71,69,2,93407.803244,0.0,1783670.1946260845,<3M,1315.6028625915492,0.9823943661971837,97.1830985915493,0.0
pool1zt2d9aa8ck62uyy985yny47hr0f6cmf2hnxzke0up0lc7zcp65f,362,362,362,0,93220.10719,0.0,530446.0639627734,<3M,257.5141082596685,0.574585635359116,100.0,0.0
pool12yfqjghmn47qajajqduf2rd83qxtdhva8j0qdctmla4v5w3mhq4,361,361,156,205,92465.02326599997,0.0,409377.5402225856,<3M,256.13579852077555,0.4999999999999954,43.21329639889196,0.0
pool1gvnkmpfu26vncrmhj6hr792kwu32hw553upadcphjwu4qewj7jz,258,258,258,0,92326.68646800001,0.0,968642.025254736,<3M,357.8553739069768,0.1705426356589148,100.0,0.0
pool1vuwavngz2hums4ll34z9afdjkn826wnzgy2kpmnynhd0wr5qxkh,235,231,229,2,92049.446865,0.0,815730.7743633927,<3M,391.699773893617,0.9999999999999974,99.13419913419914,0.0
pool15ty42f8jmnd5y3ys5km3y66cy6emnqfx6yfwsm6ral0zwrs3ktj,239,239,238,1,91358.957685,0.0,879138.0301496693,<3M,382.2550530753138,1.090418410041843,99.581589958159,0.0
pool16wfrrl0vhq5ldqa2u3kz8mm9r7l5pmlqqu0667gfjykfkyv98ge,318,318,316,2,89756.65395800001,0.0,376530.02412589913,<3M,282.25362879874217,1.132075471698103,99.37106918238993,0.0
pool1gq07hfmull6etsr23l36cvwgfkym6jqn4q2dz5vz4y446yat70t,185,0,0,0,89273.97039099998,0.0,2202347.6964926254,<3M,482.5620021135134,100.0,0.0,0.0
pool14ku0z9rx9yx34zl00jtxtpyv6ehytfl8fewztavx7qvju7nrtr8,177,171,171,0,88901.065084,0.0,781694.1909888824,<3M,502.26590442937857,0.8115135593220336,100.0,0.0
pool15tmeayw6e0cjhpqc37e4gmutapeuwzdsqstkcxgk7rxf24gwsew,105,105,104,1,88790.30891899999,0.0,2045708.2103188569,<3M,845.6219897047617,0.5428571428571431,99.04761904761905,0.0
pool1h0tfxrhgvx6g730dunefjqn44qxxka3hfavjakuelsa6y7k0e7v,286,286,285,1,88231.13018399995,0.0,583461.508568766,<3M,308.50045518881103,0.19055944055944063,99.65034965034964,0.0
pool1trjvzzska2mnd8xjxvjz0kfart6cfsj232kk6ghrlnc7u2xyqx0,358,358,358,0,88038.75812999997,0.0,687666.6722546896,<3M,245.9183187988826,2.6047486033519736,100.0,0.0
pool1l0xxnn5vmlyu60pdjcrx2740048r8swj9jv6ks2n8umezp2jh62,24,24,24,0,87736.75244800001,0.0,6306422.89727446,3M-10M,3655.6980186666674,2.500000000000001,100.0,0.0
pool10etudcty0dwyl0t40hdmdpry6484ezyk6w0fd97l04k5gwzeege,79,79,77,2,87689.80592800002,0.0,3257313.6499319365,3M-10M,1109.9975433924053,58.164556962025195,97.46835443037975,0.0
pool13l9hxj5dke9yd8xrxtfdkxgppj4wdyy52k99jded9f4kv5ce7al,177,177,67,110,87401.19650099998,31062.023857000004,1349490.7878748195,<3M,493.79207062711856,0.0,37.85310734463277,35.53958652802266
pool1jrn3nlmzt4r99fh5z450nnwqerwljzn426ffknfs9x8gcqgffst,217,217,217,0,87388.91860899996,0.0,850317.5671491713,<3M,402.7139106405528,1.9000000000000044,100.0,0.0
pool1ph7yvr54xthhk0qun2q3sh36hsmzas5t8jgw3j0xeacrxa70fjk,120,120,120,0,87188.10785499997,0.0,1774477.498516626,<3M,726.5675654583331,0.0,100.0,0.0
pool1ww8szkqd5mxajl5yf7csff30su5k23g9dk24npwkvp8rvdsn3l9,76,76,76,0,87162.932331,0.0,1900525.0257554622,<3M,1146.8806885657896,1.0000000000000004,100.0,0.0
pool1k2cj852umvq5f527x9u7p58mnletdzx29gr4e4npv4nc6m3hch9,136,136,136,0,87059.47824200004,0.0,1976344.701099801,<3M,640.1432223676474,0.0,100.0,0.0
pool1e6rjpsl42hsc52zc9s2awhv2df50yzw43xtc7d0vranpc9ej8uj,277,277,264,13,86956.928318,0.0,674827.656756069,<3M,313.9239289458484,0.505415162454874,95.30685920577618,0.0
pool1gqk5pzqmrc9c6030m5sj2s3560ymm5ymq3hqjmz6vfdmx4mw5gs,361,361,0,361,86700.39652100003,86700.39652100003,507936.91812723316,<3M,240.16730338227157,0.9745152354570552,0.0,100.0
pool1et8qw5ejgl5qqq8v4gdfset78gjcphh88cc2xajykggau8vps0j,319,319,318,1,86615.25999499999,0.0,557384.5516927971,<3M,271.5211912068965,2.500000000000014,99.68652037617555,0.0
pool1fzyyw44hv3me9xya55cnhsfntrx97vz2evz97x4gx88wwx64q6q,107,106,106,0,86600.548588,0.0,1438003.0107017572,<3M,809.3509213831776,0.0,100.0,0.0
pool18kqs8hf26zpcmxz68lqqya79tks4y7gg3ua3msgamq2vuphfc2z,257,257,255,2,86174.55729600003,0.0,1052901.3664503226,<3M,335.30956146303515,7.003891050583658,99.22178988326849,0.0
pool1yp3f9645g70ncfrjfw4gw77gpnf80q7xpzwlce987g48k9lxsh9,108,108,107,1,86076.82566400002,0.0,1151436.2209317777,<3M,797.0076450370372,1.148148148148149,99.07407407407408,0.0
pool13l0j202yexqh6l0awtee9g354244gmfze09utxz0sn7p7r3ev3m,175,175,173,2,86050.66238400002,0.0,918374.6376978921,<3M,491.7180707657144,1.2453028571428568,98.85714285714286,0.0
pool10cz0gm5zu74clhrxp9mm7ulslves04wyfxaqzr4sjr2zv7qjpnv,88,88,88,0,86032.09381699999,0.0,1261090.8527036132,<3M,977.6374297386362,1.3976136363636371,100.0,0.0
pool1xrpnsm80uy43tjsa3zlxvmdezlj34ps8y2gna3q93jp4jvzvph9,49,49,49,0,85192.895064,0.0,3270621.9738541837,3M-10M,1738.630511510204,4.000000000000002,100.0,0.0
pool1456lrrp0a3gsgkmyx0rm8wkdmdku75tfdlu9xvpffvxmqmjkwee,376,376,376,0,84918.204587,0.0,418782.1443808396,<3M,225.84628879521276,4.819148936170245,100.0,0.0
pool1lx7hdfz430vmrwhkrdgxu8c0xclffltavmkejpqzzz4ax0lnfvd,60,60,60,0,84668.07251600003,0.0,4817687.43451555,3M-10M,1411.1345419333338,0.0,100.0,0.0
pool1hrfv7z55k4m2q6ghemu56r3zkw7dt5wd5xay5yw7an7p7aw33ac,345,345,344,1,84540.99660499998,0.0,428956.59492333065,<3M,245.04636697101444,1.5826086956521708,99.71014492753623,0.0
pool1a9cerx2tpjjp0acla2zs8zwggjlp0phqqauxzkkm5vk963608aw,195,195,195,0,84507.271984,0.0,877416.9732144051,<3M,433.3706255589744,20.958974358974373,100.0,0.0
pool1tnmd6aq6rn3ctyqqqw8csvl5vlqncx3fwaqk8rsxsmqn5v9e28n,164,164,163,1,84398.65780399999,0.0,1563297.1490170306,<3M,514.6259622195121,0.018292682926829267,99.39024390243902,0.0
pool1e6chrtr2p5ycvppuye3x82ytp84ycw0pes6zmkw972upz3g8wms,156,156,152,4,84332.712458,0.0,1080337.2146434214,<3M,540.5943106282051,0.0019230769230769232,97.43589743589743,0.0
pool1el6ze57482qzf830l6h2y9uj0l9fr5g7xzur89d4d806y896vgf,404,404,189,215,82805.19344700001,0.0,343883.2974855838,<3M,204.96335011633667,3.583415841584177,46.78217821782179,0.0
pool12crd62rxj8yryvshmgwkxza7um3uhaypwdjeel98lnkf529qdw5,130,130,128,2,82789.34642700001,0.0,875056.8723195615,<3M,636.8411263615385,0.0,98.46153846153847,0.0
pool13zdrhek6m4n947grhrm0772zt09lrm2vzkffsla25e7yq6xqjkg,352,352,352,0,82368.62325599999,0.0,461641.96303325763,<3M,234.00177061363635,0.5880681818181818,100.0,0.0
pool19peeq2czwunkwe3s70yuvwpsrqcyndlqnxvt67usz98px57z7fk,272,272,272,0,81940.31071600004,0.0,789662.3344147021,<3M,301.2511423382354,0.900367647058823,100.0,0.0
pool1ah9fqr5pwdtjtw82nkkcskak4vtc2xjz70mkyselzvalgzd3jlt,366,366,322,44,81894.28520300004,0.0,538831.7185314146,<3M,223.75487760382524,2.8155737704917962,87.97814207650273,0.0
pool1lq3afnaqyrwpk5vfn3qmdfqjzquz90wv8c5l0a32qweqcfpwan9,52,52,51,1,81578.528691,0.0,2211745.5192888076,<3M,1568.8178594423077,1.2692307692307698,98.07692307692307,0.0
pool1nffpy6r7l4ueeedzvvzsta2vty9g6mtet6huuhfzyvndkwd35dl,68,68,68,0,81445.65316599996,0.0,3497740.0205230894,3M-10M,1197.7301936176464,0.5000000000000002,100.0,0.0
pool1wxpzjtfr79pdfs6m6vg6xmcqjh79ff9d6sgzfdpvs2q26swahew,405,405,400,5,80754.23112699999,0.0,407268.5062197757,<3M,199.3931632765432,1.7950617283950483,98.76543209876543,0.0
pool1h290edu6y50y09ulac7t6krculahk9fjwzvx4hqeqc7l2ruttku,160,160,158,2,80495.91136399997,0.0,818504.0010167373,<3M,503.0994460249998,0.05,98.75,0.0
pool19hfx5wua6gmjerzg83es62j85m63u5wqdd9fcfy0dhf6cs8kx02,54,54,54,0,80221.60994000001,0.0,2125418.5048857043,<3M,1485.5853692592593,1.0000000000000004,100.0,0.0
pool13xzckaj3srgldr67dksx874jxe3c9xnc245xyr44p7cdxh07hft,75,75,75,0,80007.25573,0.0,3361476.3645448675,3M-10M,1066.7634097333334,3.780000000000002,100.0,0.0
pool14pm8aq4eu6ms4r5egy6j4g0ny76cpqgy40qgyxa8c4f02kj98wg,374,374,98,276,79683.07571800001,1904.116473,405577.89144036325,<3M,213.0563521871658,2.525401069518714,26.203208556149733,2.3896121677565585
pool1f6lnuxzw90mmd399nxqjvzyyxgmf4h3cp7j6pp5s7xmps86arct,303,303,303,0,79654.96319600001,0.0,680686.9401050266,<3M,262.8876673135314,1.2673267326732585,100.0,0.0
pool1n407tju6ysxeh5phal6pcqkcku3wzacxpreua292ms04xzraq6n,37,36,36,0,79532.612189,0.0,3190797.9136523255,3M-10M,2149.530059162162,2.000000000000001,100.0,0.0
pool1mt3edrc94lwwragf223w8nx5mfs20qpvtzx2asgjz3jm7sd2qax,51,51,51,0,79469.10861200003,0.0,3395795.622016119,3M-10M,1558.2178159215691,0.6078431372549021,100.0,0.0
pool15ku704knemz35g8qavzj0tx4jrl947qs9zc6t0vflhlj6lp2ud5,77,77,75,2,78731.052069,0.0,1691131.3119132197,<3M,1022.4811957012987,0.23376623376623382,97.40259740259741,0.0
pool1sxzhjdhcc8724zfkut4jxs5l8x7udngfqncat4jvl0s5ka9l2xa,26,26,24,2,78687.429466,0.0,4838431.851938692,3M-10M,3026.439594846154,0.15384615384615385,92.3076923076923,0.0
pool1khgrpe9tann7ywfppvd0zn46jyd03yqnaea98hnhqunewechx5u,156,156,152,4,78513.06508199999,0.0,1150378.2455653916,<3M,503.28887873076917,0.0019230769230769232,97.43589743589743,0.0
pool14ajz2t680q2c7tekek3eqazhnapfl3l4w3cep9tnh9ym6jhph8m,151,151,151,0,78492.83632000002,0.0,1589050.5669194637,<3M,519.8201080794703,2.9205298013244985,100.0,0.0
pool1nfsrjxsgwt9k6zsp8eg64wq25z9c2gqmqx6gqnugsrraz4sa3a8,265,265,260,5,78375.48948799998,0.0,463743.4620827595,<3M,295.7565641056603,0.9999999999999953,98.11320754716981,0.0
pool1n5kljtvdhg29vrhr6uefqk76dpepzfwuvsw8zd0z5yqfuqj7x8a,406,406,406,0,78281.55317199999,0.0,383938.74060224864,<3M,192.811707320197,0.9999999999999896,100.0,0.0
pool1n92phm2qkyq458vppqccf9emtx3l2z7wgwfyjt5elu9772gda2j,58,58,54,4,77869.99229699998,0.0,2003931.530267103,<3M,1342.5860740862065,1.379310344827587,93.10344827586206,0.0
pool104hlwrk98e6h07e05ywee3thn379ddmmfveje8d6cuvp54zcah6,182,182,182,0,77805.49514799999,0.0,1711303.3982306821,<3M,427.50272059340654,0.6593406593406592,100.0,0.0
pool1cd7u9yenr0vkzh9kj7nhhy28ye289muhcdgnhyvz7r3z7jwcxl9,405,405,405,0,77457.277955,0.0,317323.77660632576,<3M,191.25253816049383,2.933333333333318,100.0,0.0
pool1m7vr5mjsvs82kh5yp95pr9s5wdldf2v8r6rmpv8z57ypxmrkqsa,126,126,66,60,77441.50456199999,0.0,732885.2822849764,<3M,614.6151155714284,0.4309523809523812,52.38095238095239,0.0
pool1mchqp2fr7mwsz6jrpplxpr0ekmwafev8arl57wwxfck5x0dwv60,239,239,238,1,77414.29822,0.0,589362.3847471974,<3M,323.9091975732217,0.9999999999999971,99.581589958159,0.0
pool1tkexntwvhg0fqs2xnm7xg6ljqzjkpk0pl4nxxe3nf48ux8nucqy,366,366,275,91,77232.09790500003,0.0,408833.17547966057,<3M,211.01666094262305,0.0,75.13661202185791,0.0
pool18t0u9vf408ftjf9xdpj47gdwkeq3jz3jqyshumm7fvtfkcq7ul7,197,197,197,0,77180.16199999998,0.0,1272128.8454701419,<3M,391.7774720812182,0.14720812182741122,100.0,0.0
pool1phc0dedrry2jp2s2tqngcw87vzx3mychvm7qqe3470etzsf3ph7,242,242,242,0,76122.27777600003,0.0,873316.4961420703,<3M,314.55486684297534,1.3595041322314034,100.0,0.0
pool1k53pf4wzn263c08e3wr3gttndfecm9f4uzekgctcx947vt7fh2p,406,406,403,3,76108.28456499994,0.0,335621.8990956236,<3M,187.45882897783235,0.0049261083743842365,99.26108374384236,0.0
pool1g5k0fks847av9zdayg05htnj8wx0ah7jmnwwqlt63rjdzyjr93n,406,406,270,136,75803.03578400002,0.0,296226.8282853631,<3M,186.70698468965523,0.9999999999999896,66.50246305418719,0.0
pool1extjc7jrlwyy3w2emwca7sgwlpreej6stmcpm8t6qev4zq7qwxc,38,38,35,3,75267.03252999998,0.0,5058360.543559998,3M-10M,1980.7113823684206,98.99999999999997,92.10526315789474,0.0
pool15fxktqvd92sq8plh3rjdrksumt9p8rzsayfk4akv2hng5r8ukha,243,243,243,0,75123.53695,0.0,911765.5018450785,<3M,309.15035781893,3.765432098765431,100.0,0.0
pool1vz9txqmdhxwegpy7uzrsap84z309veehqv3uh4s60qwxk0u7h06,361,359,328,31,75066.087228,0.0,310556.84673607285,<3M,207.93929980055404,0.9999999999999908,91.36490250696379,0.0
pool1ywwtv7clgpjs88ysgpcntc6gemlrsy4037eulquswmtlv55cuzx,254,182,182,0,74879.588114,0.0,879574.2253726027,<3M,294.801528007874,0.0,100.0,0.0
pool1c24g8qlmmhxrutsaus20dzy84vnaws2839ssqltcaqnwsa4ssy5,111,107,107,0,74667.30918099999,0.0,932332.8682653247,<3M,672.67846109009,2.4864864864864815,100.0,0.0
pool1gf8a46j6hvhad8e48hez4084x34snpua8k7t3kzy9w42q6w60z8,361,361,344,17,73755.89039300001,0.0,612975.4508904876,<3M,204.30994568698063,0.23545706371191155,95.29085872576178,0.0
pool1zaf942crrc9ycs9twdyezx32tpre8wv968w846hxg9sp7amwp7s,119,119,119,0,73632.852788,0.0,1029199.6572977146,<3M,618.7634688067227,1.8991596638655426,100.0,0.0
pool1qznyv8g4vxv8ys05rs6dgtzutqc2z9gs6vq85vkn8uq8u0c83we,266,266,266,0,73313.56945899996,0.0,517644.7063509736,<3M,275.61492277819536,0.02255639097744361,100.0,0.0
pool107qfdeg9wlpt9yntg7650kzval6ahl696jr2ca20763ukzr0tzw,357,357,357,0,73095.35111099997,0.0,477884.45274548844,<3M,204.74888266386546,0.5294117647058828,100.0,0.0
pool1wpzr2xafvtne6cnvlyzjqf8dlj2dg7tgkv3vu4zt687266ep7wg,350,118,118,0,73006.98152900003,0.0,401167.29736917146,<3M,208.59137579714294,0.17142857142857149,100.0,0.0
pool1zvt3jucmlx2334zv4twpmlfhlxnamwrpp8uzqywd9n94cmvf2xh,210,210,151,59,72846.187765,0.0,523910.22232773807,<3M,346.8866084047619,2.2819047619047534,71.9047619047619,0.0
pool1lf2u2m27y9lsu342xvmyxjfvuyzua487whmddt883kmay4mxjeg,150,150,150,0,72487.70284599999,0.0,1264375.3276417123,<3M,483.25135230666655,3.500000000000008,100.0,0.0
pool1w2alpqttaulpukcrz0j902kk8wmq68q9qm50c6npaypk7yypy5a,342,342,342,0,72479.999348,0.0,499233.6373900729,<3M,211.92982265497076,0.3654970760233915,100.0,0.0
pool1wdzyy2lwc8rd5y9vxwkyxpv62dsa270jepjgy9fa3zpqgeuszun,195,195,195,0,72218.11707400001,0.0,1145703.9979185688,<3M,370.3493183282052,5.000000000000002,100.0,0.0
pool1j7sphrhrqtlj32k3alhnnnp3pfxq0n6mwels9ysnfaw563wpue7,169,169,169,0,72146.24223300001,0.0,714108.4924355099,<3M,426.9008416153847,1.7514792899408296,100.0,0.0
pool13emfyzp87amgcma2sr7v3cdk4l4asy548yuhqv4p5xgw2zjal5j,100,100,100,0,71982.10229600001,0.0,1390531.0454060594,<3M,719.8210229600002,2.5700000000000016,100.0,0.0
pool1chxjq4stjq2q635q8lv3vpszu0jqntxh3ltl97s5de4rz0rkdn3,382,382,29,353,71965.54926200003,0.0,300422.57545805466,<3M,188.39149021465977,0.5628272251308838,7.591623036649215,0.0
pool1j5ukjmhn96jslmcd6k3ymj3vnjf3wpjn9sarhk7m7vtkv7ll2w3,357,357,220,137,71681.48775999999,0.0,322783.5867694937,<3M,200.78848112044815,0.04201680672268907,61.62464985994398,0.0
pool1r9qyjstrc050njg8lm7wxy5874mgu322vyljntdsm5qgxvjcewv,406,406,404,2,71501.29185900002,0.0,316593.83296715026,<3M,176.1115563029557,0.9369211822660006,99.50738916256158,0.0
pool1yff3j4xqhmunrccjsdh0u9qxrws7xdqhagjx5lqktklwj67u5s3,360,360,360,0,71284.04578499997,0.0,391455.5549457477,<3M,198.01123829166656,1.9805555555555379,100.0,0.0
pool1vtdw9ec95lw0nj8uk0sgf6ahy7qk2tfjz2faegea7wyl63ejtqp,139,139,138,1,71062.89265499999,0.0,1503744.3355196405,<3M,511.24383205035963,0.0,99.28057553956835,0.0
pool13n4jzw847sspllczxgnza7vkq80m8px7mpvwnsqthyy2790vmyc,123,123,70,53,71047.043969,4827.376151,889567.6910835207,<3M,577.6182436504065,2.121951219512193,56.91056910569105,6.7946192850843055
pool1grja4t9cne39v5u4g9aw0qujmm5mpnxqpshqy5lnqv0ezdkyglk,144,144,143,1,71040.66896199998,0.0,830934.8276574654,<3M,493.33797890277765,1.638888888888887,99.30555555555556,0.0
pool1ch3k0e07dhqwum847sa02cyecrp000a6egdx89fz5rza230jhlp,199,199,199,0,71007.35774899999,0.0,1114340.5322437687,<3M,356.8208932110552,0.0,100.0,0.0
pool1g8w64u3sx9mrvhwrdfvysw4g4wnffkjfp5zds3ur6svwzdhwhx9,362,362,362,0,70662.20594300001,0.0,526941.1832840414,<3M,195.19946393093926,1.5372928176795517,100.0,0.0
pool1yrycp4fjyd0al60xw826jdju35zazqmfny53r07efucuvlvnej7,358,358,88,270,70622.730965,0.0,297577.8874100983,<3M,197.27019822625698,1.0586592178770848,24.581005586592177,0.0
pool1n2j7zmw69gf3weqp3wae234p3lykjks49c84mleqgmnmg4jht3y,380,380,380,0,70478.45775500004,0.0,286971.1567412414,<3M,185.46962567105274,0.9999999999999903,100.0,0.0
pool1378u3xd5h393n0dwqszfw4dmen5vlmnm2fsdczd3v92n6dlw6qm,59,59,59,0,70476.156161,0.0,1646047.585327881,<3M,1194.5111213728815,1.4101694915254248,100.0,0.0
pool1085up093vl7qgwnqsuset7kdt3yflscdp6h8eeakuhyzwlhmq68,242,242,242,0,70316.10743500001,0.0,629663.9322274093,<3M,290.5624274173554,0.0,100.0,0.0
pool1z2m3n779dyqjat2m8a5vl94nrl43xm2tlk8dtey6txggx0a6fyp,276,276,255,21,69798.25298699997,0.0,604823.2823196591,<3M,252.8922209673912,0.9999999999999947,92.3913043478261,0.0
pool12ndf7w5f4fdn746s5zlay4aexvcsjncnnmjwfp8falascjqav3y,325,325,325,0,69420.86821300001,0.0,487340.9600648772,<3M,213.6026714246154,2.267370769230763,100.0,0.0
pool19huja8uuhc98rxajduh7yexg982rt3qv6slwpf3r7ug5ke37g0g,52,52,52,0,68878.700733,0.0,1864098.6747257686,<3M,1324.5903987115385,0.0,100.0,0.0
pool166fpvc9lelw8pdvc4n3xeqns5ktkkmzu4plaen999fwy2xytgce,329,329,329,0,68866.55904200001,0.0,561418.9347019502,<3M,209.3208481519757,100.0,100.0,0.0
pool1yz3fnqnsqhqpkc2tjqn4dkws8nnr8a5kcs50g780nh0wk8tgnp2,406,404,315,89,68713.68844500004,8324.850497,318028.0526685718,<3M,169.245538041872,0.567044334975367,77.97029702970298,12.115272350229597
pool1p7gc68784lys27hc5yk25zmez208ykpx8y2hrr5qmz9aspdyrky,54,54,49,5,68584.35235400002,0.0,1951580.169560129,<3M,1270.0805991481484,0.5648148148148152,90.74074074074075,0.0
pool14cqn5jmfpw34azued5se235ml0ace3awst94cu682y8d29ndlrr,69,0,0,0,68418.347403,0.0,2229353.0352288256,<3M,991.5702522173914,4.999999999999994,0.0,0.0
pool12ep0z3h2qhfcmsl7h7ldpgf4cfjlur9v9lqwl8xjwd3qked73f5,155,155,151,4,68337.78256600001,0.0,826321.7906940758,<3M,440.8889197806452,0.0012903225806451613,97.41935483870968,0.0
pool10jd7mphm0mmrnfvyytzs3tfrmjmtkvalfx8nql7tae06v0rkjk3,405,405,206,199,68231.32220100002,7112.038785000001,292025.87907855783,<3M,168.47240049629633,0.0,50.864197530864196,10.423422199043602
pool1esgq3g4ll90ylfqg4rvdft06cdppyqc8urancufle6yrgpp5grw,193,193,95,98,68211.425247,0.0,580172.4286216851,<3M,353.4270738186529,0.7398963730569944,49.22279792746114,0.0
pool1gn5txrx7ay0pxs7cj70ewxpqx64sqnptnkc4u3zghxv8y2y9sxr,200,200,199,1,68188.51262999997,0.0,649174.4473179602,<3M,340.94256314999984,0.3750000000000002,99.5,0.0
pool1qgjcr8zldwp926kf6vm0c633wfcamkeepylgpcvw24gdksr0ng2,67,67,66,1,67990.45232100002,0.0,1481819.3455862238,<3M,1014.7828704626869,1.2388059701492542,98.50746268656717,0.0
pool18rpw5dwfywfrzjuy7uzn2cetrw9v85aan8a80p3fdvtqcxykkqu,326,326,326,0,67462.48922799996,0.0,585380.9085876013,<3M,206.94015100613484,2.8999999999999924,100.0,0.0
pool154xmvhp4jnz7phwcla09uvzqnn3ch54lh2yzrt2znxdgc4trp8x,90,90,90,0,67395.56616399997,0.0,2192835.7307883883,<3M,748.8396240444441,1.4725555555555572,100.0,0.0
pool17fge0jukcp0vqwu0chh3jh4g0emt4rat8vxucrx5n8s5qz6fegp,388,388,388,0,67192.511226,0.0,294973.4247207368,<3M,173.1765753247423,1.012886597938134,100.0,0.0
pool14fka0t3prjrldjkavqc6vs0zyngq7jw9edek57js94g9v4r25rg,355,355,156,199,67191.31662799999,0.0,301055.58901142055,<3M,189.27131444507037,0.0,43.94366197183099,0.0
pool1ggx3akymhzl5d7r8jd4cc2nmnvl8t8gkrerd2cwvd0vc29lwje9,38,38,37,1,67146.444146,0.0,2400467.724008947,<3M,1767.0116880526314,1.8421052631578956,97.36842105263158,0.0
pool1s9gnju7cja28xzdxskms2w4dwtk6w2gegm5k4gcx895f7lmzupq,57,57,54,3,67032.025979,0.0,1514270.3665114744,<3M,1176.0004557719299,4.184210526315789,94.73684210526315,0.0
pool1u3p6z3r2g5s7mazc0wmx8v0cyjjasusght53zm4kj436vs3u2th,381,381,88,293,66868.62455299999,34499.77021100001,361393.8105865228,<3M,175.50820092650915,1.3976377952756016,23.097112860892388,51.59336002740049
pool1w6vj437xqhlkasuhc2td09jd6vfem5e03nhhpn7yqxfkzrkamch,361,361,333,28,66819.946102,0.0,329395.0894731665,<3M,185.0968036066482,0.9999999999999908,92.24376731301939,0.0
pool1vev2lqvn00fpq9uqrlqm383dy6hht56c5udmm3qwryrm2a9ft5e,56,56,42,14,66476.718053,1352.526517,1808474.4002535718,<3M,1187.0842509464287,0.0,75.0,2.034586779572465
pool14pxhk34wlpu2azrnwy9ah8hrzxgffhqthcxcp620209eupfjfcn,401,401,349,52,66442.53929699998,0.0,388234.50690889487,<3M,165.69211794763086,0.9750623441396408,87.03241895261846,0.0
pool162g6067hj0z3tyxrn7e0wmcz36yqp6nxu3e4x5ahkwvnygsuwqk,375,375,373,2,66402.156457,0.0,330536.25696150924,<3M,177.0724172186667,0.45600000000000035,99.46666666666667,0.0
pool17ym7vuptkzd6h7yvey7f8hlavsme6h2rhklre6rslaw9gfvekag,226,226,225,1,66366.77994,0.0,478134.0812399229,<3M,293.65831831858407,0.7500000000000012,99.5575221238938,0.0
pool1js3l2kgut64prz0q0a8px7qtyduclfm3h2kuvrl5gfzmy0waxyt,349,349,109,240,66328.499131,0.0,575086.6196659239,<3M,190.0530061060172,0.11461318051575933,31.23209169054441,0.0
pool1jf4f4kr5f8hg0q5jdns7uplkuuvv4qkewnvx6sdsm3c3zeye5r8,72,72,60,12,66197.523743,0.0,1701506.5556762782,<3M,919.4100519861111,1.8194444444444453,83.33333333333334,0.0
pool18qmfd3ljn2dynsw6f8knt04m6cyhe6jmtz54mfw8mun7u9vqqx6,200,188,183,5,65781.39242599999,0.0,685888.3267957498,<3M,328.90696212999995,0.7250000000000005,97.3404255319149,0.0
pool1ej26ntx26lz2k0lagcqc8ww9gyrc04gnvjz6gqdlhy58sg5yfwa,57,57,56,1,65716.57403800002,0.0,1767596.000192632,<3M,1152.92235154386,2.122807017543861,98.24561403508771,0.0
pool1fftlhn68f3lejs2u39pcd5q33zgwnlumrp20dr6cqqkxwyuft2r,406,406,405,1,65637.137703,0.0,240723.70316510875,<3M,161.66782685467982,21.730295566502463,99.75369458128078,0.0
pool16zjsdvuxa39w9k48c9ds7sne4c9lhclmmcly53cdat4nu7l36f6,343,343,342,1,65477.437937,0.0,298513.38038178947,<3M,190.896320516035,3.9999999999999662,99.70845481049562,0.0
pool1070ucp3fzs333ckxg8r4gcxhjymzy9t2q5gwscwzrvc9jr7plq0,45,45,40,5,65310.982828000015,0.0,1662538.4191425333,<3M,1451.355173955556,2.377777777777778,88.88888888888889,0.0
pool1ghsq6nqsdmxxep9jrfml0j6jk935uhq7d9l5a0ltllev7nk2fa0,359,359,208,151,65239.70107400001,0.0,305901.9393327238,<3M,181.72618683565463,0.008356545961002786,57.938718662952645,0.0
pool14f58kf59ec7ymk7mm5w07advfgs6a2guur3g5zyf45uvyvl80t4,357,357,357,0,65133.204196,0.0,402234.09139655123,<3M,182.44595012885154,3.6162464985994083,100.0,0.0
pool15qmhwkmhv9khh2u2xsqek6asypre5rnk4w5qpjsjxtk6zvynj7p,48,48,46,2,64996.12291500001,0.0,2544437.6753109586,<3M,1354.0858940625,0.0,95.83333333333334,0.0
pool1026f3pyjhxjafmtjyyny5ytuh2kraxakfa8eu5h844uv2upzxvq,44,44,43,1,64935.306837,0.0,2156892.8001016364,<3M,1475.8024281136363,31.522727272727273,97.72727272727273,0.0
pool1h8fnr4vlfcv9l4jlv9epalghy3zgjpye4wv85c4rafpvvfztsk7,354,354,354,0,64733.701391,0.0,483581.4813739041,<3M,182.86356325141244,0.05084745762711865,100.0,0.0
pool14h7cjyklnrf2ylu6g2z89n5zckeyprw36lstw7lw5kvqwc4xw2d,405,405,132,273,64649.059591000005,0.0,288540.2478993739,<3M,159.6273076320988,2.085185185185195,32.592592592592595,0.0
pool1hr4t5a052rh773vml9pra5planumw2tjn9cg6nsrzq64jdz907s,381,381,381,0,64526.145549,0.0,291809.4298632346,<3M,169.35996207086615,0.027559055118110246,100.0,0.0
pool1xvaagsvl9prlr20hvg2qv434yss5c88r2ml6n43wcpepxmw85lj,187,187,187,0,64052.217678,0.0,964232.0730394439,<3M,342.52522822459895,0.4278074866310163,100.0,0.0
pool1l8dhyusppgl08l83am4tx78mejas3lyeshlwcfnkknxpzv8pssp,85,85,26,59,63953.08556899999,40533.219387,1214184.9057020824,<3M,752.3892419882352,0.10588235294117646,30.58823529411765,63.37961495738633
pool1syul5lm37z09yk3yv2398dsnz725rr7epsksydxcqk7eglttfx6,145,145,144,1,63664.41323299999,0.0,780357.4603712691,<3M,439.0649188482758,1.0000000000000007,99.3103448275862,0.0
pool1efj8td645z33mr8h0ww5y5s0lz6jwj7e54cj4mv44s2269r7d4f,406,406,9,397,63660.655379,0.0,355289.3108969538,<3M,156.7996437906404,2.0253694581280577,2.2167487684729066,0.0
pool1w2usknxwg383ahjrxgu8nk9ma4epnqqm9y52wdkl38062mea4da,104,104,104,0,63365.02141400002,0.0,1180191.4118198554,<3M,609.2790520576925,0.0,100.0,0.0
pool1xdgzul0qespnz56zzrckwf4hcryyql9ypc4tya2dlu9a22h43ag,372,372,372,0,63240.316744,0.0,380681.74479894346,<3M,170.0008514623656,0.8924731182795705,100.0,0.0
pool1tah22gjtc7ntrdezv49hysegcwpzafea35t6f4hn3wr2y4hz3vz,374,374,374,0,63186.52791100001,0.0,394163.1884667465,<3M,168.9479355909091,0.0,100.0,0.0
pool1num5a9mvz02pncerh6d8xdcvd7474l9p44jkrwk8srzz7563yrj,43,43,43,0,61981.584002999996,0.0,2162686.874370534,<3M,1441.432186116279,1.0000000000000004,100.0,0.0
pool1ndtsklata6rphamr6jw2p3ltnzayq3pezhg0djvn7n5js8rqlzh,406,379,359,20,61961.215744,0.0,185242.3477720934,<3M,152.6138318817734,0.46551724137930994,94.72295514511873,0.0
pool178j8pevk04pay4lgz29c9y52k30xql7uaj5zdsqzpa9jwkuhqn5,296,296,295,1,61401.37835899999,0.0,456324.4453913921,<3M,207.43708905067564,1.2243243243243132,99.66216216216216,0.0
pool14qpadfdjzw6jkwxy67uhey6tjpyppsmwgz5awfsxwrtpsecslpc,305,305,305,0,61366.47677300001,0.0,591276.1959002163,<3M,201.20156319016397,1.4065573770491784,100.0,0.0
pool1525d8qqw9cjykckqk9dgz6xmxdevm68zyspz90ac58p4v2gr6zm,117,117,61,56,60925.45733299999,13622.471575,851056.1882366766,<3M,520.7304045555554,1.0256410256410264,52.13675213675214,22.359243855230694
pool1mc4h5pk0juqfd5lj08d09d9tfeyd86v7se4kq2jyu9j0jy8ey4y,406,406,189,217,60887.969773,0.0,254480.75311823908,<3M,149.97036889901477,1.9999999999999791,46.55172413793103,0.0
pool166vvvlk496szmtn4uz6wgcq6djryjk70grpap02yxyspjzkr490,156,156,152,4,60702.94599700001,0.0,898130.4783101866,<3M,389.121448698718,0.0019230769230769232,97.43589743589743,0.0
pool13daql23lkcwwj0gsz0dnu9tu20pugpswfped3kp05ekxkgmcumt,215,215,215,0,60659.343672999974,0.0,758491.2004552323,<3M,282.1364821999999,0.36279069767441885,100.0,0.0
pool19zhl50qqzpfvvhdytqg6qx0cthummjyunfyvkfqx9uxrsp7k8ek,237,237,231,6,60653.48644900001,0.0,619476.2202678818,<3M,255.9218837510549,0.2953586497890297,97.46835443037975,0.0
pool1vscdcudhndfte7v0f2ywnflw4sqm6wptzh06xd74hq45jmzn02l,69,0,0,0,60527.71619500001,0.0,1798065.3143048119,<3M,877.2132781884059,4.999999999999994,0.0,0.0
pool125mzd9dmxlkvg0g3fuwl96rxd4jmzha77d9evnetldzl66lvpvz,125,125,125,0,60500.324211,0.0,799254.0372362401,<3M,484.002593688,2.0000000000000013,100.0,0.0
pool13pcyas8zxheqhuqdevfpya8g6zct9jmyhk22yjxl5uxzz46jccy,26,26,24,2,60256.388975,0.0,3919039.0935892686,3M-10M,2317.553422115385,1.6923076923076925,92.3076923076923,0.0
pool18hpttrmc7v6nhjcywhdpymwzxv3y9kujzc5ne53jjdlf6hxa7cv,216,216,216,0,60126.203913000005,0.0,795091.2072393885,<3M,278.3620551527778,1.041666666666665,100.0,0.0
pool17zl07hpz2tvjq4m32sa4l6avjdq0azz2f8nf00lj2m5k53mhnas,54,53,53,0,60043.72283300001,0.0,1668749.861309222,<3M,1111.9207932037039,1.0000000000000004,100.0,0.0
pool167rklq6c7hj8nt3g880x94pn2wc8kgqx5s8ml988y0qcccr6qsl,110,99,99,0,59868.82037900001,0.0,966191.3529158548,<3M,544.2620034454546,1.0363636363636368,100.0,0.0
pool1dadfsnjauzhgcvz5hkrulwevpe9mk2a9rsxt24pawcy7zndhll3,294,294,294,0,59790.19215600001,0.0,437829.3195838056,<3M,203.36800053061228,7.2608843537415035,100.0,0.0
pool18vj02k4taarxxsdr36jxftcc5x270vsysp078j0n3v0njh0dt9x,243,243,243,0,59675.937852999974,0.0,688308.0099651151,<3M,245.57999116460894,0.7259259259259226,100.0,0.0
pool1n73klrhjp7ez9fxvzkwpfk96xd6752urpyu9nncqdw93jdu07s0,58,58,58,0,59591.443812000005,0.0,1677169.172227655,<3M,1027.4386864137932,0.0,100.0,0.0
pool1smfwu5w54mnxea6dg7gwmkk6df8jauuf4h2x0cqew3dk2lgln2t,271,271,271,0,59565.41950500003,0.0,593698.1873512398,<3M,219.79859595940968,0.0,100.0,0.0
pool1gerlsm26qanj8wv9xc48rmmx0e7gvu3k5sp9tvy8l67lw3l3w3p,279,279,275,4,59285.239798000024,0.0,682121.3537999749,<3M,212.49189891756282,0.9999999999999944,98.56630824372759,0.0
pool1fg5fs0jks9459pf5qxvdvv3l7rzemj0q8e2lt6unxx5m7fv3tzn,60,60,59,1,59192.35876499999,0.0,1354750.7624432498,<3M,986.5393127499998,1.9,98.33333333333333,0.0
pool19jeddwg8shp4c9edc7crt60gdjh26xc2tvarutmk3cfau7ry6f4,31,31,31,0,59138.95348900001,0.0,3942715.9147989354,3M-10M,1907.7081770645163,3.1935483870967736,100.0,0.0
pool1ac0erf0qsxt9v75gmch3rq9548m889s7tshpwppp5wgqy5j32mh,194,194,192,2,59127.080051000004,0.0,595925.5542822864,<3M,304.7787631494846,0.3814432989690724,98.96907216494846,0.0
pool1epqdygzumryx7w9kk5l76gfjsvzuesmeh3u3tfjmmdsw65ja7k3,248,248,248,0,58608.899246999994,0.0,660978.3163732301,<3M,236.326206641129,0.9999999999999963,100.0,0.0
pool1qrp4nzmalqdgc96avaqjha9zp6mkahtzler6tvuupzlvvw786qn,336,336,336,0,58282.83527399999,0.0,507315.0501088901,<3M,173.46081926785712,3.9999999999999667,100.0,0.0
pool10vx5da4l9p354dxjwwmka9mg0ya5vh4g8xzkxev6hrfd745wlwg,87,87,87,0,58199.60865200002,0.0,953154.5357443449,<3M,668.961018988506,2.0000000000000013,100.0,0.0
pool1e7mwu80pmsjqdf8lu7rsfdj5sldashslll0hpj7rhx3w6xpwkq7,360,360,196,164,58106.058001,37987.02612799999,419228.04380756384,<3M,161.40571666944444,0.201388888888889,54.44444444444444,65.37532820991959
pool10q33p4hx4wqum6thmglw7z5l2vaay4w6m5cdq8fnurw7vjdppcf,362,362,362,0,57871.425270000014,0.0,342768.96422550525,<3M,159.86581566298347,0.574585635359116,100.0,0.0
pool1lugxr82p89qm35spzwccle405t5dfdznhrasyrtr2cyv2vyfud6,180,180,180,0,57830.091481,0.0,802236.1659931996,<3M,321.2782860055556,2.775000000000003,100.0,0.0
pool1wh0hkjdgkr53t83vvakv6mg4cwxpwtw422a6cxaa9gz46q4c00l,78,78,78,0,57691.74403400001,0.0,910241.9649460127,<3M,739.6377440256412,2.999999999999999,100.0,0.0
pool1dlwh6hr0ne4es2xzprdhm3l3lw5xqwnlr8qc33uegya5ulv86wt,54,54,54,0,57632.641481000006,0.0,1284529.6050425367,<3M,1067.2711385370371,2.969999999999999,100.0,0.0
pool1pvsvhzqlrtmseg2mlk600hzs7zqztuqm4ytxyeupa2dyjzs33nr,384,384,84,300,57451.255613,0.0,247623.66235646466,<3M,149.61264482552085,0.9609374999999908,21.875,0.0
pool1stvux7an3kp2p55na0p7eec2e7l66gqcpuc7yu9cx5242g4j2eh,352,352,352,0,57394.21066999999,0.0,295855.050056858,<3M,163.05173485795453,1.600000000000001,100.0,0.0
pool16zx2pradv3pdv6tkp2dnll3d7u8sdwld884f228xl62vy2msdt0,380,380,70,310,57309.675818,0.0,308835.36549383024,<3M,150.8149363631579,1.9197368421052456,18.421052631578945,0.0
pool1ju5tzz5jdszg47fcuhzjq5e3nk6mays73d5csskr4lfucg397c3,102,102,98,4,57231.608522999995,0.0,718005.8190645089,<3M,561.0942012058823,1.0588235294117654,96.07843137254902,0.0
pool1h9jr0f9evk3raxlljq6mt4gj7ej4v82afvnlc2wh28rwy2d8lsy,364,364,355,9,57166.61105100003,0.0,334619.9996246325,<3M,157.0511292609891,0.5443065704972527,97.52747252747253,0.0
pool1fl5gp4zu6ctsgq88ptw8jkgas43vhlhq0cj72pjz9ksdwes50hw,90,90,90,0,57135.74773199999,0.0,1549639.0860073667,<3M,634.8416414666665,1.0000000000000007,100.0,0.0
pool1ljpfctjjpye6m3xqnckdwwvwqwgwkyjut3mulzczg427v8mske7,50,50,50,0,57031.25760999999,0.0,1808007.8321852197,<3M,1140.6251521999998,1.7800000000000011,100.0,0.0
pool1pu49urd00qf9zzeghrks03tvszzvrdzecw649ag5dwd07snx69n,372,372,333,39,56853.97939400001,0.0,289144.18569915503,<3M,152.83327794086023,1.0268817204300975,89.51612903225806,0.0
pool1azwytj96wpa7hqmj5adks6tpw7rhnwdqpf9hkgyy0mwdxxzxz9w,187,187,10,177,56591.40627700001,54703.83492400001,711519.5005918879,<3M,302.627841053476,4.000000000000003,5.347593582887701,96.66456185279999
pool1yydna77k2j8yq4fw08d202z664g3fvavfvqjg5g4lxmwzsa9k9u,406,406,41,365,56222.423868,0.0,213999.296810504,<3M,138.4788765221675,1.9999999999999791,10.098522167487685,0.0
pool18aqsj3wdsmzr2twchgadk4pzlmuk2jrcs6hng58wf8peuswt0kx,40,40,39,1,56040.632246,0.0,1977489.2300609252,<3M,1401.0158061500001,3.100000000000002,97.5,0.0
pool1gq3500u0hf7zjwfxsr45zqx036sw0faphejv6lasr2wewck7k04,173,173,172,1,55874.53645999998,0.0,584429.959444966,<3M,322.97419919075134,0.31213872832369954,99.42196531791907,0.0
pool1lmqvtamlkm4vdcq3yjs2zxhsx2ejy9tafs66zsmpwvk3jq0zhyu,155,155,151,4,55858.489113,0.0,900736.1508475109,<3M,360.37734911612904,0.0012903225806451613,97.41935483870968,0.0
pool1xaxps54m30n35fegcweum3c86pr7xp2mmcvfsd007v9ps9xu8js,406,406,402,4,55803.615390000006,0.0,296766.2749819911,<3M,137.44732854679805,2.5000000000000187,99.01477832512316,0.0
pool1qm56y83vzd89t80lz9t2x98keukxazlme8a7cx2g07jkzu60zps,74,0,0,0,55756.267756,0.0,1868088.6630301347,<3M,753.4630777837838,4.999999999999993,0.0,0.0
pool1ak9ecffxqkzqqlz52djsewkj3strcryaqxugpucx2hpev58kw25,47,47,45,2,55718.494385,0.0,2041366.2205604892,<3M,1185.4998805319149,16.180851063829788,95.74468085106383,0.0
pool1e603j2p4q346w8knqt2a8c96n8t9l5u4qdrv4kk50qvpgvh8hax,366,366,366,0,55449.494341,0.0,344940.70089351217,<3M,151.50135065846993,0.10008196721311481,100.0,0.0
pool1hdglvd3xn5m0glqx3l8cy73ajdlxzn7ztlvzwuythj95kwnmvwe,404,404,43,361,55224.316447,0.0,548669.9472689779,<3M,136.69385259158415,7.7700000000000085,10.643564356435643,0.0
pool16cy45uggzv3ah3s5m960v9vuxlx47sfnezpszuhcwl99z7nq8kq,404,404,78,326,55190.975978,14332.718076,366390.0983379875,<3M,136.61132667821784,0.3415841584158418,19.306930693069308,25.96931440696618
pool1phgu0sftpeantu8smmve8w2pa0n4jhhxekrls8h8mnyuvm8m5t8,90,90,90,0,54632.73504299999,0.0,1579764.5380192774,<3M,607.0303893666666,0.0,100.0,0.0
pool1upx7l0yrsxt4l94t5xfckahj6m7pt5dpmnx6u60sjxmn5p5mezs,342,342,341,1,54039.465555000024,0.0,483456.91947148845,<3M,158.01013320175446,0.0,99.70760233918129,0.0
pool1lrx4rw8wd9sra8n90qgcvayfqerv9nr96kvzfl8rc22r7k74436,72,72,72,0,53926.181504,0.0,1248072.329658973,<3M,748.9747431111111,2.947499999999998,100.0,0.0
pool10zfvfwgsmqu8l53y2p48hjrw5etpxzd5c0jrz727g784y89xkpr,109,109,109,0,53684.704229999996,0.0,857825.2956172377,<3M,492.52022229357794,2.999999999999994,100.0,0.0
pool177q3zxxyqzp5kffeh5jxssnxk7rwnpkf04628kcsf0cyj6jaklw,365,365,355,10,53547.10415499998,0.0,356516.9425431916,<3M,146.70439494520542,0.0,97.26027397260275,0.0
pool1a6ft5ktrkv8klnadtuec6ku2khst5q5vtt67mpma02vfx3nwm7g,152,152,148,4,53504.77271899999,0.0,595359.4629087043,<3M,352.00508367763155,0.03289473684210526,97.36842105263158,0.0
pool1vhzjtcrcyzy5ld05mj8edy5at37x4g7du8uvvss037h26h8s8z5,346,346,346,0,53450.15999499998,0.0,382618.3926127602,<3M,154.4802311994219,5.000000000000032,100.0,0.0
pool19v4jgpxxl72eaq8pefctatvts3gkhtyzd8nwvzskkm3mkdv2tpy,293,293,275,18,53333.76715900002,0.0,482283.64668074046,<3M,182.0265090750854,0.8122866894197939,93.85665529010238,0.0
pool1j2wjlmw53xl40sqhxw9yk0y96nhyg8sjswwk5utntukwws0zda2,69,0,0,0,53068.732249,0.0,1622412.0952264497,<3M,769.1120615797101,4.999999999999994,0.0,0.0
pool1aasrxs9vpr97rjlqqwpp5gnju9tp9dgtsmqqvmsy8hryuuepvra,387,387,80,307,53010.948899999996,0.0,179666.70375759972,<3M,136.979196124031,0.18863049095607248,20.671834625322997,0.0
pool104ylwjrxvrp87r7769d6g6agu0ydxsn6hgmqjdsrf47e6j2ek46,313,313,313,0,52961.604821999994,0.0,370366.7052866257,<3M,169.2064051821086,0.0,100.0,0.0
pool1z724xxqgzf9a30eejsa4edznmv8hgy27ssxqfcpqz42sc6lfqwu,348,348,348,0,52914.65335099999,0.0,420262.30433988495,<3M,152.05360158333332,1.9999999999999827,100.0,0.0
pool1zn4wnk52kmfjy9mw4z85p6wn9kzrn94l9h5gys8r2k2w57mdnhh,333,333,333,0,52733.73344099998,0.0,431184.61051064567,<3M,158.35955988288282,0.4894894894894897,100.0,0.0
pool1tre4d457z9wpw2sckg98yrc3ppu3ydd07a6h53yvqd77z4h3yh5,52,52,51,1,51756.86978600002,0.0,1487086.1017336536,<3M,995.3244189615388,2.634615384615386,98.07692307692307,0.0
pool1p8yn95k4wgznc38ezckler84ufc6kxemmsvptv74r3g4zkxj24q,252,252,252,0,51709.61123400005,0.0,560816.6855701745,<3M,205.19686997619067,0.3650793650793653,100.0,0.0
pool1d0zaz9zx4jejt8enmvzp7u0mesdj9gkqaexcuxpercm6697ej9t,107,107,107,0,51670.47324900003,0.0,935963.9930022893,<3M,482.901619149533,2.199999999999998,100.0,0.0
pool1xcslzgl6t2pcdr0u8ef2zkjhdyxy8xmgvzp0mcdgrw4k5gtg94s,193,193,192,1,51534.80380600003,0.0,733704.4067979117,<3M,267.0197088393784,0.04145077720207254,99.48186528497409,0.0
pool1wnpac2c9am0h3yx2luh9tlsdhcpz2tmfyqjm8g8f67afk7fa6mh,111,111,111,0,51170.798485999985,0.0,1582205.9982681624,<3M,460.9981845585584,4.999999999999989,100.0,0.0
pool1lyvg6ukqpumsr6wz0jvh7xutcgdtcyyde4wkvptzyl8rql4n3c6,291,291,291,0,50797.003632999986,0.0,503102.0674682994,<3M,174.5601499415807,0.0,100.0,0.0
pool12rkpcc250wh03m74lvaqhnj8t89umae2v22gqg5rf470yhg6l4v,91,91,75,16,50765.054013999994,0.0,912903.3670465612,<3M,557.8577364175824,0.7252747252747257,82.41758241758241,0.0
pool1u8f87frd3k6cy9lp4uk5faj53wfzh8smxjdpt8ua45f0x8s5v58,29,29,29,0,50436.331661000004,0.0,4862126.670192759,3M-10M,1739.1838503793106,10.000000000000005,100.0,0.0
pool17mr554wv653z4ttr3rydt5dsxg6r28ysu5mlz9cc5ax32gsleh9,361,361,361,0,50265.41778000001,0.0,343868.49627840746,<3M,139.239384432133,0.6758725761772819,100.0,0.0
pool1n7eagzjgs3suervkql229a8080j5k68x25jkl8zfxxtuu6802lc,184,184,184,0,50206.821756000005,0.0,647081.1285755327,<3M,272.86316171739134,0.9619565217391312,100.0,0.0
pool1l5t2lytxxx7jn0ujd5ssmfzaf24g2gjzjeddqmqjgun0z7r3gwv,80,80,80,0,50143.56936099999,0.0,999960.0325863499,<3M,626.7946170124999,2.2250000000000014,100.0,0.0
pool1nz32f8nhawty9x29q6azxpqlxh406595lmldn3lgsq3ewae0tlx,70,0,0,0,49929.036255,0.0,1486671.7012603856,<3M,713.2719465,4.999999999999993,0.0,0.0
pool10ez60e4t8t70nyfqa9awm7zwwphy8kpfmhrppttx02z6xeyzgyk,62,62,59,3,49923.380167999996,0.0,1567535.3567401448,<3M,805.2158091612903,0.0,95.16129032258065,0.0
pool1udr30lxsqa799lyl9haxf0wzg8qsz3xaf2gtpqf4n2s064jrvsj,347,347,251,96,49850.397188,0.0,411276.4212331989,<3M,143.66108699711816,2.0518731988472436,72.3342939481268,0.0
pool14uhzw8vmdcdq6ednqv09n55wanntuuxjwdldmc8cl2zp6a6z2h0,69,0,0,0,49742.641137000006,0.0,1670776.0447804634,<3M,720.9078425652175,4.999999999999994,0.0,0.0
pool13qqaukspw73rcpxj0qmvlahm4ch5dc0rr2qfx02hxgzncvqe0nc,54,54,23,31,49653.70148999999,14248.608093000003,1200977.1139187224,<3M,919.5129905555555,0.34259259259259267,42.592592592592595,28.69596357457782
pool1dkt4rqtjs6j6d8snna60s2g002ddcj5h62nee59mvsznk20q300,345,345,345,0,49079.99443199998,0.0,366593.65290618833,<3M,142.2608534260869,0.9999999999999913,100.0,0.0
pool1e747jxlcg4gz70v363wsspulswsjnu8uskquxnh2ngs9ww2q6tw,26,26,25,1,49013.86151699999,0.0,3035742.6004828853,3M-10M,1885.148519884615,1.0000000000000002,96.15384615384616,0.0
pool1wyrr7n6sgwqva8qyva82uw0mawvedx5jurqkzc5pa74vqx56z3g,70,0,0,0,49010.329128,0.0,1675048.4793369572,<3M,700.1475589714286,4.999999999999993,0.0,0.0
pool1r6dzsz6ju52hgelstefrrel4y8fsyt8ck9qgfvvmamgns4vh7w4,342,342,342,0,48560.77495100001,0.0,351818.0688294077,<3M,141.99057003216376,5.000000000000031,100.0,0.0
pool1dsqcnwp40t0wc8cd2efp8mfsa9055g09wl5mnzs7kxmfze6mfgf,69,69,43,26,48458.54552400001,9664.81741,1213585.9331435217,<3M,702.2977612173914,2.000000000000001,62.31884057971014,19.944505773936854
pool1hup05mr0g5uq3ng2xd4qpp83dhfyssxruunapthyumv5x63krug,43,43,42,1,48065.834791999994,0.0,1466868.2236550697,<3M,1117.8101114418603,3.000000000000002,97.67441860465115,0.0
pool10n23qyec2zcetv0e3x7fdjydscsrlet5sph2hgtfc7x5ze56jqn,254,254,253,1,47908.242116999994,0.0,478096.25096200395,<3M,188.61512644488187,1.4645669291338441,99.60629921259843,0.0
pool1stgy93q7wjsuajc8hnffj5wddkp8w8x5nnf70jfmj5r3zj6hr6j,69,0,0,0,47690.496725000005,0.0,1512176.787809232,<3M,691.1666192028986,4.999999999999994,0.0,0.0
pool1sksmrlwwswgg60ak8w67hf5w60h0qztgpv5zg68z06wgzhrhsc9,156,156,152,4,47677.39431100001,0.0,798632.1520491544,<3M,305.62432250641035,0.0019230769230769232,97.43589743589743,0.0
pool1y44fkeps7ftnnf495a7grfrwtt7hxcntaenyzu4x4vah5cud0mt,369,369,180,189,47509.79096799999,0.0,234800.91901903666,<3M,128.75282105149049,2.7886178861788258,48.78048780487805,0.0
pool16vkczv2z6tmynp7up0hj8pjd3ajzh6h28p5cl4uul4hkskksjke,163,163,163,0,47455.567618,0.0,470652.0230369694,<3M,291.13845164417177,1.0000000000000007,100.0,0.0
pool1jqssxka8hu94aj6f4w3s8l5m6juqmx0hk3ges48jfac6zngmkh8,282,282,282,0,47179.401469000026,0.0,528766.3297781311,<3M,167.30284208865257,2.273049645390074,100.0,0.0
pool1x50w9ygnw2esg4emykw6jlwzv0czfat58nyt88pz3alhu2mq4zl,80,80,80,0,47122.09360499999,0.0,1323114.1556100002,<3M,589.0261700624999,6.749999999999985,100.0,0.0
pool16l00309tdqza9606rltqtrqejx7tcr2swa86jrmz459txfnkgq7,180,180,180,0,46864.60174,0.0,673432.0359318992,<3M,260.3588985555555,0.022222222222222223,100.0,0.0
pool12vyqstpuv48tgs2ygf57npl6phzscrfll46lyq6tw4l4xknp54k,266,266,266,0,46858.178253000005,0.0,352291.34874618804,<3M,176.1585648609023,0.5868421052631545,100.0,0.0
pool1tnymyv08dl3k9wyfz040vq626542ztm60wwyu7szwl5l6x9h3vl,137,137,137,0,46800.682061999985,0.0,939333.6566540366,<3M,341.6108179708028,1.0000000000000007,100.0,0.0
pool14nlun87fylxm7d7c28ydalp335scey8c588vzf2ums7wj8xt80x,60,60,59,1,46771.519227000004,0.0,1249462.507197717,<3M,779.5253204500001,3.1833333333333353,98.33333333333333,0.0
pool1emzm3hmzww5ff7qq20y8xpwtfdkxn00dkhnp0uzrsp9m778ectu,107,107,106,1,46712.78165,0.0,670160.3531138251,<3M,436.5680528037383,2.0000000000000013,99.06542056074767,0.0
pool1n52mcyvll6hw864xtqdqqyjwj6953aquqj0u4j23780tc0zc426,254,254,253,1,46513.543034999995,0.0,280683.1059643085,<3M,183.12418517716534,2.500000000000009,99.60629921259843,0.0
pool1j3kzujz0m07detlksr26sx7smft8xn280695zgu60zjhge9566f,112,112,112,0,46374.99698,0.0,1293184.7945432954,<3M,414.06247303571433,35.63392857142857,100.0,0.0
pool1j55hm5wkgcegrpn25nnfl0rgjdje26fhw9uxmgxf8dez2uups3y,121,121,99,22,46351.21529799998,0.0,1119401.7192404608,<3M,383.06789502479324,4.000000000000003,81.81818181818183,0.0
pool1hvevy8qu5lwg7ul66xmzvwv8zwdgdradsg9ncvrflm7dvy407e0,360,359,357,2,46319.137021,0.0,321507.43773394986,<3M,128.66426950277778,0.03888888888888889,99.44289693593315,0.0
pool1yrqqa03ea5fdh5hnap99k4actjtj6ypeeauuwrvf8d3zw9ywvye,354,354,354,0,46246.008722000006,0.0,293634.1643437094,<3M,130.63844271751415,0.01694915254237288,100.0,0.0
pool13xga85s5y0zl3ug9q4np3ysqclakrma2jw99c3myd7kmwwxhmhe,69,0,0,0,45962.453056,0.0,1560114.4372175215,<3M,666.122508057971,4.999999999999994,0.0,0.0
pool1mvtxupzcgdtslv2sw0l3f4zlhd3a69fue6gu0vhqz47w7j5zryx,32,32,32,0,45396.09408899999,0.0,4380689.440813906,3M-10M,1418.6279402812497,10.000000000000005,100.0,0.0
pool1r5dqwfl3etjylqqsj8lzhqx4tz0nllkjf3sz4r0heke2xs5kwap,233,233,232,1,45316.091073,0.0,504438.3110990993,<3M,194.48966125751073,0.19313304721030053,99.57081545064378,0.0
pool1ddskftmsscw92d7vnj89pldwx5feegkgcmamgt5t0e4lkd7mdp8,406,406,5,401,45306.857069,14274.440185,180257.4743294852,<3M,111.59324401231527,5.00246305418723,1.2315270935960592,31.506136396220917
pool16hjf8wp5ac3nzpx0l8g5rlaw9kxhdftrlq570zv82sqyvmffx9s,65,65,64,1,45303.248832000005,0.0,1455155.865917523,<3M,696.9730589538462,0.12307692307692308,98.46153846153847,0.0
pool1wxusu5xzdz8hmjsr450ur3hrdrehv3fxmhxppgra2fprqnjftwd,68,68,67,1,45235.77508900001,0.0,1479752.5892244994,<3M,665.2319866029413,1.2500000000000007,98.52941176470588,0.0
pool1ptzt9j6y4jefzkq4vj3z7wa4h492ktlkecggseqvc8f060xuved,309,309,309,0,44621.49411700001,0.0,430795.20685003855,<3M,144.40612982847898,0.0,100.0,0.0
pool1ysm66fawxhayjqfhgr54fzspp3yktdmepxvqm86xshhksj0qezh,162,162,162,0,44593.18007200001,0.0,394423.4917904692,<3M,275.266543654321,1.2000000000000008,100.0,0.0
pool1fd8qnudvhz2hanlccdsfrwdxmmwwfryalrmy6a6y62cgqfx3ujz,406,406,403,3,44450.75658800001,0.0,281863.98920900555,<3M,109.48462213793105,2.40541871921184,99.26108374384236,0.0
pool1xqhn3wdee79vupy9nzpt0r5gtnkp3m5gsvh8yeezfs4js9c2050,291,291,255,36,43812.69395000002,0.0,240415.73576295894,<3M,150.5590857388317,1.9931271477663108,87.62886597938144,0.0
pool13qe6ycacqjg3gpvjewg8734d6hs6rhduuenjtnnkwh327hmtyz5,314,314,314,0,43677.621043000014,0.0,378591.2450188631,<3M,139.10070395859876,0.14649681528662425,100.0,0.0
pool16w2mssm03rrk5jzkcvxyma77zcxx4vsjhwz77hka33gnsk9j47n,357,357,218,139,43676.651282,0.0,239873.59567828983,<3M,122.3435610140056,1.1344537815125928,61.06442577030813,0.0
pool1elvz3kppg3peep0dcclju3gwf9m37vzyxetuf03we37sqlnsjxr,162,162,162,0,43662.97832699999,0.0,651732.0052279999,<3M,269.52455757407404,0.7222222222222228,100.0,0.0
pool1wn5cmtuzkgqfnh6htjplu7uleq5qxk4thc6wtm2fjrgmspqutaj,263,263,225,38,43625.80958700001,0.0,417269.96395309124,<3M,165.87760299239548,0.0,85.55133079847909,0.0
pool1pn36hexudnjg6uwvxc5tld3ay2g6ty99ardzhn7crhkhzshjpte,360,360,360,0,43526.43631000001,0.0,338454.3064767918,<3M,120.90676752777782,1.33333333333332,100.0,0.0
pool1h2vtxz36m93e2dw9mn4luh64372t794qsjcpgt3fqpnycc8qh3z,364,364,364,0,43476.99919899998,0.0,598995.5359542586,<3M,119.44230549175819,0.11538461538461542,100.0,0.0
pool1vm3rcng5f729uuhehfq0ael0pw9x9dlukqkdlmk2fnakxt3jxyj,163,163,163,0,43400.009302999984,0.0,513574.69768985943,<3M,266.25772578527597,0.015337423312883437,100.0,0.0
pool1k2yfr7tapqzfgdn7vq2u44225rtqxctelr6dp0xjqggrwnx9hnw,319,319,319,0,43390.14848299998,0.0,307794.42414483085,<3M,136.01927424137926,0.018808777429467086,100.0,0.0
pool157dwm0l9jf2h59me75slfww8dylcnumdgjvhpsyhfmlry4cn44a,176,176,176,0,43341.788255,0.0,701436.0350426593,<3M,246.26016053977273,3.017329545454545,100.0,0.0
pool16d004c5q7k7wyf223kgct26zjcpjqql04rvnx8vtc0t5ckmnzaa,406,406,58,348,43166.022089000006,0.0,161083.44865586556,<3M,106.32025145073894,0.3203940886699509,14.285714285714285,0.0
pool1grhujlggx90ln0jcnrey4adckysxdx6rqfmx9s6fnhtc2g0qym0,306,17,17,0,43117.086114,0.0,1648551.1835960525,<3M,140.90551017647059,99.00000000000043,100.0,0.0
pool1l2jv8nn6777cwjyt96lxamt5a0h8s807mve9u6hasdypqv5cszk,69,0,0,0,43028.866417000005,0.0,1271293.4478998405,<3M,623.6067596666668,4.999999999999994,0.0,0.0
pool1slmxqrcuddvefaymn2mm9qy3633ds7kw5wcw0kcg59kwyx5c6hn,69,0,0,0,42880.550876999994,0.0,1320067.4432495942,<3M,621.4572590869565,4.999999999999994,0.0,0.0
pool1n5ytegzw3enscfw4t8wsjytrz228agvm9c3xaarce7pgjzftdtx,402,388,388,0,42782.040450999986,0.0,201457.95003633294,<3M,106.42298619651739,1.1517412935323237,100.0,0.0
pool1w4k38v33hm00f488leycy7x4r77c6zgax2w30whtrkf4uh9agpy,294,294,293,1,42582.58610400001,0.0,238420.10369999296,<3M,144.838728244898,0.17006802721088443,99.65986394557824,0.0
pool1wun8t7nt4daw2zgv0vj7cmwru97vsw0fccucjzuvs7y0qlc8xyv,36,36,36,0,42430.216556,0.0,3623384.12168925,3M-10M,1178.6171265555556,5.000000000000003,100.0,0.0
pool1wewygdzelh9m4m0kj8u70pmr957lxkzl8km4mttsrdd7wht00vu,298,298,295,3,42397.13947000001,0.0,392087.46225142886,<3M,142.27228010067117,2.406040268456354,98.99328859060402,0.0
pool16wt6mzvytu9key68efv7cx6zfkqn0d9kzlnt746cyuv0zj3nxh8,367,367,363,4,42190.406491999995,0.0,290890.88893471664,<3M,114.96023567302451,0.7493188010899142,98.9100817438692,0.0
pool12gfz8p7raqz7tktmmgf6sk3cfwnrzy9m7cz9maum98ujyelhrf8,27,27,27,0,42106.102064,0.0,1964262.7593389263,<3M,1559.4852616296296,2.0000000000000004,100.0,0.0
pool12vksla7wxusvhx0th4eh0aa0qgsm9sgs9u33t6s0qc35y0u6kyu,106,104,104,0,41988.93894899999,0.0,781467.3977487744,<3M,396.1220655566037,2.0000000000000013,100.0,0.0
pool130f7tnlumxe5yuzsqqphy00cal8yugh5x66zgnz48zqyypns0k3,38,38,32,6,41747.99591199999,0.0,1482699.0235179474,<3M,1098.6314713684208,2.000000000000001,84.21052631578947,0.0
pool1qyrgege80dny5u2phafvn4u2w4safn6vsffjhx4qm93ay0dkknl,85,85,83,2,41683.568934999996,0.0,617200.4310637646,<3M,490.39492864705875,2.999999999999998,97.6470588235294,0.0
pool1xk0nt3wmlyfp0pycsd2hwyz5l6uusttp68etzgnvaf2ysc4f3hx,325,325,304,21,41584.15334399999,2132.743173,336651.3185598268,<3M,127.9512410584615,0.0,93.53846153846153,5.128740160601886
pool18me06fpnm53xylyg59n8yvhy3xtvjetra3tan5trrvr6yuvm8pd,293,293,293,0,41325.207281999996,0.0,317980.47719394526,<3M,141.0416630784983,0.15358361774744025,100.0,0.0
pool1m3wam7j8xjahp5mq03rfkcfcy45kevzfyekmdy74x8ghgpm5cdz,405,405,0,405,41289.920145,41289.920145,374197.2293553743,<3M,101.9504201111111,2.9456790123456638,0.0,100.0
pool12fr472y9lwzjy055gpuvpxdy5slpe0ej20pykdeatl59zg9ren2,399,399,399,0,41222.00787000002,0.0,259276.63110756408,<3M,103.31330293233088,0.03007518796992481,100.0,0.0
pool1z39jrvangdxs22el83snvqgclcyjpj6jcxcjk5x73lzn27059m6,78,78,77,1,41181.113177,0.0,1218060.9807476546,<3M,527.962989448718,0.0,98.71794871794873,0.0
pool1xkjh30ek3npwshwzm0fa0pv64wa89p9urrugjvv55wdvjct5vk9,63,63,63,0,41155.987358,0.0,983756.8537291427,<3M,653.2696406031746,1.0000000000000004,100.0,0.0
pool1vyy2d9r86mf4hmqx88uxcpfww89p2ee45s7pcaf9vxses0fn3ch,166,166,166,0,41028.953244,0.0,675637.695769295,<3M,247.162368939759,0.8000000000000005,100.0,0.0
pool1h44uqhtu5gxh4kkfw3kddjmg4nug4fwnchalj8j04k7vj5kjrnt,11,11,11,0,40979.82824,0.0,5508076.942460092,3M-10M,3725.438930909091,0.0,100.0,0.0
pool1w2duw0lk7lxjpfqjguxvtp0znhaqf8l2yvzcfd72l8fuk0h77gy,406,406,405,1,40921.481195999986,0.0,215728.1546185571,<3M,100.7918256059113,0.9999999999999896,99.75369458128078,0.0
pool1y5vdjz0g88h8m4m4eye3w2jch0pn88k0p44005g5dd05wr2f8vn,76,76,28,48,40826.850551,2109.167054,834698.9288564079,<3M,537.1954019868422,2.736842105263158,36.84210526315789,5.166127255800138
pool1e8hyjnlqpm5r7we5r9yk6n0kuh0l7f9w2dpylph6u4jtsstntgx,27,27,23,4,40687.394413999995,0.0,2376486.8095995556,<3M,1506.9405338518516,1.5555555555555556,85.18518518518519,0.0
pool1qsxhnvr03tg6jj7cl0y74jd63n85fgejm8tlqq7ct7fexfygkye,358,358,358,0,40672.79970499999,0.0,283065.78017580946,<3M,113.61117236033517,1.4977653631284866,100.0,0.0
pool1a2jn7cgnqzxexx7p5pdrtc3tfgjm0x4csf9ax4sa69g9kkxxke6,69,0,0,0,40609.429377,0.0,1304027.4777659564,<3M,588.5424547391304,4.999999999999994,0.0,0.0
pool1vy9qerf9fenp893mqrdm58uj45w3etutv4n0vdh8669uvqenkqr,138,138,138,0,40595.40047200001,0.0,976078.2912852459,<3M,294.1695686376812,10.760869565217352,100.0,0.0
pool1w3xys99a8xmwcwse4tqpqmyqqzykryfc4w7cvvjusej0vnxdlrf,63,63,63,0,40593.813279999995,0.0,2292925.905360969,<3M,644.3462425396824,99.98999999999984,100.0,0.0
pool1rtnv5vj0glxu9w2mkl9ptev72enx75gjzdkc8urfhavr5reah0c,284,284,283,1,40444.588540000004,0.0,424742.86909790465,<3M,142.41052302816902,0.030809859154929578,99.64788732394366,0.0
pool1yenqraf3znn07qmvtd8wg23fymsr0vsme7ry2475r48vk6ss0z2,363,363,363,0,40333.792987,0.0,210341.33883289222,<3M,111.11237737465565,0.0,100.0,0.0
pool1rvu72lt2j0z0qjfzlqhccvvvu9v7hju6hndtkagfzvvvjgy6zds,254,254,253,1,40296.39177099999,0.0,266615.14289651025,<3M,158.64721169685035,2.500000000000009,99.60629921259843,0.0
pool1mvtjl73f2d57mvzgkzjmsqh36lk427dhreurx334klqww6sx7xm,254,254,253,1,40168.04649,0.0,273204.0011522647,<3M,158.14191531496064,2.500000000000009,99.60629921259843,0.0
pool13s6u5zjngelr5uddhqygqqf5tcup0g3ajenma6amy9zuu7e97gm,349,349,347,2,40097.285542,0.0,289698.2305609506,<3M,114.89193565042979,0.9999999999999913,99.42693409742121,0.0
pool1p0wrhcvusryxv3nw2a77arezpf5qdadpt6fxprsf3ph9s3k7qq6,41,41,41,0,40018.73171500001,0.0,2789096.0746588535,<3M,976.0666271951221,98.99999999999999,100.0,0.0
pool1h0jfkyfqt729vxhq8ndxffcqn2afjhzzlwqecrvsufgu5sag0sj,406,406,406,0,39567.19452299999,0.0,159132.45700218013,<3M,97.45614414532018,0.9999999999999896,100.0,0.0
pool14cteh4nuwyvqadavujaf8qy05g208y66ddmct4vwlzurj0zluet,337,337,59,278,39159.409661000005,7735.1724269999995,228044.34749972099,<3M,116.2000286676558,2.839762611275961,17.50741839762611,19.75303635566213
pool1fxna0neg0x0zp7c9qkfzh7ygy8vpqj2rmxk4kxpux6smwufveuc,203,203,110,93,39052.87936199999,12256.555336,526157.9439326059,<3M,192.37871606896547,1.0000000000000004,54.187192118226605,31.38451129912361
pool16p8y0pzx8yx7vz6eqksw9xjhh3tzeymvxcstrgtk8ncw75356yw,331,331,331,0,39019.886295,0.0,395310.3073265107,<3M,117.88485285498489,0.0,100.0,0.0
pool1zzhmjc2emc85m67gtp4qvdzcfqhak0n9m08vqmuq3l42qalr3qw,66,66,66,0,38806.058764999994,0.0,1136636.094697865,<3M,587.9705873484847,3.000000000000002,100.0,0.0
pool126f65lklaqw39jgx9wl8klqtx99evewxk0x5yc2jzzp5wfs8fde,339,339,338,1,38676.882637,0.0,319633.64944295865,<3M,114.0910992241888,0.0,99.70501474926253,0.0
pool1x3xwc9azttgda9e9pvd0fn4xlt2eqlsvuctv37gggz4q6e6fjkk,41,41,40,1,38487.133398,0.0,3113426.210169951,3M-10M,938.7105706829268,4.200000000000002,97.5609756097561,0.0
pool1c4y0lwrzus07c34py4x03juzqwa38zmvd0tc7ld5hp77qwpp5qe,39,39,18,21,38331.003809999995,0.0,1710173.2030479745,<3M,982.8462515384614,0.0,46.15384615384615,0.0
pool186uw5gwdedads7mkr064k05qjqlxr2whqypjdzrgz02vscmz3yy,69,0,0,0,38218.748554,0.0,1409213.6063183912,<3M,553.8949065797101,4.999999999999994,0.0,0.0
pool19hycpwuvqd6w5zhrx89axun76phd7tjmq5trmxjzu5x82qa0lwk,69,0,0,0,37891.617519000014,0.0,1414386.914971478,<3M,549.1538770869568,4.999999999999994,0.0,0.0
pool189lfh7azuvxu0hyskwahnp35rtez0mzhsmule3742p3jkza00cq,63,63,63,0,37714.717056,0.0,1998645.1470794447,<3M,598.6463024761905,0.0,100.0,0.0
pool1a2ffl2d20yransp2p4hqys5vy6hys8kmtchdvlfqale7ywxssjh,180,180,180,0,37697.591116999996,0.0,628621.313458089,<3M,209.4310617611111,0.0,100.0,0.0
pool188rwerlxm4se6qzlz7g9mh3zrccuh492ma0wemuuvyf3zgstqy4,181,181,177,4,37691.98228699999,0.0,418226.4109734253,<3M,208.24299606077344,0.016574585635359115,97.79005524861878,0.0
pool1sru6yhj5q0zvfyyuappgrvssxzjumjsd3ekyeslhvwmv6hmmxzn,231,231,229,2,37399.593234999986,0.0,405834.45788683096,<3M,161.90300101731594,0.0,99.13419913419914,0.0
pool1kxtzkv3ylyc48hgjqkwe93q2vkx67vgzag9tvqfalhwsjs43w9u,365,365,365,0,37381.47444099999,0.0,223529.39905583556,<3M,102.41499846849312,1.0383561643835602,100.0,0.0
pool1esalxy6na9c4gz3gfwma5vx04tztp4qn3cpmhhu9qylv56pdsa3,55,55,34,21,37240.43815,0.0,1353761.0231034907,<3M,677.0988754545455,0.854545454545455,61.81818181818181,0.0
pool14dswwngc8j92uek927jced2lfc7c4pa4ss9gry9nu9rhkc7a055,361,361,361,0,37240.112306,0.0,392142.9923668748,<3M,103.15820583379502,0.7617728531855952,100.0,0.0
pool1vcuefhjjncmsz6ww4p76f3d4hxtl3cd60tr332fwvz5essrk4n4,45,45,45,0,36698.156866000005,0.0,1644208.6905223334,<3M,815.5145970222223,2.000000000000001,100.0,0.0
pool1ytyw34lckr8k9dhn59h287wqry5lk6waqtfhxe6v94v4gsaa7vx,345,345,345,0,36466.585779000015,0.0,290662.1177683825,<3M,105.70024863478265,0.9999999999999913,100.0,0.0
pool1ylelqsshtl8c4pd6hn372am795xzmngey74mhv4hfymcwpwt7fy,102,102,101,1,36257.51092999999,0.0,647792.0601941083,<3M,355.46579343137245,0.41999999999999943,99.01960784313727,0.0
pool12kdg7dmdfh0t9hmy43pvl38ftu5dvppyn86wgkc4jq8557xkyz7,332,332,332,0,36240.31742000001,0.0,271100.1177852951,<3M,109.15758259036147,0.02710843373493976,100.0,0.0
pool14mf6n48dmclgg48t8e5tr93x8nc2fskd70lmdplcwdqsvkaaegh,72,72,72,0,36169.26991800001,0.0,1080231.281291236,<3M,502.3509710833335,64.33333333333339,100.0,0.0
pool1f297l6rl99h5v56x48j4pgza70ya3lm37yzu0njpcnsljqdd4dl,205,205,205,0,36000.84268,0.0,486829.5791797414,<3M,175.61386673170733,3.0000000000000036,100.0,0.0
pool1mdzxt5rl2sgnehedgnl0jwk8vumsglequrap26qgg0uwg4cuq52,32,32,32,0,35856.219059,0.0,3690562.0645178435,3M-10M,1120.50684559375,10.000000000000005,100.0,0.0
pool1suvska2n58hqxqzzqwpw3558072vkmng0jezzgtlsj625yk7gt8,132,132,132,0,35422.603631000005,0.0,816427.5931634849,<3M,268.3530578106061,0.11363636363636365,100.0,0.0
pool18n5hw3960p7su9dvw08w3nf7sgky52qzwkpatv3zsf52qy0vnk6,55,55,53,2,35381.92180899999,0.0,957927.8952339272,<3M,643.3076692545453,1.1636363636363642,96.36363636363636,0.0
pool1mrxg6svcug7mc459ce5zum4qd6p0hkfc08jzpphxfnxzz8yf7ll,288,288,288,0,35340.753556,0.0,312999.4349957292,<3M,122.71094984722224,0.12500000000000003,100.0,0.0
pool1zc5l0d0j9d0969z7ssphjdq7rfexhnhrfdp2e88sv05ujlaxfk3,294,294,294,0,35338.25863900001,0.0,303266.92829464935,<3M,120.19815863605444,99.99999659863944,100.0,0.0
pool1nz2pnmn624uvl5dmadvzesd0lpy36s6t8g3xwu36d9cy2f5n2kt,69,0,0,0,35225.652598,0.0,1093418.0279031885,<3M,510.5167043188406,4.999999999999994,0.0,0.0
pool1570nv2jeglcq92gg0qmkyl5dwg92mj4374j4c7eagx47kdm0r4l,290,290,227,63,34857.249809,0.0,267658.799281614,<3M,120.19741313448276,0.5862068965517244,78.27586206896552,0.0
pool18t5chuxq82ssl39fczux8lyxfrnr6l92gavrkz27vvc4vjwgvjf,70,0,0,0,34782.221107,0.0,1212640.2862393,<3M,496.88887295714284,4.999999999999993,0.0,0.0
pool1re5ld34xeljh839pnc0m26yaxyp36cl0c8fajvuxrp6lu69fqpz,69,0,0,0,34321.056696,0.0,1148509.127177116,<3M,497.4066187826087,4.999999999999994,0.0,0.0
pool137cuaqqktk0rhh3a9zj4rchr75qm07pgzgekprle5qyq2xk2nzq,360,360,360,0,34291.461682,0.0,243302.2875831474,<3M,95.25406022777779,0.9999999999999908,100.0,0.0
pool1u3d2q48xqdge5kejkctwehlcz40vwm65rc0jed974zc6vfd4clc,144,144,144,0,34228.401225,0.0,773696.5869012295,<3M,237.69723072916668,0.0,100.0,0.0
pool1a2055ynlql84eznr5sqcnm8yrsgy5lun0phjtvmeh6f9gx4h5n2,52,52,51,1,34173.347583999996,0.0,1269838.2259630766,<3M,657.1797612307691,1.7500000000000009,98.07692307692307,0.0
pool1yhd6a8vvp0r0ads36j4zjwx7juztf6cgpa2fqm9dm0st790ptf2,17,17,17,0,34135.812449,0.0,2725580.381996706,<3M,2007.988967588235,0.0,100.0,0.0
pool1xnaxushl47aeha3mr3uwnxcfkvzj0um6c4zxdr064d3y68z646c,362,362,362,0,34103.982401999994,0.0,251965.34333538395,<3M,94.20989613812154,2.176795580110499,100.0,0.0
pool1aqr4843pgkyaq6p2557vgnxsxwnj5s5em2xusf5k4ya4uzk3w5l,365,365,360,5,34034.605804,0.0,159908.34116281607,<3M,93.24549535342466,1.1150684931506734,98.63013698630137,0.0
pool1mnj07j4n605djnx42n4q88j5k0yvarp7lqmc4388du3rwnljenz,198,193,193,0,33965.93756200001,0.0,491914.2771493433,<3M,171.54513920202024,1.0000000000000007,100.0,0.0
pool1fl0gdfcmzg4jf3hw839epdteuazm23nff44vddap00r0sm5gvvk,336,336,335,1,33844.90392399999,0.0,253505.2721295687,<3M,100.72888072619045,0.05952380952380953,99.70238095238095,0.0
pool1zpkqlcpu5gyk0s5e9263y5n7vzmkgrtpca0u4xpxan02w8ld0nr,250,250,159,91,33242.041366000005,0.0,364920.9374094996,<3M,132.968165464,0.0,63.6,0.0
pool1442wwr8zzdpcu8uwnglackzr3u5ggrmfxsjja0s7aef66hk2fuc,354,354,346,8,33232.048972000004,0.0,244989.23283844892,<3M,93.87584455367232,0.70056497175141,97.74011299435028,0.0
pool15kmauzzxvy423nxuf58gpyhrs8wngpvmvkzw4ncte2mmjn2wpvt,108,108,108,0,33139.760445,0.0,559541.9964408516,<3M,306.84963375,5.5,100.0,0.0
pool16qr7dz5q4vwf3n87t4lmr0d2zlr5knexpdzkuk4trc8dwed7aw3,140,140,140,0,33126.81110399999,0.0,943457.5367626008,<3M,236.62007931428568,2.1857142857142873,100.0,0.0
pool1qtrlex4p7s2uskt0p9tldz3eprda73vd5ngfh6fam4sgkpmazfx,157,157,121,36,32993.903964000005,3339.146106,491417.00446536945,<3M,210.15225454777072,0.6369426751592361,77.07006369426752,10.120494105951746
pool1rmwclmeutcdd7f0sktcevwa6ewaphxezgeqk5hcfswvpkaq2hmg,98,90,89,1,32984.657234000006,0.0,578461.001522143,<3M,336.5781350408164,2.0000000000000013,98.88888888888889,0.0
pool1wvtwr45gdefxug9peswz3gy3d7q5up8qql9t4lgwtk6hzd2z974,37,37,37,0,32890.93320600001,0.0,1425123.4886495136,<3M,888.944140702703,0.5000000000000002,100.0,0.0
pool1n20x3spgcj72k0azl85gxt72qzr2eq7sr53tlmwdg8wrz60ynzn,406,235,235,0,32767.680183000004,0.0,235429.1695469959,<3M,80.70857187931036,0.3266748768472899,100.0,0.0
pool1rc5a3yqa4w692649vnazcw5h9azeldc3gc6gkdk9ctlnzwsgqtd,228,228,228,0,32511.790885,0.0,444877.0624546648,<3M,142.59557405701753,0.9999999999999979,100.0,0.0
pool15zl6h526rcp836t6l94zk5mfrqlp4tvrq87xlnthzagwjyhrlna,17,17,17,0,32397.551327,0.0,2349078.6517170016,<3M,1905.7383133529413,0.6882352941176473,100.0,0.0
pool14mfyw7sm2md5svfwh8wf3qpmfqhr8egl6d7j8e5pwpg7vf0crz5,166,166,164,2,32391.203382000003,0.0,431921.8047471265,<3M,195.1277312168675,1.0000000000000007,98.79518072289156,0.0
pool17k0rf90x8qcre7nrw5x4mgsfgy49njyqdq884qunm4fkslu6nye,213,213,213,0,32354.980236000003,0.0,214556.32594459262,<3M,151.90131566197184,0.9028169014084461,100.0,0.0
pool1d5zrmzgskqzse485j7p5cly2290xyffr2tyq9d8ngkzyxjjxwtm,365,365,340,25,32214.54519399999,0.0,163019.78911053354,<3M,88.2590279287671,0.9999999999999907,93.15068493150685,0.0
pool16mdx8j46kf7cezpmgt6pwhamd49qunfnr20wnj6ukgp2spam082,43,43,42,1,32144.726045999996,0.0,932174.3546476512,<3M,747.5517685116279,0.0,97.67441860465115,0.0
pool1l8pvaam6f2wj2ank46uywp32wwapqga8e8utve3mgzzuxksc3tq,325,325,325,0,32002.92181499999,0.0,318524.4030887721,<3M,98.47052866153844,2.5000000000000147,100.0,0.0
pool1lfq0eh3gykruhnuc84lutfhxupwwxfh3ylfuyrt67khjkcj9r6y,113,113,89,24,31987.223972999996,0.0,555721.598334859,<3M,283.0727785221239,0.0,78.76106194690266,0.0
pool1c3fjkls7d2aujud8y5xy5e0azu0ueatwn34u7jy3ql85ze3xya8,55,55,55,0,31987.174326,0.0,1784392.9718828727,<3M,581.5849877454546,4.000000000000002,100.0,0.0
pool1cedx2cdt279aqlvghj9sgc0ggvp2ytkgq40dx85rt6yuje6c4v7,80,80,80,0,31892.744092999998,0.0,700695.3008239514,<3M,398.65930116249996,2.000000000000001,100.0,0.0
pool17wsk3ww9asev7kfk9ktfw2cxcq865jq2l796aue66xldwx6cy82,212,212,212,0,31844.101131,0.0,400969.2043800621,<3M,150.2080242028302,0.0,100.0,0.0
pool1lvz69haw6382vedyphwph7ns08nratm469nv2a6da4ykqqgl56q,139,139,137,2,31784.089348000005,0.0,707664.529117612,<3M,228.66251329496407,0.21582733812949653,98.56115107913669,0.0
pool1tnfd2sdstmjehxw0fd3x9wc07975x60su4xpv9jnhsam2cf64np,88,88,88,0,31714.0387,0.0,392135.2954203183,<3M,360.38680340909093,2.2409090909090903,100.0,0.0
pool17n47upcpnzsdks0yd409nf79sg6hqy73twg87eddwh24uj745rt,292,292,292,0,31620.560454999995,0.0,304415.26150895905,<3M,108.28959059931505,1.4708219178082178,100.0,0.0
pool1gjy4ds5fetharnl6y09xxnk9xmvxa6hx2q6cgkjp6094w7ee55z,50,50,49,1,31602.492559,0.0,1147439.2238585,<3M,632.04985118,2.2776000000000014,98.0,0.0
pool1s5pue3nn7vegwr327cvnyqmd5h0cvse7wksf6drup89gvgxpr7l,112,112,112,0,31505.559411999995,0.0,390152.24374120537,<3M,281.2996376071428,2.0000000000000013,100.0,0.0
pool16lwqfp7cpvzwn6mhu0gj3h4aa5k6j9my0he4mgjjva5f7vvnkw2,368,368,368,0,31503.803363999992,0.0,267255.5089025906,<3M,85.60816131521737,1.557065217391297,100.0,0.0
pool109s7c6kn6ugxjnf8d46s9h3nnezs3d77yu80scs9sjppqa0qkyn,28,28,27,1,31436.103422999997,0.0,1407054.7161219285,<3M,1122.717979392857,3.0000000000000018,96.42857142857143,0.0
pool1s9dxgxnu72x60aluxqs7dxu5w344vldp8sgesfzzzgd5w0ln8r8,69,0,0,0,31431.15063,0.0,1187685.7367565944,<3M,455.52392217391304,4.999999999999994,0.0,0.0
pool1sef3gznduge5q2e5wcjzav2nuk7nv07t49wsa8y0wy8m2fhjfj9,145,145,144,1,31378.87892700001,0.0,472082.97439282754,<3M,216.4060615655173,2.0000000000000013,99.3103448275862,0.0
pool1yk8yr5wl94gu5dnfck38q89lcghkmgd8aeykrlm7w3qc703alar,82,82,82,0,31374.547282000003,0.0,895831.3898010245,<3M,382.61643026829273,0.0,100.0,0.0
pool1lkuwrel3s8er6v0snw69gumsaugydz9n0vl87n7mygh576mwcy0,201,201,201,0,31094.012827,0.0,280320.738619612,<3M,154.6965812288557,0.16915422885572143,100.0,0.0
pool1kadxtp5d8lf4s0jz8qens8gsfsptahf6s0ynjtvjussmzvzzk8a,290,290,290,0,31017.165154000002,0.0,275395.619863555,<3M,106.95574191034484,1.7250344827586224,100.0,0.0
pool1l36xrzcwh9pqtlgmea66cqv0z6z2lvgse3nce50xajcnqzyuwg9,93,93,93,0,30724.842436999996,0.0,489866.69779046223,<3M,330.374649860215,0.053763440860215055,100.0,0.0
pool1ku2ppcx5zgas98hfrl23xtak8u2wj3hsy3hglxhg9xp4qck5awm,67,67,67,0,30664.465129999997,0.0,1017435.152375582,<3M,457.6785840298507,0.31343283582089554,100.0,0.0
pool13fg83xz9t4yunpzjmcras7kqpyssl6247uqva53s6jntskmhvc7,131,131,131,0,30596.497228000004,0.0,371588.1060668093,<3M,233.56104754198475,0.32442748091603063,100.0,0.0
pool19qgfp80d2sv3p2azmygfq87g7va4s3ewd6aaulas6eqsyz4r2yl,34,34,34,0,30594.755021,0.0,2705311.4882477936,<3M,899.8457359117647,1.1941176470588237,100.0,0.0
pool1dp768j37vc5zfeg0kygauvpx4l7474qe9dcw7c7t68e2krak2c7,69,0,0,0,30509.223638999996,0.0,999725.051696623,<3M,442.16266143478254,4.999999999999994,0.0,0.0
pool1vr8yc6ds47hzfgqxu9tzxdwze6x82fetqdps7vvmcdav6rlzd3x,127,127,45,82,30388.980929,2137.268164,436401.7745452603,<3M,239.2833144015748,0.007874015748031496,35.43307086614173,7.033036642437783
pool1z7zyzwm9epnjrkrp0xrczgvmwedj0trd3e78dz8m7gnkck8lwj4,185,185,185,0,30203.825821000002,0.0,1320935.4028601123,<3M,163.26392335675678,0.30810810810810824,100.0,0.0
pool1lr02c9krwmtzr29e9h2w5e7crr9elss7qfflkr42j0ke6de4vh7,136,136,117,19,30160.052604000004,0.0,769771.8702412943,<3M,221.76509267647063,16.875000000000064,86.02941176470588,0.0
pool1tx2ewdpde5lk6xy8ge5cu8hr3szj8k42kegrx2sxlw4ngaspfrz,65,65,64,1,30136.058487999995,0.0,566271.8711857848,<3M,463.6316690461538,0.0,98.46153846153847,0.0
pool1vqwvxr32nw3k37qwy8j2032mnpfp2lnrjqh6nupvc3dfzh7yrtz,64,64,63,1,29959.407461000006,0.0,881485.2488491101,<3M,468.1157415781251,1.0000000000000004,98.4375,0.0
pool1tc2twz6teun8h44djmvvd9dena7rjgnmxuckzc8j77jlzat88q5,94,94,66,28,29877.639873000004,0.0,549988.4549899788,<3M,317.8472326914894,31.59574468085113,70.2127659574468,0.0
pool1wyu23ahrnql8hc0y5jx00y2evnmw05d2rxnyqlgqq4lxs93q7ue,348,247,246,1,29795.442069,0.0,170138.81321344813,<3M,85.61908640517241,0.017241379310344827,99.59514170040485,0.0
pool18dmncsu0wwzfnje42udk3eeld3z0zwjpjxname3lp8a9kpah28w,341,341,340,1,29754.314885,0.0,165739.1060366426,<3M,87.25605538123168,0.2111436950146628,99.70674486803519,0.0
pool109k0t72eh8txza4ptnagnfyqkjnmfe60afmtm4dvj9lz7dy78lh,328,328,328,0,29682.433288,0.0,717572.2456358783,<3M,90.49522343902439,1.999999999999984,100.0,0.0
pool10xmmn972gyza7nj8q4cyy0vrpn6kqzmdz2ut7ynnc8d0ycxlvw3,331,331,331,0,29528.412890000003,0.0,242351.44932531108,<3M,89.20970661631421,1.499999999999997,100.0,0.0
pool1qlpjsz5j5vqs59cnu09j90agycj2xvrp45sv0v6euujj60up6dw,310,310,310,0,29480.099033,0.0,406864.57336761255,<3M,95.0970936548387,0.0,100.0,0.0
pool1gxqgry4s75sx455a4hh0fx3qm5ckx5jl5tryn6zu77yg7y5pgsj,25,25,25,0,29440.233747000002,0.0,1792091.2234022396,<3M,1177.60934988,1.1400000000000006,100.0,0.0
pool1wym4qkxsvqejxqn4l55y9z708mkxc36qge28qevrvp056fe7dxg,112,112,112,0,29335.740509999992,0.0,592082.6833069657,<3M,261.92625455357137,0.4142857142857146,100.0,0.0
pool1quj6cp7w4tarq7hrcdsjxlgcmnunm2xvnpvmj20l9nplue6rjxx,400,400,397,3,29185.897095,0.0,215510.84823352552,<3M,72.9647427375,1.901999999999986,99.25,0.0
pool13wtywenpwvg5snncx5zvxevvry85cp3c9nq0xlxlck9l7qh2spx,317,317,317,0,29151.255948000005,0.0,292186.78193614923,<3M,91.95979794321768,0.19873817034700317,100.0,0.0
pool17tfres65n2elunrcmkg3t24s48j8mh5kklzrg6pzcu42x7shmrv,59,59,59,0,29089.646609000003,0.0,681986.6928618139,<3M,493.0448577796611,0.510169491525424,100.0,0.0
pool1a8pdhput9y2rum69s452rv4nkhe0aqf3xzxys3fguvk6zemhq97,95,95,95,0,29076.956470000005,0.0,392449.0050231053,<3M,306.07322600000003,1.0000000000000007,100.0,0.0
pool1k0sdhxunrkpv6dqdhhn3wkul8ytxhskt9erw94h66xe46nsqp0c,335,335,335,0,29033.520409999997,0.0,128046.8257347139,<3M,86.66722510447761,0.8059701492537272,100.0,0.0
pool1skykl3rncme7qzwy0t55wk258h4e4s9dyacrm3hnsya3u3k5vkw,211,211,183,28,28938.32071800001,0.0,360639.9306960948,<3M,137.148439421801,0.0,86.7298578199052,0.0
pool1q78mtn420rhjjwghfmlwuyasj3eq655nhhq3sxkyh3w77dj8zy8,91,91,88,3,28769.138444999997,0.0,532147.8145106373,<3M,316.14437851648347,0.0,96.7032967032967,0.0
pool1lmfdaxm9xjp4enwezryf9q427fzw5zcyk40qe5qgd338za9x65e,129,129,19,110,28715.295379000007,23781.781937000003,448929.94151572086,<3M,222.59918898449618,0.0,14.728682170542637,82.8192140220575
pool1263z8symvqmmsg876y2lzluv29am2v9fpzka9sf3nrhz7uwlzap,195,195,194,1,28702.202976,0.0,542752.1511400824,<3M,147.1907844923077,0.6999999999999962,99.48717948717949,0.0
pool16sjl6t8exdrenygxhramgc7vs7hjv7ga35caj4cexgzdk7mrpxr,88,88,84,4,28630.410662000002,0.0,660088.7450321252,<3M,325.34557570454547,0.2386363636363637,95.45454545454545,0.0
pool1mxlhdan4hudyax8k46ljln8vh7a7l8lmkwhlxvyydv40uwq0t9g,65,65,65,0,28194.25476,0.0,792707.6706662923,<3M,433.7577655384615,0.5000000000000002,100.0,0.0
pool1y0d0lthqzxs82q0y3z3jk99pjav7s7agpefdaxqxuz407r5f7m3,85,85,83,2,28106.917713999996,0.0,831776.2003748238,<3M,330.6696201647058,3.989999999999995,97.6470588235294,0.0
pool189ysyxejgdu0d5u323cajq40ec6wsacq3yav3ul7fdxs6mhdhr0,373,373,373,0,28078.394083000007,0.0,112221.86592958389,<3M,75.27719593297589,1.1018766756032057,100.0,0.0
pool1rwdly4kzsra64ftc4zqfc4cv454uaqsd09rawcu2ct5p78duteh,100,100,100,0,27931.859886000002,0.0,590333.8469645818,<3M,279.31859886,16.699999999999964,100.0,0.0
pool1v5g4rmkk0394q6swgfusgzjjzrv9ajy8qntgpuumegka5xhpgam,369,369,366,3,27885.728140999996,0.0,273989.3187628703,<3M,75.57107897289971,1.5013550135501308,99.1869918699187,0.0
pool1ddheaqwfuxwqe89lyd9wla222uhzvp8zstmvc30mrzy4zc5yevs,176,176,175,1,27797.150439,0.0,569691.3082849211,<3M,157.93835476704547,0.0,99.43181818181817,0.0
pool17cqy0mkm7p3ufv9k3h37w040x08cx6je23y6jrkgmts3x9g78tu,51,48,47,1,27731.202584,0.0,907175.2572621177,<3M,543.7490702745098,4.999999999999998,97.91666666666666,0.0
pool12nz4esgsex6zdq9q0208gw9zkdrt3f42rrkefzaxqaqzzlwjku7,18,18,18,0,27613.688137999998,0.0,2768198.389757833,<3M,1534.0937854444444,0.33333333333333337,100.0,0.0
pool1pp346nrz3vw5yujpvgv9tl3vhdnteeqkq6dhykfp5s595jq75rj,161,161,145,16,27376.069756000004,4497.387742,269754.9281783109,<3M,170.0377003478261,0.23906832298136652,90.06211180124224,16.428171691863508
pool139ffqrvyqu9sgsekk3pu9t7jxx872w655vses7d4q4sxxyd257a,342,342,340,2,27230.480244999995,0.0,180673.55369592147,<3M,79.62128726608185,0.9941520467836173,99.41520467836257,0.0
pool1q8fqknvzyj9p4ezhxqdghlc7rnmwvwuku9eevgvl25cpjy385gg,54,54,45,9,27150.079815000005,4719.5116610000005,1486089.8363780004,<3M,502.7792558333334,0.0,83.33333333333334,17.383048938193333
pool1kfu02878dsz2l2pml9r42fvh32l4zn3msjvgfx077q3yx2xgul8,365,365,362,3,27131.552562999997,0.0,231203.40118050989,<3M,74.33302072054794,0.0,99.17808219178083,0.0
pool1ty3e5szg374hkvtew3ja87nh79dqeam9eqg5tmwzjlyj2kx2qr6,59,59,59,0,27090.664095,0.0,635653.2452925763,<3M,459.163798220339,0.0,100.0,0.0
pool1vzpakzvtx46t7kpla6pus7wpnskeprdlrxc3snf897tryuzfh4v,269,269,269,0,27042.744996,0.0,179966.52817716735,<3M,100.53065054275093,0.06691449814126393,100.0,0.0
pool17ak367upaay0c9thyxq9xn0qn76h03r3j3s6dp658ha650r38nz,114,114,114,0,26802.365286000007,0.0,702643.9541273416,<3M,235.1084674210527,1.0000000000000007,100.0,0.0
pool1rpcweq9gcqlr27s6wjm67djmm2f2l5a72zusp3f25344kaxuqcd,115,115,115,0,26693.145438000003,0.0,523700.5628209218,<3M,232.11430815652176,2.0000000000000013,100.0,0.0
pool12g5x8nd79xn7x0kgy59wrshck5swkg5lek7z74guylh9uk6dmsq,52,52,31,21,26691.266154,0.0,844682.8725251345,<3M,513.2935798846154,1.034615384615385,59.61538461538461,0.0
pool1vfayajkdc0gw876lax5va6ygpfpsd8kz73k4y977emm3clnxlm5,346,298,297,1,26656.970587999996,0.0,174211.33883212123,<3M,77.04326759537571,0.0,99.66442953020133,0.0
pool15zms2hm7rqffqcdm2kzkv7kz02w6j0kzkhyvn0c4dfctjaaqggt,178,178,141,37,26443.768379,950.042247,384346.9914866178,<3M,148.56049651123595,0.13483146067415733,79.21348314606742,3.592688581232865
pool1l2t9xjhx3m3sesjcece9mgz6xk7rwq3rhj3sv0durtmrvdujc46,93,93,93,0,26310.136140000006,0.0,730957.4920803116,<3M,282.9046896774194,1.9139784946236575,100.0,0.0
pool1qqqqrmhdc59mxjygmnhrlz6x08l4w4qgs3jqd5fhps8gcghjh4t,21,21,21,0,26272.369749,0.0,2377612.2822104758,<3M,1251.0652261428572,2.0000000000000004,100.0,0.0
pool1th6xh9uks6rywerld5aya0gc3yswwrx3yus9zvehyqaky5c6utd,356,356,354,2,26232.360666000004,0.0,199008.86210057617,<3M,73.68640636516855,0.9353932584269586,99.43820224719101,0.0
pool1nwddjgvjrke3e2gu6m0a7y04alhgcx4egec6dd9gahr5sz0p5u9,371,371,371,0,26230.112678,0.0,190564.99365080893,<3M,70.70111233962264,1.5153638814016168,100.0,0.0
pool10ysem79xjxd223plxqws0fheawd78znr3qs4h2h422gmxa40amu,284,284,283,1,26045.984718,0.0,157839.95361828554,<3M,91.71121379577464,0.9999999999999941,99.64788732394366,0.0
pool1cuhcw4dhj577rzz847q5swfvrnthj2vn62hry6ljzp6g6v3ag77,164,164,164,0,25937.791461999994,0.0,377074.99526287185,<3M,158.1572650121951,100.0,100.0,0.0
pool16azs8wsv28h54zleuvr7hq2tuecsqa5kuzj2rgpxxjxfc0k06el,65,65,62,3,25929.892776,0.0,668092.815563677,<3M,398.92142732307695,0.40307692307692317,95.38461538461539,0.0
pool1j4nkshfytq8tww99ttfwvrmv8n7yq2tvuw0xlphelzzw6vfghwq,365,365,365,0,25905.393192000007,0.0,165381.20977246013,<3M,70.97367997808222,0.1917808219178083,100.0,0.0
pool1jf32ru0d9mcre5pp7yundjdfcz8qlhmw4f5cftgh8vkqy8scj09,222,222,222,0,25890.654682999993,0.0,327143.9786050768,<3M,116.62457064414411,0.0,100.0,0.0
pool1vkvmj9r4w77fypzqxynxuf756zma5fgf89sh4xpxryx4yrxd64m,27,27,27,0,25890.282069,0.0,1414228.3404867407,<3M,958.8993358888889,99.99000000000001,100.0,0.0
pool1p6x3d9ztfeljqcww8zdt9crdtsvsqszdhf56qwvg32elsy8e38v,141,141,140,1,25863.548240999997,0.0,315067.3571575883,<3M,183.42942014893615,0.0,99.29078014184397,0.0
pool1jd6kjagpa6cx972n2rmmt4lhyecescppk58yg0ujxgsr63xhzd0,75,75,75,0,25788.349128000005,0.0,1109598.7329233466,<3M,343.8446550400001,50.0,100.0,0.0
pool1f3ptnevzpgwjx32az75u7nth59gkqxe5h5qld86a8vm0j5jrms3,406,406,69,337,25707.000167000006,0.0,85938.0946466372,<3M,63.31773440147785,0.0,16.995073891625616,0.0
pool16utp8esfwwpwf4fzlvtulugtdj9mapt42gdwza962pk8q2f45yt,300,300,300,0,25215.164742000004,0.0,222943.23193766677,<3M,84.05054914000002,0.9999999999999932,100.0,0.0
pool1c38rf777lz0lweuz856xtetz2p2tfq04xfles089839tclt4dp3,382,382,381,1,25208.111901000004,0.0,150885.88642225091,<3M,65.9898217303665,1.6513089005235668,99.73821989528795,0.0
pool1axjvp66c0hexedq99v8lhac9rvczunrngrah7zeejrrhvgr23vs,20,20,20,0,25190.993638000004,0.0,2350368.9407985997,<3M,1259.5496819000002,1.0000000000000002,100.0,0.0
pool1q6lzp5x6tqg04chsxakupgq6x829nsx2dk5w8h043fnajm8d3uj,328,328,322,6,25059.60291500001,0.0,211111.72206006412,<3M,76.40122839939028,0.12591463414634144,98.17073170731707,0.0
pool1kdhhrsl8av6gzr7vrf5q06pwlrsr8646wkjkg0h550tw6vxf8mv,326,326,14,312,25002.254868000004,24321.511522,185817.22998728565,<3M,76.69403333742332,2.9966257668711584,4.294478527607362,97.2772721916723
pool1llfrhf0htc528jcmp9dr2tzsjnt93y2gkjfjn5znjh9a79avwv7,341,341,341,0,24833.513022999996,0.0,125383.57155883008,<3M,72.82555138709677,14.785923753665687,100.0,0.0
pool1zkuqlvymj4q6y7r20hd8c5tp0ru6emcca7wf34c5dawjukusvzr,214,214,214,0,24513.397704,0.0,260884.0129991821,<3M,114.54858740186916,0.5981308411214957,100.0,0.0
pool12m0v0myprg2nfvlymzaghvjrzhnlzkh2psn3sur2nhkj5wpkdmh,86,85,56,29,24363.624158999995,0.0,850774.7286681859,<3M,283.29795533720926,1.0465116279069773,65.88235294117646,0.0
pool1p5drk57zaggfs5yk5vm4shmhh86czj6g0j3aa09rdq97jdzgk3m,27,27,27,0,24323.228576,0.0,1342117.6852724815,<3M,900.8603176296297,2.7777777777777795,100.0,0.0
pool1aawkmkg7vg0x0vxaqh4gr0lwp4fekwsqrjduylx0et3tuz9hfn4,321,321,321,0,24320.620093,0.0,262842.0992309345,<3M,75.76517162928349,2.261682242990657,100.0,0.0
pool10c9l3k0z50ytt4krkfet7w3gwpv9d9nq47kk9ecy2c5f2uyvkgk,253,253,253,0,24265.031334999996,0.0,343366.8667580674,<3M,95.90921476284583,19.05533596837945,100.0,0.0
pool1lgdk6s5d6flv2sj0cgzz5es5vly8lg88k2e7457tc44hjf8pffk,32,32,31,1,24220.509232999997,0.0,1093360.5278073435,<3M,756.8909135312499,2.0481249999999998,96.875,0.0
pool136903m0kag2amlga2ypcz8wnf7d552qgy5t6vz2pqlzuq2kyshy,406,406,405,1,23901.266287,0.0,151696.255297468,<3M,58.87011400738916,2.999999999999983,99.75369458128078,0.0
pool1pgx683rwwxe2g8j7kdufmaz075fd4gvsj8c7cuwjwa6ecm7nnm2,147,147,145,2,23885.029600999995,0.0,241021.72979459804,<3M,162.48319456462582,1.0000000000000007,98.63945578231292,0.0
pool14yct4lltf2md86fm8xns78ttta0ey2a2m8j0vxx69pds2mzmhvq,43,36,35,1,23808.605699999996,0.0,977308.4283575119,<3M,553.6885046511627,0.06976744186046512,97.22222222222221,0.0
pool1de64gn0cm6uz73s48vs0t4chvm02efcppzwf89uy2ejny2nwgsq,94,94,94,0,23591.972049,0.0,355834.11759313836,<3M,250.9784260531915,0.0,100.0,0.0
pool1fc3m8hdjj76n6llxextpc60tt63w5ygwgvf2ekzr3k222kxxdkg,376,376,375,1,23541.871645,0.0,96215.85719014364,<3M,62.61136075797872,2.999999999999987,99.7340425531915,0.0
pool1h40xjqda9wmw9cff5jss3ww9npujkhlvg6xjy9l5ujsu5rqlw28,316,316,316,0,23510.588286,0.0,169739.97421144618,<3M,74.40059584177214,0.787974683544296,100.0,0.0
pool19at4pzt6ghethuls7ehr0v5x65cg7mj0zun79eenefa074yfcz8,334,334,333,1,23369.298344,0.0,148562.388682072,<3M,69.96795911377245,0.0,99.7005988023952,0.0
pool194lhpd5e6a8n8n0zce5hg9f5279pqecd86yl0ytf8nztk2x9unv,239,239,239,0,23365.936953999997,0.0,293085.4063814562,<3M,97.76542658577405,0.0,100.0,0.0
pool15wk0wjrau5pv6rp6w34g3mjxqejkfj3yak0xa9m63upcxx63myh,404,404,350,54,23235.956808999996,0.0,267202.1921878023,<3M,57.51474457673266,5.000000000000037,86.63366336633663,0.0
pool13lfrlz8hw64t2zr7hfvd8juxjcpdrspvslrtu0y76yxcs8ufvpd,26,26,25,1,23210.519427,0.0,1104511.2486716157,<3M,892.7122856538462,1.0000000000000002,96.15384615384616,0.0
pool1jhh5u4q6r6ym8rl7lcf9qc8lgsds8sxh0kl6lajkh5wkgkq6efy,58,58,56,2,23168.886049000004,0.0,624036.1270553796,<3M,399.4635525689656,2.1034482758620703,96.55172413793103,0.0
pool1fp2ds5467a63k60r4sla6h8pju4q0z92h82hvqqv782vqqe4z38,31,31,31,0,23156.255418999997,0.0,965454.145623,<3M,746.9759812580644,1.67741935483871,100.0,0.0
pool18c2qgn5fv5vfhsvqjvn20j943qjaegs0dylgpsmmwz2lx03n76k,359,359,282,77,23098.238279999994,0.0,246024.1829451511,<3M,64.34049660167129,1.0055710306406593,78.55153203342618,0.0
pool1nx2g7dzc90uu47e8kp057r59g8z5sz6v0x76wsph8xpcqzqycv7,343,343,332,11,23080.626592000004,0.0,994221.1933944607,<3M,67.29045653644316,1.4700000000000042,96.7930029154519,0.0
pool1yufvmm7p27tewl4uumqkt3zzlnf39jhp6w2lt673kpyjck0h9q3,58,0,0,0,22940.198293999998,0.0,519584.05725098285,<3M,395.5206602413793,1.7499999999999987,0.0,0.0
pool1hmsu89xujecvetms68tn2ehfmq7yqvgl6xsf796z4v9ukzdqlp6,155,155,151,4,22830.343164999995,0.0,264682.607881666,<3M,147.29253654838706,0.0012903225806451613,97.41935483870968,0.0
pool1xvfzclnwf0jyc9ekqmamshha9dmw8mpzd9ykgxjjpxnuwdv6mzk,264,264,264,0,22721.850488000004,0.0,242330.67549821167,<3M,86.0676154848485,1.500000000000004,100.0,0.0
pool14qugk4juy7ds52glqhuveyntrmzr6ymaswyjhj9k53k3qdnfwpf,31,31,29,2,22622.261091999997,0.0,1599976.413239742,<3M,729.7503578064515,0.7258064516129031,93.54838709677419,0.0
pool1qeqylk3pnenvt3j4mah2dafcnd3h8uc3fqhvfzrxlxf3xuvdvvp,66,66,66,0,22621.421892,0.0,1179186.8079333182,<3M,342.74881654545453,99.98999999999984,100.0,0.0
pool1qqqrutr85x04emqsnlacgz6drtzpvp8v3kmlkw8gpnzry67qeuz,32,25,24,1,22324.13774,0.0,1066877.1418867505,<3M,697.629304375,2.5931250000000015,96.0,0.0
pool1xmtmp6cmmmaatkn3jd9dlht8xjyf7xnqmrurs59kj2ygxuz2jkd,69,69,69,0,22191.611944999993,0.0,1080431.3980880433,<3M,321.61756442028974,15.00000000000002,100.0,0.0
pool1ps2yl6axlh5uzzst99xzkk7x0fhlmr7x033j7cmmm82x2a9n8lj,98,98,98,0,22131.343137000007,0.0,603926.2478304589,<3M,225.83003201020415,76.72744897959164,100.0,0.0
pool1la6wjq8uaqctd05zw58dczxp6csf2z66wf726kdfyr9l7hnr6jp,221,221,72,149,22060.088514999992,0.0,728793.748070694,<3M,99.81940504524883,0.0,32.57918552036199,0.0
pool1gemjwq0dus4l0m0ulvqmhjmnu99y55ehuwd39u2nezav286y8d4,54,54,42,12,22049.766385000003,5797.72499,458970.9191837962,<3M,408.3290071296297,0.0,77.77777777777779,26.293815946930266
pool1wpj6th0242z6l2s7zl357a6rv8s7a4lq9x0p74mev453qczweyf,344,344,344,0,21827.960556,0.0,137569.86083298954,<3M,63.45337370930233,0.789244186046501,100.0,0.0
pool1wts9wudkagw3dtryqszqwwma50hn4llav48axwpqkpg9v09pq4z,17,17,16,1,21707.657753,0.0,2714335.581307941,<3M,1276.9210442941176,0.0,94.11764705882352,0.0
pool18gys2arurr8su3qssvh7vjcn42k5clgrvdxah8mxcg5xquvfu8p,117,116,115,1,21618.773044999994,0.0,255950.90132061546,<3M,184.77583799145293,0.2521367521367522,99.13793103448276,0.0
pool1hkqwf8nazpg5lt5gxtxvy93qalw3e73w2cehu0zdx83h7qm5ale,27,27,19,8,21387.869676000002,0.0,1372645.4471464073,<3M,792.1433213333335,4.9037037037037035,70.37037037037037,0.0
pool1p48maz58gt5v2rcly5v9qnsynsrn9g8drelev6enh4gpggj9yz3,109,109,109,0,21328.276733999995,0.0,461561.8484644954,<3M,195.67226361467885,2.999999999999994,100.0,0.0
pool1ek2m5zuydqcgqv3s5mlh55tr8gp76yuxe4hj4s7xtxajyc94rx3,402,402,24,378,21299.742589999998,0.0,106110.51885619314,<3M,52.98443430348258,0.10945273631840796,5.970149253731343,0.0
pool18cx6qhjeynrsd7pvcrv7e3y65ksyzguaep2427zumc8t2qzxvsk,257,257,257,0,21285.454075,0.0,244857.652193397,<3M,82.82277850194554,0.07782101167315175,100.0,0.0
pool1cvszqtp0yxrxu8ca8sttcatvdq62f8q9w9qzrtjxlpg0shd0y2x,124,124,123,1,21254.969652999996,0.0,484509.9739188549,<3M,171.41104558870964,4.9999999999999885,99.19354838709677,0.0
pool1txdcwt6z4dud7ppf6xhtlcks4qt8degt5gcf0ffjjy45v7jzkcx,24,24,21,3,21221.248795000003,0.0,1838623.0106392915,<3M,884.2186997916668,4.833333333333334,87.5,0.0
pool1y4yyg9zq2000akup68w68r0m42td2h2h5cz282ua4u985nzszkv,170,54,54,0,21094.605516999993,0.0,249369.95224497555,<3M,124.08591480588231,2.0000000000000013,100.0,0.0
pool1x23xnrencwmp0dnpvy0y62rxq6vy803c0n5csc5hxy3cqp68693,32,32,32,0,21077.335787999997,0.0,1068947.2399930311,<3M,658.6667433749999,3.406250000000001,100.0,0.0
pool1wqzdqsm02tust35dds3u7kyn373ms2mpjwf4ugs0qxp77frrxyx,69,69,68,1,20899.892997,0.0,451872.80576543463,<3M,302.8969999565217,0.5936231884057972,98.55072463768117,0.0
pool1wvhd4nf6mar2x0zaek2te6lqkrckk9mxtjctezy878a3zprru7s,363,363,65,298,20820.497764999996,12351.736498,122851.1504298376,<3M,57.356743154269964,0.06611570247933883,17.90633608815427,59.32488568435531
pool1ruq6tvalrt7uu4u2j9eugvf0h9z00yjggagpyd0qjmmywa6za7y,30,30,11,19,20724.585957,13705.584859,928742.1949372336,<3M,690.8195319,1.9743333333333342,36.666666666666664,66.13200807696117
pool1nyh6jcznks8wvlek7r7rlvg9hfchfqqyvup39ugkmr6kghrl0as,353,353,350,3,20687.877508,0.0,138460.39338879896,<3M,58.60588529178471,1.15297450424929,99.15014164305948,0.0
pool139gdv4lxw53enk4rms0ryr4ey07k56jufmfrclqqehjdzglheu6,7,7,7,0,20646.744244,0.0,8809216.215370858,3M-10M,2949.534892,0.0,100.0,0.0
pool1ktkhv4sw2y68d4xgfg9sjw829kejnvnh5zajq6g7jycry6cd7h5,76,76,75,1,20497.045039,0.0,724083.069129171,<3M,269.6979610394737,98.99999999999997,98.68421052631578,0.0
pool159ygj92rz4td2pk0zrz7c2k6z8wu32rq7pcj47elymexs8nlkzl,77,77,77,0,20375.476294,0.0,436167.8161734806,<3M,264.61657524675326,0.8441558441558438,100.0,0.0
pool19y6kk0p4x50463xxvqlgdlha5v7suw3w6cdrpn8nmfwhzkmwmza,71,71,70,1,20300.763227,0.0,670171.7571808446,<3M,285.9262426338028,3.000000000000001,98.59154929577466,0.0
pool1ng0wg25mkdkcmryzh5dcw70p0462z7svegxr9c7d2k5cqf9tt2k,404,404,57,347,20275.507227,0.0,84878.0189949223,<3M,50.18689907673267,0.19801980198019806,14.108910891089108,0.0
pool14f0uj8vghxzs09p3rzvhlur0dnfwylxc67whaz087srtjjrcjgd,271,271,271,0,20229.079547,0.0,194064.80246923625,<3M,74.64604998892989,0.2730627306273064,100.0,0.0
pool1uak0tmunkhr9pkujqf43ch7cqtjtfyf6vmhmjm2pp2f2udpttwr,73,73,73,0,20206.281191,0.0,559179.8706672464,<3M,276.79837247945204,5.699999999999998,100.0,0.0
pool1zgzyp6nt5084e8renptskpyaksd79uvl4hrfvnszpxyfzdt86k8,295,295,295,0,20175.940849,0.0,138892.55261921443,<3M,68.39301982711864,0.9999999999999936,100.0,0.0
pool1ex3e0w92rktrqvyen48dl58cp8efp7vfn3ealgdd8fkhqqychgd,214,214,121,93,20158.335703999997,5342.334032,244006.13894609333,<3M,94.19783039252336,0.13084112149532715,56.54205607476636,26.501860622054856
pool1mhmgvgflp2v0v5260fcqv5hz988zygt5zk84lq45x3tmcl0aa67,98,98,98,0,20053.025625000006,0.0,369568.41021574463,<3M,204.62271045918374,0.18367346938775508,100.0,0.0
pool1y0mz6yevqk34gk4tml37a62h69tg59sfz6vslzv4sf5fvsjhvpw,358,190,190,0,20051.818609,0.0,127571.92742020139,<3M,56.0106665055866,2.0363128491619924,100.0,0.0
pool175gxtzacpcm90adjpvlhjmfpj4ft2a3zuqsgm558hf3q7ra2vf9,403,403,403,0,20031.761117,0.0,120063.34259279177,<3M,49.70660326799007,0.9999999999999898,100.0,0.0
pool1rtnk3j8jv0wl0qz2j8xq4h5yeh0uvw3xj738fgl6wc4scxenkgz,341,341,341,0,19934.946625999997,0.0,142042.77505667153,<3M,58.46025403519061,1.8914956011730062,100.0,0.0
pool1tjkkuqdx2hy5cdy7vyamnyprglylcz5206zevfvtc28mx8nvsw4,55,55,55,0,19904.217343999997,0.0,955273.9965650728,<3M,361.89486079999995,48.25454545454546,100.0,0.0
pool1k93a7tazk6uhy0pe26pau9hthyn9kmtdcdl9er5kw9w82fl5j2w,362,362,73,289,19883.735164,0.0,111045.52134735057,<3M,54.9274452044199,1.508287292817661,20.165745856353592,0.0
pool1ey45kz6cwxxzgz6dfy89srvwcfzkmv3ea8g3jxkxmtr9zk5ayeu,64,64,28,36,19785.051865,0.0,549034.7786268748,<3M,309.141435390625,8.0625,43.75,0.0
pool1j8zhlvakd29yup5xmxtyhrmeh24udqrgkwdp99d9tx356wpjarn,51,51,51,0,19730.990886,0.0,1059828.1883483923,<3M,386.8821742352941,99.00000000000003,100.0,0.0
pool13vlrmzhm84jxe06fmjhs5qxwznrlpx6drpszf9x7ukfwslcq9c0,28,28,27,1,19713.087855,0.0,1011578.3736195002,<3M,704.0388519642858,1.0178571428571428,96.42857142857143,0.0
pool15jdufl3ahh3gn0p4nf92pxjqhs2qm2kwf626hdaxktn9yh8m3p6,325,240,240,0,19626.671129,0.0,87561.03382300332,<3M,60.389757319999994,0.9999999999999922,100.0,0.0
pool1p289t8je3ctxklh4ka487cxcrl8yyxzjexgeyyyqkqn0x3yuhus,171,171,169,2,19625.284433000004,0.0,175193.6129923333,<3M,114.76774522222225,0.0,98.83040935672514,0.0
pool144rdq5wqavym37k37dcagng7p4le9rfsr6gt6jjw6va95c3luxg,59,59,59,0,19530.236523000003,0.0,589227.7416164067,<3M,331.0209580169492,0.0,100.0,0.0
pool1hvw0mqph8kg9gkwqgnrg4v8uhwchltpf9e0qw002sxzfy2xe2js,21,21,21,0,19515.400833,0.0,1464737.560559905,<3M,929.3048015714286,2.0000000000000004,100.0,0.0
pool1cyetkjtz5ly62hrukr2acyw0t8x9fczn0lkw0ech5x6wjt6xd9z,57,57,54,3,19454.736609,0.0,983570.6037040175,<3M,341.3111685789474,1.4385964912280709,94.73684210526315,0.0
pool1yuq5ck8d6fssa3ju004wn9nap3ll06hd60a6tau4ptj8sqhtgsn,279,279,279,0,19417.817922000002,0.0,216454.46638814677,<3M,69.59791369892474,0.0,100.0,0.0
pool1vernpfxctyv20kzhfh65jy6j9pggqu53dk2uhs8vmxkxw57t2fp,138,138,138,0,19392.441379,0.0,240101.33894948562,<3M,140.5249375289855,4.499999999999995,100.0,0.0
pool1qa0t2lecmzmvzn6z7lzc439wvlgz0x04lvnqcdyzv4gywz3qehp,327,327,327,0,19356.538070999995,0.0,452821.2454596665,<3M,59.19430602752292,0.9999999999999922,100.0,0.0
pool1wlq787qn983e4vyj084mvx6gtz7tl8w4kj0tlx09syst6yc53hh,85,85,39,46,19310.761201999994,4012.5315670000005,388416.85572,<3M,227.18542590588228,1.5764705882352952,45.88235294117647,20.778733292939418
pool19lxuukjsg5frly5uycdnthq6g2xxc46vmtnddwpjlh077v00ace,74,74,73,1,19080.433489,0.0,292811.2132675404,<3M,257.8436957972973,0.0,98.64864864864865,0.0
pool1yaa5mte7s5y5gyktj3ccjxkqf9dptpu52x9us2ecmjnqw29ja2v,132,132,132,0,19071.702709999998,0.0,267647.5802717954,<3M,144.48259628787878,0.5378787878787883,100.0,0.0
pool1f43e2a7y72g8k8dszlr7d683u8y55dnrk4vt8k6dfsp32vx0nfu,35,35,34,1,19013.875139,0.0,1316206.6723870854,<3M,543.2535754,0.9285714285714289,97.14285714285714,0.0
pool1l29evaq9jz5k8r5t2jx2q7vjcamwlk3754h4p7xen0mn6f3le20,298,298,146,152,19004.659463999997,0.0,165451.370862114,<3M,63.77402504697985,3.0000000000000004,48.99328859060403,0.0
pool1a6wdglfp93m2z4nhptx9xhjazgyqusjpu387gdrp899cj98yuqq,62,62,61,1,18825.998970999994,0.0,1115842.8112988868,<3M,303.6451446935483,4.999999999999996,98.38709677419355,0.0
pool1v675dnkxjfz9jgct00tskyyuvsjgqj50d27c6wz4a5zr6gj4s67,226,226,214,12,18792.431974,0.0,167083.59270422556,<3M,83.15235386725664,0.6681415929203545,94.69026548672566,0.0
pool1qf0wftuxq20v4c0es83qgfunte4uxepx7jesy8nczxz2wv8yld2,395,395,30,365,18677.021681,0.0,59209.299107589875,<3M,47.283599192405056,100.0,7.59493670886076,0.0
pool170x8y09ql7hanj6kndg9esljxsxe29vjcl0y6trw88vvvuw9aul,73,73,72,1,18627.160801,0.0,305296.2537278081,<3M,255.1665863150685,0.7397260273972606,98.63013698630137,0.0
pool1p693mkpyjphqedgje9sx5k8dzaqsusmw99vh26gd8aszjzkajt4,197,197,197,0,18592.531739,0.0,191654.01069428935,<3M,94.37833370050761,0.5989847715736044,100.0,0.0
pool1e2a7hrepdkn0anf65djlmz8jpycujcg4nmfzs8w2ftvcvlnrw0g,145,145,145,0,18561.790804999993,0.0,321774.0788005173,<3M,128.0123503793103,0.5000000000000003,100.0,0.0
pool1zvm45jj5wz6kgfr2xfg75rx0auzxaedu4ulddhnrzk4uwuyuvpn,382,382,381,1,18519.728941999998,0.0,159545.07726223828,<3M,48.48096581675392,0.8848167539266942,99.73821989528795,0.0
pool1ktjfay5knnj2m7th8lkrtzf06mllg9s9xqjqmwsjlkyh2uuctjq,32,32,24,8,18457.084965,0.0,975999.4621232812,<3M,576.78390515625,1.1406250000000004,75.0,0.0
pool1jldq2rf7y2ukm2t8ds8d9upzgdgv07jhkckl0mvedwhxx5nkugt,35,34,34,0,18395.329949,0.0,1620500.8639268575,<3M,525.5808556857143,3.5000000000000004,100.0,0.0
pool1sj3gnahsms73uxxu43rgwczdw596en7dtsfcqf6297vzgcedquv,187,187,187,0,18367.561805999998,0.0,219428.25332075404,<3M,98.22225564705882,0.14438502673796796,100.0,0.0
pool1w9crhmpzf4pv0ssapcutljk7v7ejwv4jlup73mx96tne62u7cy6,43,43,43,0,18309.582257000002,0.0,504125.8513257674,<3M,425.8042385348838,2.000000000000001,100.0,0.0
pool12hhrd4azpps5jxppcqs2pgtylatg7xkhaqmnetgv2988k3t4drf,58,58,58,0,18244.422317999997,0.0,1018514.6667607416,<3M,314.55900548275855,2.4899999999999984,100.0,0.0
pool1jpfk79j3vzx3hnpqshl99m90qk3jsj4hg0pmxc8szz4juz8d653,33,33,32,1,18017.116668,0.0,1290966.0975807572,<3M,545.9732323636363,2.4848484848484858,96.96969696969697,0.0
pool13p67qys4zaa52phfv39dd7da5zh2vvr26gt7fwmx20slj6e6pmd,85,85,84,1,17985.755123,0.0,298104.6084072707,<3M,211.59711909411763,1.8470588235294128,98.82352941176471,0.0
pool18mnua97ndq302yw2c6aaw6msx5rgf79mfnk4xe5y92tvjl45etl,83,83,83,0,17985.33665,0.0,660067.5044191928,<3M,216.6908030120482,0.0,100.0,0.0
pool1katy7ll0nmasyxy4u84hcqdtvq5ul4x5hh8zt8ggljd0cy6qf75,34,31,31,0,17945.019690999998,0.0,1173337.988225059,<3M,527.7946967941176,1.0000000000000004,100.0,0.0
pool1dzdglfergm9km74055n6c9xsp8n78ec8ztsklgxg5c5gyrfz9zc,20,20,20,0,17829.764025,0.0,3175739.4466624,3M-10M,891.48820125,10.000000000000002,100.0,0.0
pool19ddv2pe786q8zqjzvw50u60y2aau7wl76sg3pnkc4j92wcx2kp2,364,364,363,1,17752.194839000003,0.0,119737.80749707704,<3M,48.769766041208804,1.0164835164835084,99.72527472527473,0.0
pool10mrxnxzfz5rwgnv4cza7a6fmz49qrxauzyffw490hr2jghzmtsp,124,124,123,1,17739.982803,0.0,152100.51348158877,<3M,143.06437744354838,1.990161290322579,99.19354838709677,0.0
pool1dntg2qvnf6sgr0fkjpqjfq5gckkmydqmjhctszgqx6fsv0gcufs,208,208,208,0,17704.725541,0.0,315567.9497730682,<3M,85.11887279326923,0.0,100.0,0.0
pool1s09jaeq38rlfp3wtedlc82fwgu7xkl9mv7fqgu87qnggzzrqy6g,63,63,46,17,17675.266731,0.0,630019.7833575237,<3M,280.5597893809524,0.8888888888888894,73.01587301587301,0.0
pool127ukuja6g9ty9ep3stddddcxnpns9d586snm9j9dv7ay7z8qvzp,74,74,74,0,17564.326058,0.0,318823.384541108,<3M,237.35575754054054,1.3027027027027034,100.0,0.0
pool1vng834xsp3f6er4rzarzk4w3lfak9d4u4j6lm3g86fwsgahyjwv,28,28,28,0,17417.17872,0.0,1873635.8616622493,<3M,622.0420971428572,0.5000000000000002,100.0,0.0
pool1s7eglqwzl84xgvpr4pptylcgqhkjr4xk8d6y3k22plu3sagms25,372,372,37,335,17387.826919,0.0,141949.54209110155,<3M,46.74147021236559,1.5362903225806381,9.946236559139784,0.0
pool1wccveh5l4gvns7egngqdd4qk27w0kxqc68jjrnnkgjxz6zwt7ws,298,298,298,0,17270.114597,0.0,132572.827234886,<3M,57.95340468791946,0.4999999999999967,100.0,0.0
pool16x5fslqfvgmsyra4vmpvuzq7p5fzeln240envdwfm2jps0j3rw2,322,322,322,0,17238.235550999998,0.0,207820.07292861183,<3M,53.53489301552794,0.0,100.0,0.0
pool1s3nj2yp068r9c9zp8rc7cxxaalrp9pflwz9jualr8c7vyl08kj7,152,152,152,0,16974.990465000003,0.0,344430.25354910514,<3M,111.67756884868423,0.27631578947368435,100.0,0.0
pool1t74ckqauwmn9ef5ye0h7c5wsgfd36zx24ue9wvj4vj95cl54aff,406,406,406,0,16969.108729000003,0.0,78759.03806729072,<3M,41.79583430788178,1.0073891625615659,100.0,0.0
pool1t43xjt8x0p49tr7hw3n360rvs9m5rdpflf76mj7hkfe964tsrlu,114,114,114,0,16945.267245999996,0.0,450968.8594566143,<3M,148.64269514035084,1.0000000000000007,100.0,0.0
pool1ahw4989fry5qhxemm5dy55syj8xy7sl0cvhycpcsxlmpsz9x853,94,94,94,0,16940.482593000004,0.0,272851.37804880855,<3M,180.21789992553195,0.425531914893617,100.0,0.0
pool1g6rm3p7695z7xfhp629hcsj09njun2fnsz03pjrshw8rgs7pluc,400,400,400,0,16925.612208999995,0.0,94909.98197315492,<3M,42.31403052249999,3.5423999999999984,100.0,0.0
pool1drets56sgg0l5f9cld7zkjkthpjuujm8c8zwmac7wuyf56v5c3n,35,35,33,2,16897.639159,0.0,1079167.0630245996,<3M,482.7896902571428,3.0000000000000018,94.28571428571428,0.0
pool14p4ksk3ddqtax905sys7ujakpxwvfsntjnvlu8p9d3wxycy7pv3,330,330,50,280,16750.063772,1919.025998,53776.44936411864,<3M,50.75776900606061,0.999999999999992,15.151515151515152,11.45682801045756
pool1vp5fev56urx924nyxj5qjvzcsh76e47c4lc8xruh0rdlv0n2kvt,259,259,169,90,16471.360972,0.0,820529.030659081,<3M,63.5959883088803,46.42857142857142,65.25096525096525,0.0
pool1777xvdg0vydjp78cdcfrmpuqj28w3nuasf7h9a2f6cd4z990777,171,171,171,0,16372.569581,0.0,255687.0914932045,<3M,95.74602094152047,0.7087602339181273,100.0,0.0
pool15wwz2tj30xjerxstwjezhlp8nqqu8jyvxp0h6dj4kzdq6cgv3gv,326,326,240,86,16362.070504999998,0.0,149057.95574614432,<3M,50.190400322085885,0.0,73.61963190184049,0.0
pool1akl30anedgzrf2pxnuqqeukt4p6992lnnjvk0j9rrr69vtqka7k,242,242,241,1,16263.800752000001,0.0,171421.58397883052,<3M,67.20578823140497,1.6958677685950454,99.58677685950413,0.0
pool1fzc5ma5nwhfe8vmj3gqm7w9qf8qtrmkqfktnjgk2hq6uxjdnkz8,175,175,175,0,16232.920173000004,0.0,180849.79773051984,<3M,92.7595438457143,20.57142857142857,100.0,0.0
pool1vemm9tq77upd9m6wtu7edw8wtju3ymnuq9wz43cfn35qk26ddqq,406,406,21,385,16203.778762999998,0.0,85113.51503666345,<3M,39.91078513054187,0.10049261083743849,5.172413793103448,0.0
pool1w728ekz4fs2f33qmqf7047hvwsmarjrv5l575ncnh7hkc0zdhgz,331,331,331,0,16195.842909,0.0,122143.89912541701,<3M,48.930039,0.1510574018126888,100.0,0.0
pool1qzphrndnev2rxx6ve5a6cd5jwjgx5fkg5qrqf6dj0pvfq92qgsk,91,0,0,0,16167.339071,0.0,343890.1207095605,<3M,177.66306671428572,0.0,0.0,0.0
pool1ull34uxtt3h37ysxeq6lesp9536kqqetddew882ldawu6yqmsl9,26,26,25,1,16160.392794999998,0.0,984761.2123247306,<3M,621.5535690384614,1.7592307692307703,96.15384615384616,0.0
pool1arx4x8ecnxu46xrpfj88hwm25j9gcy8080szvf62a0avke556v5,366,366,366,0,16083.206702000009,0.0,109712.01961872129,<3M,43.94318771038254,0.012295081967213115,100.0,0.0
pool16jt409gxrr8rvcdjszvwkae0p50qdvn4hztzeuk6np9judl8prq,18,18,18,0,16044.876689000002,0.0,1422369.1358110555,<3M,891.382038277778,1.0000000000000002,100.0,0.0
pool19yjap9r2pa9alwdjrcczprdm6pj2mjhfuj3027wywluz7t782fj,9,9,8,1,16019.105779999998,0.0,1816172.7457046667,<3M,1779.900642222222,1.0999999999999999,88.88888888888889,0.0
pool153lhpqpcms4a73metcjd439h8yzvht2yyjluuav9vfsv75gtf7l,331,331,331,0,16017.003451999995,0.0,105561.98018518723,<3M,48.389738525679746,0.0,100.0,0.0
pool18kqld2q9z9ajant4skyayzgllamfc2qg30jrs75ecq69unjwh9p,80,80,79,1,15991.160398,0.0,358219.67263655015,<3M,199.889504975,4.000000000000002,98.75,0.0
pool1tngckke7m227384rvehwdm9t47zmhuy6w6t9cgnetc3ujlsnwj6,312,312,66,246,15878.147275,0.0,79790.01883567602,<3M,50.89149767628205,1.9999999999999856,21.153846153846153,0.0
pool1m4mhegg989pueu560qgpfaz8yszlkpesyz3hys9ldrx8zdkdauv,78,78,78,0,15866.490162,0.0,292330.2694317819,<3M,203.41654053846153,0.0,100.0,0.0
pool1fcgm2ae0j3rmvghwa2064rfxcvugwa2qt89cc4jwtj0ecgh8na8,154,154,154,0,15821.053208000005,0.0,261278.0098021882,<3M,102.73411174025978,2.233116883116874,100.0,0.0
pool1j7ge435yx9wwwmfae6lqmapjxzrucclrhpvr6d4amldh56gncp0,136,136,136,0,15768.614155,0.0,189156.16492994118,<3M,115.94569231617646,2.0000000000000013,100.0,0.0
pool1s2qefm0h0449tdwsh7w6gw7mn9n8d3w48zunslxdazlfghtn4wh,406,406,29,377,15761.462701,0.0,147282.05048866008,<3M,38.821336701970445,1.3386330049261166,7.142857142857142,0.0
pool1d63tmq02tgtk7yd6g62p9h44w4xqdgz9y8jkmcrztfmmqga540m,406,406,406,0,15749.258581999997,0.0,67999.47317040406,<3M,38.791277295566495,0.9999999999999896,100.0,0.0
pool183j8g5lmry5jsnua6mw5jhwdacwhkrnqfpga49v0qg6wjmwndfv,31,31,31,0,15701.152773,0.0,1218956.790855936,<3M,506.48879912903226,2.000000000000001,100.0,0.0
pool1m4njkh73pdj90xxkgaz9dnh7gffweeupft8nfurlntg6cgqfmy8,52,52,51,1,15700.786997000003,0.0,1311333.0783446925,<3M,301.93821148076927,1.0000000000000004,98.07692307692307,0.0
pool1y0s5vwg2rdvfnynyhhgh08hdrd74p6rfhwxzvrxvfnrvjuddyf2,359,359,307,52,15681.610328,0.0,140923.97855502772,<3M,43.68136581615599,5.409470752089141,85.51532033426183,0.0
pool1qy23q2qe64n6awyhrz0a97lk34zzcvgpk2e4vqmhjs86swwp9gn,132,132,132,0,15653.762971999999,0.0,219757.80570317415,<3M,118.58911342424241,0.0,100.0,0.0
pool1rdhe7a6mxczczmxt82x44r2x4tvv6tm8tsr39nvl5z72v6nqgp8,23,23,23,0,15653.736319,0.0,758903.4109786524,<3M,680.5972312608695,0.5000000000000002,100.0,0.0
pool17p8a9e5ljeucdvmsl62a667y7lwwx9xzwzjulwu7df2q7854mh4,363,363,363,0,15568.560153999997,0.0,146222.64990882092,<3M,42.88859546556473,2.0840220385674812,100.0,0.0
pool1pq7u53rqdk5nvrdy60lfhjxy3ydqe5ydj75suzcdm2yngfsegsa,80,80,28,52,15545.144581,0.0,723274.6622666743,<3M,194.3143072625,2.9999999999999987,35.0,0.0
pool1pgjmfyr8uj8794w38xjyyu5sq797wef068eu3elcqaa6s75s432,142,142,142,0,15536.57327,0.0,243950.49945211926,<3M,109.41248781690142,4.000000000000003,100.0,0.0
pool18hk4akqtnktgsptxll625lksugwpc4r30nzjgz4pxtufqgw5gdd,336,336,24,312,15517.840996,0.0,78909.8564150328,<3M,46.18405058333334,3.9999999999999667,7.142857142857142,0.0
pool1vf5vcnueqkddznfzn2tmw2hgxfa5gjugsl3v540emunmyd4gvrh,216,216,216,0,15426.787934000004,0.0,131027.25748421265,<3M,71.42031450925927,0.02569444444444444,100.0,0.0
pool1zy0mg8thm4au4cqaz5gz4ah9ms6894e2vqkl9a6l2uq4vas3yam,295,295,203,92,15278.252134000002,0.0,161018.00569438373,<3M,51.790685200000006,0.0,68.8135593220339,0.0
pool1agq2knlhqpxvn2h70gepq6hare2atuwxkknryfppnfutv2av4ej,153,140,140,0,15233.658424,0.0,183439.74139190972,<3M,99.56639492810457,100.0,100.0,0.0
pool1wp7vqk4mkx0w0wxzpy8avhft4qwcg60xldwem2uh9n4pw777fhz,361,361,361,0,15139.068372000002,0.0,89257.81163376453,<3M,41.936477484764545,2.7479224376731235,100.0,0.0
pool1q8qm8a4g2v5w56qqq9q68cgfvk5usw6m59ga86lush0dw77gsvp,39,39,39,0,15075.603222000002,0.0,866694.309266359,<3M,386.5539287692308,0.32307692307692304,100.0,0.0
pool1pxhywws8s8h05c69ug3k4rl6jtpxms23eyag7eawwdvxql8spwc,350,350,243,107,15068.919961999998,0.0,104836.59920632541,<3M,43.05405703428571,0.9999999999999911,69.42857142857143,0.0
pool1kezxjgklzx3zf83y9wzsa63esajfgaz0wyjjyag44lmz22ptvks,138,138,137,1,15030.148516000001,0.0,169473.37033573922,<3M,108.91411968115943,2.9999999999999925,99.27536231884058,0.0
pool1al783um2muyhrpcj779y46z0qtnd0nteu0y5jt7252nl26dt0h0,356,356,356,0,15020.293085999998,0.0,103027.58963015169,<3M,42.191834511235946,0.4999999999999955,100.0,0.0
pool1y0dpast69pf4lzurqkh8tr39fqgkqcypxe3mlsc8my7xydtcr4m,70,70,66,4,15013.261853000002,0.0,423449.17892689974,<3M,214.47516932857147,1.8357142857142854,94.28571428571428,0.0
pool1dq5wfv7sg636rjdmmzh2qgsrz7g2xf6gupll99n4ee5mkzxmae9,16,16,16,0,14980.282642,0.0,1184142.6321896252,<3M,936.267665125,0.0,100.0,0.0
pool1tdtzmmmak0tkte2j2hr223dfnqpdy85ypd66tddwywpeuknn2pn,251,251,251,0,14913.177664000003,0.0,106547.70484581676,<3M,59.41505045418328,50.0,100.0,0.0
pool1z2chgkz58c7dssm2a37kesr4m645pd7eqp4m94c9u87rs8ek2mc,84,84,83,1,14790.940069999997,0.0,352497.73954659526,<3M,176.08261988095234,0.25,98.80952380952381,0.0
pool12rruj0mjqzaf8ryg7ny0x77y80lpdxd7zh4kgg5zyy0r2rzue0q,364,364,73,291,14790.631219,0.0,77652.36811714493,<3M,40.63360225,1.4999999999999944,20.054945054945055,0.0
pool1cyha5jsy6g06w699tw4awy2jw7gxj0azm38yzetr7zls7rkl0t0,406,406,406,0,14756.351502000001,0.0,68358.59605092899,<3M,36.34569335467981,0.9999999999999896,100.0,0.0
pool1p2xlupmtnsc640q6efjre9rk0fjlfn0srgh7f735qx0r5kznfrl,38,38,38,0,14738.735311999999,0.0,850873.227695237,<3M,387.86145557894736,98.99999999999997,100.0,0.0
pool1tjp3sxlh2v5eeh67utm9flrgan32m4ynem7qdmkrfqanjcgut2e,80,80,79,1,14686.774628000001,0.0,398900.13896295003,<3M,183.58468285,2.6250000000000013,98.75,0.0
pool1p2wmgvnvxvwyxhy7h6guzjesqwp3ku8t5kskcul69n2k7n7gyk2,142,142,123,19,14589.052734000003,0.0,224300.27416214795,<3M,102.7398079859155,0.03169014084507042,86.61971830985915,0.0
pool1sazguw4atrleu3yt9aa5m7lyqnalk7vvcht62qsduu6dvppztwa,21,21,20,1,14585.87304,0.0,1178084.774134286,<3M,694.5653828571428,2.0000000000000004,95.23809523809523,0.0
pool1fhqxu97na8j7lyfqmvx7qrpkrpakmmekgp6gm4w0476vxk8vj3j,48,48,47,1,14531.666726999998,0.0,413849.8609544372,<3M,302.74305681249996,1.4166666666666672,97.91666666666666,0.0
pool12jz7ey8jtd9ek3x2ysxaxsgfyu62ppaljrc3rzs4z6ydvx9rcs8,21,21,20,1,14484.729951999996,0.0,1532060.3138180475,<3M,689.7490453333331,2.0476190476190483,95.23809523809523,0.0
pool18vc3pleuqzejkvlkls7qqw3ps9gyygrenqpypma4yp0gjjrm3uf,12,12,6,6,14291.097859999998,6631.667572,3108564.2986418325,3M-10M,1190.9248216666665,0.9999999999999999,50.0,46.40418557738433
pool13nn6lk6dx5ww95h5qqeeazyp074j7en8e6qszq62rtj9wcx522z,63,63,62,1,14250.554341,0.0,926694.7194756032,<3M,226.19927525396824,2.857142857142859,98.4126984126984,0.0
pool16xpa8km92m0cq9unn84cezy8ygl2mr90t5qvvauswfm9yqyj524,228,228,228,0,14213.173703999999,0.0,118852.9756543859,<3M,62.33848115789473,0.7324561403508778,100.0,0.0
pool1efzvmtxl4n9z8ylegk9jhctclu44z7k0qg82mp2kp2ytqa9xgf0,406,406,38,368,14156.277997,0.0,74768.08631289887,<3M,34.8676797955665,0.9999999999999896,9.35960591133005,0.0
pool1vev89m93eu9t930fswf8ee2xjehwrrkyw7msdemjwl4ev3xaqdf,274,274,274,0,14128.444318000003,0.0,83437.49299666061,<3M,51.563665394160594,0.018248175182481754,100.0,0.0
pool1xt0z35f0ms6xt5r8swhtd2xcymqxvk42m8fk5q8fnw8hjhr6yax,406,406,404,2,14112.374836,0.0,96379.52074903261,<3M,34.759543931034486,1.0024630541871815,99.50738916256158,0.0
pool1udt98825znk9uslz4v05gh5cd3s5e4g0cd9c4gzhcfpd2j2xm2u,360,360,360,0,14084.521337,0.0,96764.81665796398,<3M,39.12367038055556,0.0,100.0,0.0
pool1xnd57s77mw76wv2xhe0uatrm82qtdugq623rxszygys428a6aqp,192,192,192,0,13997.318726000001,0.0,125374.16873729163,<3M,72.90270169791667,0.7539062500000004,100.0,0.0
pool1qlpen2kkw8yc0pjyjjcg4zlswhrahf73f99y3ae85kjy6leqk7l,360,360,34,326,13969.576108999998,4439.198996,83011.7178696525,<3M,38.80437808055555,0.0,9.444444444444445,31.777621320521064
pool1akt37u42nfegyf3atv6c3c64da7dwa9grt9kjxa8zwj9qr4y8u2,381,381,53,328,13955.051809000002,2005.1657820000003,112671.99401139701,<3M,36.62743256955381,1.9999999999999807,13.910761154855644,14.368744806141192
pool1ht35ft8az9k9u7gnc2yut7usj96he5mqngthunyf2kmnsl2kmed,79,79,79,0,13931.313859000002,0.0,614129.9354541645,<3M,176.34574505063293,2.9999999999999987,100.0,0.0
pool12pk63q22re4up2dg86tyjwthuauqu0ryq3jlxs9v29zk68cpugl,298,298,294,4,13908.224236999999,0.0,152715.74071967116,<3M,46.67189341275167,0.010067114093959731,98.65771812080537,0.0
pool1c7fwfs90r2v6z5zeyhkwhklfc3dcccfu53d7kstd3x84jurpy55,101,101,100,1,13878.191142999998,0.0,208918.97989099997,<3M,137.40783309900988,1.4999999999999976,99.00990099009901,0.0
pool1kjcnrqhv5dqds32qy8qsc8ffswy20kwvf04f73td3nuezvgl9nn,239,239,238,1,13829.570149000001,0.0,191187.90493057328,<3M,57.864310246861926,3.1506276150627683,99.581589958159,0.0
pool1ahl705cca5twdfmml0ksux606t8vmuemu9vsnf3g94mm7lhnhtv,32,32,30,2,13817.896986000002,0.0,1298546.472165657,<3M,431.80928081250005,0.0625,93.75,0.0
pool1zsjkw3y0kyhce6esgat3r3vec9z9rwud79lpv00u84646pu7rvf,320,165,165,0,13733.015040000002,0.0,90719.95142242564,<3M,42.91567200000001,0.040624999999999994,100.0,0.0
pool1nu6c26gql6yhnpagsp6nt0phc36vfjr5q9x0eerm5534gy4jqul,261,261,260,1,13719.999557,0.0,90090.29547115708,<3M,52.567048111111106,0.0,99.61685823754789,0.0
pool16qnvy60w5gwkr87qypaw2jrgndtr0cmwauv60m2p5lxzq5akftk,31,31,30,1,13656.998867,0.0,996679.626380064,<3M,440.5483505483871,2.000000000000001,96.7741935483871,0.0
pool1vc9l2achca6q5pfz0e8557tshs3qgq40cunaauq9n470zguppmd,69,69,69,0,13602.687224,0.0,310207.1859056234,<3M,197.14039455072464,17.92753623188406,100.0,0.0
pool1a205rushcdw9qrtduady7l62cv2n4twvfuhfzx2ywrjlvsuuur5,18,18,17,1,13455.646637000002,0.0,1539437.6965145003,<3M,747.5359242777779,0.0,94.44444444444444,0.0
pool130m0kxlxegqlh38t85gr72ef3klkcguzfmcetmsrnwe0gyjtuvs,9,9,9,0,13406.775555999999,0.0,2186308.37145,<3M,1489.6417284444442,0.2222222222222222,100.0,0.0
pool1tqywsutw3wtgcvzrljdacgwmv5kfzm8f0ladml5frkckccd72gg,360,349,348,1,13341.638936,0.0,160901.91460056728,<3M,37.060108155555554,3.1399999999999797,99.7134670487106,0.0
pool1v3rzrj25ak30dhuyrupkxeddttetxzh4cz9ccpjlfxuh6d85d58,362,362,362,0,13270.416278999997,0.0,84888.86273564924,<3M,36.65860850552485,0.03591160220994475,100.0,0.0
pool1kdfrzk74f4salnv0679z4f8nurxgau6zh9y4gedskzevuxdt8xe,169,169,166,3,13241.114304,0.0,89685.43831109467,<3M,78.34978878106509,1.0964497041420116,98.22485207100591,0.0
pool15d6xp2dhv8n8kx8syc4drruqyclkkmg58se6npeevhkdxprjq5q,41,41,40,1,13157.402580999998,0.0,628969.4527972441,<3M,320.9122580731707,1.0731707317073174,97.5609756097561,0.0
pool1dnszy9spu7m4u9s8jqh95myuqapujwcju593eqczgl56khllyuc,242,232,231,1,13135.928075,0.0,200912.89568257486,<3M,54.28069452479339,2.60330578512397,99.56896551724138,0.0
pool1nw42xqnaplxsx3fq4ytl4x4qqvhs7g5uymnm906pfvx5636fglw,231,231,231,0,13128.275506,0.0,235796.3445222641,<3M,56.8323614978355,0.0,100.0,0.0
pool10ldeq0mccp8t4gfmvfkwmfcvh2pvz44hj2hmewfpk9udjxug58y,132,132,132,0,13086.876694,0.0,233547.70836290155,<3M,99.14300525757577,0.5833333333333337,100.0,0.0
pool19n2rjlddd0afs02cgd86mehptwaajv5kndtfcuqzdmgzq06lq0n,336,336,335,1,13020.553929,0.0,59696.0765598044,<3M,38.75164859821429,5.000000000000031,99.70238095238095,0.0
pool1rhx7apg8ud5kfkdmcwc9eg7jzrt25mhyfe6j053rsdwt60tc579,40,40,40,0,12774.122834,0.0,402344.72448827454,<3M,319.35307085,2.000000000000001,100.0,0.0
pool12a4mx8ztxg7dwatm6lmfm36q7eyygkt3y3h29tklvcp6vyxp0nt,362,362,216,146,12765.562931,0.0,82530.94772653336,<3M,35.26398599723757,2.9999999999999893,59.66850828729282,0.0
pool1qwdffu8pzp59wyvwgjpf0k6dd5el4hkjvx8hgsewx8gl505cmr9,192,191,189,2,12620.503672,0.0,139988.42682731757,<3M,65.73178995833334,0.02864583333333335,98.95287958115183,0.0
pool1z5pp0s089t439jgz8703klvsex2nrfq40vuqqga66hvfqw6ucxr,83,83,52,31,12603.191383,5788.18713,314510.0185463012,<3M,151.84567931325302,0.8674698795180729,62.65060240963856,45.926360666136375
pool125dv3t0m9rgag9lcfr8xv059vfll059kyarv0ce8kyldsamx47m,155,155,154,1,12601.732897,0.0,186429.80549574862,<3M,81.30150256129032,0.1935483870967743,99.35483870967742,0.0
pool1v4ny7uguujzuthgpf23qwrgwaf2r6xx4cf5eu90ngrey60rf2hu,23,23,23,0,12553.105533000002,0.0,954336.6400338262,<3M,545.7871970869566,1.0434782608695656,100.0,0.0
pool1eu8knr403p82ythegskwmf8w6v8l2w858d8jz7qvvqzj7ryech4,329,329,328,1,12539.670126999998,0.0,81682.04459410056,<3M,38.11449886626139,0.0,99.69604863221885,0.0
pool1dkvtrl00gss4qq776uflw02mfnrzt46x4gjyyh5dxpe6xdfypdg,29,29,25,4,12538.148832,0.0,1354657.3817067936,<3M,432.34995972413793,50.0,86.20689655172413,0.0
pool1qgsylc6kjv29zva4w783fuyf9xxhj78ktgjlxjvppest5ya9pek,393,393,393,0,12464.849361,0.0,74527.09522665631,<3M,31.717173946564888,0.07786259541984736,100.0,0.0
pool1jq3s8emkm332n7vd3n57amjzspvt3hygh4wqsyp33psugvw7zc0,401,401,394,7,12437.813008000001,0.0,59745.729990529966,<3M,31.016990044887784,1.0972568578553494,98.25436408977556,0.0
pool1ngv77edpdwjcxetg9rez7hvhjnvxcryd8kqyje95lx5gukj73r8,225,225,225,0,12433.053796,0.0,108343.8419691911,<3M,55.25801687111111,0.0,100.0,0.0
pool19u64770wqp6s95gkajc8udheske5e6ljmpq33awxk326zjaza0q,17,17,16,1,12408.274502,0.0,2087189.2333853529,<3M,729.898500117647,1.2000000000000002,94.11764705882352,0.0
pool1z033qtxzsn7c9az4fzz8z0ewnynzcuq2dy54v6tfyqz5vfjkmv0,406,406,405,1,12282.910963999999,0.0,47833.992416670604,<3M,30.253475280788173,1.9999999999999791,99.75369458128078,0.0
pool1r9zrp0hpy3dj6lse5vl9yc672v5w7fzrrp62pjcersqe2djm409,217,208,207,1,12233.726969000001,0.0,109721.95045454374,<3M,56.37662197695853,1.6488479262672842,99.51923076923077,0.0
pool12h63026uqx73v83zjtw8f07tnq2pmg6jredmqlyjd99tjdlal4w,96,96,93,3,12036.728282,0.0,134597.29190734372,<3M,125.38258627083333,1.1191666666666678,96.875,0.0
pool1duc76uxej6d97gjgdwxqy8lan2k9dxa5x5dqgrjwncfyj5p24ar,304,286,286,0,12001.973199000002,0.0,114434.91466974672,<3M,39.48017499671053,0.0,100.0,0.0
pool1hc8y5s28zah72qsnnky93zxqcqcrvav7hz2l3sdj5gk5znztcty,149,149,148,1,11992.351332999999,0.0,267539.73486015433,<3M,80.48557941610737,2.147651006711397,99.32885906040269,0.0
pool1nt6t7kjdsyqxh7uwsg0xgwqqddz3rtgedh9atevzp56ksafz5x3,131,131,130,1,11991.225914999999,0.0,203586.88602145793,<3M,91.53607568702289,2.0000000000000013,99.23664122137404,0.0
pool1x0necz9ktlnah9505f3fkdncrlepz0q2gyfp4r7pjxnq53qw5kx,349,349,349,0,11965.974886,0.0,95465.905133702,<3M,34.28646099140401,0.9999999999999913,100.0,0.0
pool1n8r5ecd9vuxxquu8zhrn3ltprn7uk2k90nyvnavegkcqkl94x30,50,50,50,0,11833.541594,0.0,362572.1612482999,<3M,236.67083188,1.0000000000000004,100.0,0.0
pool14dkx3jrw65ksxf82njymcnf920pj64end28gmhwdjjkdcstfwqx,34,34,32,2,11803.573929999999,0.0,798825.1425601763,<3M,347.16393911764703,1.4705882352941186,94.11764705882352,0.0
pool1p8fmeaurywtxsjpartcqavjdzex6uel0dggss8k9e3ggs8zr8js,37,37,37,0,11788.248722999999,0.0,628875.3613509189,<3M,318.6013168378378,0.608108108108108,100.0,0.0
pool1p2aax6cfztk6cc02cfhg0pa7432em8a59wdyjatxcd997n7knjs,249,249,249,0,11782.489513,0.0,166769.8598502373,<3M,47.319234991967875,93.21686746987979,100.0,0.0
pool1wvyh37mrm2rcx75gvp22cdrsy5w300aj8lglnzyxzf2hjuph0mt,104,104,104,0,11766.543595,0.0,152221.57605956728,<3M,113.13984225961538,0.1586538461538462,100.0,0.0
pool1vx5z22mlkx30mcda48rt6zf8n9tsraueulavsgnuvx45ug2etga,170,170,170,0,11686.639659999999,0.0,105461.57236321192,<3M,68.74493917647058,1.249999999999998,100.0,0.0
pool129h7fcs8yjks48u2e69ehe72w7zp0f08rn6squtazateyfu8ms8,77,77,36,41,11640.217101999999,734.875981,173058.06977287028,<3M,151.17165067532466,2.336103896103898,46.75324675324675,6.313249783577792
pool1fjr37r8npjd4gfq8v3rujnly7l763nj8shz5tywjysxpjmhm8c9,21,21,20,1,11569.326973,0.0,1215533.3716651907,<3M,550.920332047619,0.09523809523809523,95.23809523809523,0.0
pool13vc4ekwpky5vtnl8pyj60phkmwtv7gsthn4g525udt7mjycs85v,320,320,317,3,11544.737119,0.0,50689.631312709214,<3M,36.077303496875,1.9687499999999853,99.0625,0.0
pool15ctl5uhe2za7edk0jqqukpl2s2uw96h7sjp8yte2x0ykq8eh2je,18,18,18,0,11478.305664,0.0,1060737.2289154443,<3M,637.683648,2.0000000000000004,100.0,0.0
pool14y230zspjkhezehue4p2d9q87xh3p8a0vnpugzdty7gwcruepps,184,184,184,0,11455.404406999998,0.0,93359.55339040757,<3M,62.25763264673912,0.0,100.0,0.0
pool1glw78uuh552fkhu9v236qla6q4xef7qtx3z9h6e2mahhj5c392j,67,49,48,1,11453.141906,0.0,319226.36871552235,<3M,170.9424165074627,2.776119402985077,97.95918367346938,0.0
pool1m7hcz7w6d2lk8ma8gm7x9hv5jfdq8u9384m6q462pjntsgfr982,38,38,37,1,11424.027635,0.0,522466.4386405525,<3M,300.63230618421056,3.0000000000000018,97.36842105263158,0.0
pool1656z5w4rg98fkuczztxsvksqj3pl8lzvmhrce4v8n07hqt0gayg,38,38,35,3,11418.999275,0.0,667499.9040113158,<3M,300.4999809210526,3.1052631578947376,92.10526315789474,0.0
pool1mltwh4elef39dkuuz058lgfuvx79c5wcnz3szau3arhsyq22ace,405,199,37,162,11351.803768000002,0.0,122489.9118942301,<3M,28.029145106172844,2.9999999999999836,18.592964824120603,0.0
pool1sqpksswmxpgk6yxllyq9ad4qhtnt5qyz2pv5xmz6kkt5ujrgqwf,236,236,236,0,11351.269857,0.0,169916.65661258477,<3M,48.098601088983045,27.456694915254413,100.0,0.0
pool17499z7lt392dd3pf3vn30e69cver0gqqaja5rdnyerpv6zdzgkd,99,99,97,2,11347.809241,0.0,164885.38960917157,<3M,114.62433576767678,3.5943434343434375,97.97979797979798,0.0
pool1sk64cyef3v2m000eshsdz6ydu3j7rczuyv93dl76euyev7pslxg,334,334,334,0,11284.933686000002,0.0,73436.36775964644,<3M,33.787226604790426,1.3637724550898032,100.0,0.0
pool1fzw8nfwq608cg2y690re25zg082taztprmkcv3s8dw7zwhlqmdk,261,261,259,2,11283.378204000002,0.0,79393.90250934064,<3M,43.23133411494254,3.9999999999999822,99.23371647509579,0.0
pool18s5dpzl2hqwps5h0g7r5jh6uznxnrzqv7r83pr9krpdayu2vq9v,68,68,68,0,11206.275022,0.0,457168.9182483678,<3M,164.7981620882353,0.044117647058823525,100.0,0.0
pool1wggqaqs4pw2l4vml0k0p2kmvpq7pme3fl6smwc8cjjhvvuun9ww,362,362,359,3,11134.249300000001,0.0,70883.99500735095,<3M,30.75759475138122,0.8591160220994414,99.17127071823204,0.0
pool1jug4sp78wkx4fd90vh2ljaq5xqvv6kksjg4ckz7c68ga6fllyvu,130,130,129,1,11062.123643,0.0,162463.3221471772,<3M,85.0932587923077,1.2923076923076933,99.23076923076923,0.0
pool1f0j2g4xk8mu64da5fgc5gzslshh28mnjf0gnegrmnle92l3zpx2,30,30,29,1,11022.63202,0.0,816245.5986450663,<3M,367.4210673333333,1.3333333333333335,96.66666666666667,0.0
pool1u53apdhreh9fjmxtrctx3kezhjduc4m2f7cfd09yd7p6jkc6k2z,299,299,299,0,10999.866797,0.0,200516.8538527325,<3M,36.7888521638796,1.2809364548494855,100.0,0.0
pool1mukzsec605hfk2tsx4r4xd2rjfjytua8puge5pa0g82rgqm0kt9,224,224,224,0,10993.50068,0.0,130473.82256218759,<3M,49.07812803571428,0.026785714285714288,100.0,0.0
pool1e984zjl55jxym2v57f4axfss0geg0qundlhcmmwlj8ekqrk5e62,49,49,48,1,10981.104638,0.0,865637.1317968164,<3M,224.1041762857143,27.09183673469388,97.95918367346938,0.0
pool1venk342j5dqg2a9ue6nnv854rht25734jqaxanngqtrjk6m89um,274,274,264,10,10979.609557000003,0.0,149877.87677083226,<3M,40.07156772627739,0.6350364963503654,96.35036496350365,0.0
pool13ew2l5glvzj6l8r0qkjqchxjyg7tzmv604zh4y68kvhf5x5skgu,271,271,271,0,10966.891301000001,0.0,123818.48335281182,<3M,40.468233583025835,5.000000000000021,100.0,0.0
pool1qn77pnnf6cf22qjjfd2kadudmdc77rw0uxked3m2arnn2ea2f9v,119,119,119,0,10840.118065999999,0.0,209720.19010687395,<3M,91.09342912605041,1.0672268907563032,100.0,0.0
pool1pk6q8vjxu0404jzq0dpt7fceyz9yu57lmx5csne8tmce5nx523m,406,404,95,309,10794.234683,0.0,32278.720857445805,<3M,26.586784933497537,1.8263546798029389,23.51485148514851,0.0
pool1mux3kuy5tvxy6etqaejgxl99fcp9a2a7wy8z2mmgxcnnuu52ju8,55,55,54,1,10764.413865000002,0.0,312016.4553285455,<3M,195.71661572727277,1.1090909090909098,98.18181818181819,0.0
pool12mug8xkllalh7ck7srgu9975avv3vuufqr534acr3020kzcn8gy,100,100,100,0,10763.876147000003,0.0,293909.773319211,<3M,107.63876147000002,20.619999999999965,100.0,0.0
pool1p9xatmrk0zdwckytc29zlnat4hhnr3ksw8sksnss4azmk85v0mj,128,128,127,1,10753.992982999998,0.0,95728.12509743743,<3M,84.01557017968749,5.507812499999987,99.21875,0.0
pool14ujg8l2x6fm5jm07jd6jftktt35dzsnefl2jmx9d8vr4cxxkt5d,363,363,363,0,10734.284277,0.0,101660.24371324778,<3M,29.571031066115705,2.0991735537189875,100.0,0.0
pool197rexraxmzk5mv36h2yfy8p4lwxzlqyenjk50r0q8dchz4gp26j,374,236,65,171,10728.255932999999,0.0,104708.1551776307,<3M,28.685176291443845,2.2999999999999856,27.54237288135593,0.0
pool1xznpgmkfkf4f5wzks85z778v2s94vhmjxc60m8tphvypj6jp2w2,39,39,39,0,10638.290056000002,0.0,555807.7672886153,<3M,272.77666810256414,99.9,100.0,0.0
pool1hqemm6x7d4w89yjswycn3tckze7a7mcw9g458pmuggy7jm26m38,19,19,18,1,10621.064392,0.0,1382300.2821631052,<3M,559.0033890526316,0.0,94.73684210526315,0.0
pool1gu0jszyrg82ah4qhusx7lm90gsx5n9czsa48ast8tfegg5ztzuc,67,67,67,0,10549.470018,0.0,198877.30053731333,<3M,157.4547763880597,0.0,100.0,0.0
pool162343gl83jtrskacz2cex7szf4yd5t77f5nd0e65fg78ztppuj9,159,159,159,0,10534.511877999998,0.0,324674.022002107,<3M,66.25479168553457,42.45283018867924,100.0,0.0
pool1lgf0ep9wenr6cfe8673n2qq9s2n74xpu6la8xvce6tz0kzp7wpu,100,100,100,0,10523.02778,0.0,337965.98498032993,<3M,105.23027780000001,2.5700000000000016,100.0,0.0
pool1ll03hrl9daqeatu47gxl3laguuk8n854w8heecwf4xtlxhg4vxp,79,79,78,1,10479.154379,0.0,155898.07155516435,<3M,132.64752378481012,1.0000000000000004,98.73417721518987,0.0
pool1cxd9pkptpkd6supm4dh0tlu9jfx63l4xjnn2fkvxk50y2j67665,192,192,192,0,10463.393383000002,0.0,70699.33834889067,<3M,54.49684053645834,2.5095312499999975,100.0,0.0
pool19ufezgx63kzn7z57g3qsuekzjhjgjk4d40v5ny3jzwnpc98326f,139,139,138,1,10330.564392,0.0,107111.6720915828,<3M,74.32060713669065,1.0000000000000007,99.28057553956835,0.0
pool14ga7m2hv6y89u4jv9yf8mf28tjs078j43l5h4zgpxqp7q6ey4d6,19,19,16,3,10296.824581,0.0,564718.6146022105,<3M,541.9381358421053,2.0000000000000004,84.21052631578947,0.0
pool1659knc82juzdqycvvwz0uzjsj5scxwewguhuzae93ed36xanxmz,35,35,35,0,10273.512433999998,0.0,875776.3832016571,<3M,293.5289266857142,0.0,100.0,0.0
pool1fwh9zp2hw7ppkna86n7m7ycgz66dnkdhhyqqahhv362agxj2u7g,310,310,310,0,10251.280037999999,0.0,70125.94544894191,<3M,33.068645283870964,7.073903225806465,100.0,0.0
pool1k8mxlherc4vmfk9pmxs0rk27qmu3sqy0gsdck4gwduz57xsepak,366,366,366,0,10245.442599999998,0.0,64846.01924862281,<3M,27.993012568306007,0.9672131147540899,100.0,0.0
pool1favrzvccjq5ctetwurtrcxe734c7zlh60f4d62av6art527tssd,24,24,19,5,10232.490709,0.0,817244.7386114999,<3M,426.35377954166665,0.0,79.16666666666666,0.0
pool1e0v3puyl9385sp8wa5gqq0dxmj97f9cf2r4weyah6ahuvxenhhy,68,68,68,0,10187.066369999999,0.0,121860.62448335293,<3M,149.8097995588235,1.899999999999999,100.0,0.0
pool1tay8z4sq4a4gmyhnygyt0t5j84z8epwjra06wq28jnnmschkkuu,355,355,355,0,10170.618273,0.0,92187.87462506208,<3M,28.64962893802817,0.6873239436619696,100.0,0.0
pool16uja2pt05ddq9mzcsw9xkv40qdl7sm00nvpj0h4arn0fgl2xrae,371,371,370,1,10164.218822,0.0,53652.926828924865,<3M,27.396816231805932,1.999999999999981,99.73045822102425,0.0
pool1qqq0s3u5qechnum75rvqhv3pd0k2j0glhpsp7snmcd5svcycemg,15,15,14,1,10153.881229999999,0.0,844155.8392457999,<3M,676.9254153333333,2.5000000000000004,93.33333333333333,0.0
pool1ekyuhd48h9nnymqpx0c00taz6ygnsge4502r7e67clp7zy9cegv,207,207,207,0,10137.918689999999,0.0,131167.14173965203,<3M,48.97545260869565,3.139999999999991,100.0,0.0
pool1ec5lvdyd9dghpezzeqfzn48yvw34ff6u6m9tlh08kjjaxx4nxmk,406,406,406,0,10025.204341,0.0,65358.89068504665,<3M,24.69262152955665,0.9999999999999896,100.0,0.0
pool1jzzacpnd5zu5ys29v4qjntf50vvdhn69wt2rpdquweclzayyrkt,85,85,84,1,10003.182815000004,0.0,409870.5657281532,<3M,117.68450370588239,0.0,98.82352941176471,0.0
pool1glll6eskvg5f4jcep5trqcgqa8zpekfv8d8a6jrprvcwum6u5jn,338,338,338,0,9909.568176,0.0,110119.56800013634,<3M,29.31824904142012,0.7618343195266257,100.0,0.0
pool1w7glhdtfl5slt54x7ss2hyd9lp2qyp7qxstgy72quzelqg93s24,280,280,274,6,9832.062475,0.0,76768.49398410053,<3M,35.11450883928572,3.009285714285705,97.85714285714285,0.0
pool14n6nrj7rdrcxhwlzx5kytt60pqwnzjm97nuczrpa0ucwzyx2ule,170,170,170,0,9722.853878000002,0.0,198559.80792087645,<3M,57.193258105882364,6.470588235294119,100.0,0.0
pool1y6gjnv4qqzwt8ctsf45f36a8vqn7wrlcvnmcft9drfjrgs2shaq,118,118,118,0,9700.344312,0.0,123569.157036805,<3M,82.20630772881356,0.25423728813559326,100.0,0.0
pool15krrlqfd3uc8nea2tw8z3wl2v0fny4enhu3q892988zv7dhv0vk,334,334,334,0,9620.318371,0.0,65081.91506497872,<3M,28.803348416167662,1.499999999999997,100.0,0.0
pool1hfzfx33ffjcma9xautgrg4ka0u32s062mmu8gw6fmf2zxftmp66,155,155,155,0,9584.802947000002,0.0,176468.57082643217,<3M,61.837438367741946,1.0000000000000007,100.0,0.0
pool1hxdcr4u22lytge79hr5hds39e90jsdmhafphdgnn4hlqvl4qlt7,343,343,342,1,9581.726111000004,0.0,76314.88572107875,<3M,27.935061548104965,0.9999999999999916,99.70845481049562,0.0
pool1zd9s448hzzdsk3g56en2sw99u9pfreewmx0lyayg0ywa2l6kvry,61,60,60,0,9579.998652,0.0,383962.37982782006,<3M,157.0491582295082,4.901639344262291,100.0,0.0
pool1d8jgzke2at7k8yfdvxmqkk4hgenx32e7snfe8fvn9l5rzquj32k,11,11,11,0,9533.896514999999,0.0,2273547.6256533638,<3M,866.7178649999998,0.0,100.0,0.0
pool12cc8t9yr58xureweksj73v87xkm6svcs8j3xnt93zd5zw5q6ugr,404,404,18,386,9510.803591,0.0,76723.63786500742,<3M,23.541593047029703,0.0,4.455445544554455,0.0
pool1h23uhgtjnsmn22jxjfynlsfw77804gfxt6a2garlndxn7x7mf72,31,31,31,0,9485.784048,0.0,752884.1398371935,<3M,305.9930338064516,83.03225806451609,100.0,0.0
pool1fl8w3gmdy2cz2j578wusvhh28qx34hp44lm2tctmp0p8ycvdcvv,11,11,10,1,9468.708804000002,0.0,1061791.6523153635,<3M,860.7917094545456,0.6,90.9090909090909,0.0
pool1mugxe86p0p6fzeesthdzkuk3h9xtndf4my9cznmxtmpvujzlw4f,406,0,0,0,9457.616606,0.0,24645.333565795394,<3M,23.294622182266007,1.2266009852216597,0.0,0.0
pool1sc8rursvfqdk7yruzxaclhkuq05wse2g6dweq3wmv3mncdpfyjn,69,69,69,0,9395.939872,0.0,277357.9786054927,<3M,136.17304162318842,17.92753623188406,100.0,0.0
pool1kzf7zw2y05e7lyd7ht0nluh39fzmurm2wuvshvut6l6twu0el44,404,404,404,0,9383.557866,0.0,32453.16632842342,<3M,23.226628381188117,0.9999999999999896,100.0,0.0
pool16m8xz3av9e3lwnxgu0jfnuwckgayev63zpzcu56hsxx7vy4eqzn,352,228,228,0,9377.852075,0.0,66050.75342601216,<3M,26.641625213068185,0.9999999999999911,100.0,0.0
pool1ndsp54c35racjsxnxxgj3dflf39r7klppmpm7zsjv9z85m78hm9,66,66,66,0,9362.219297,0.0,223012.13963040913,<3M,141.85180753030303,1.2727272727272734,100.0,0.0
pool17p4ue73dvnjcnz25996uzpg50cy89l829ltjceee5mc3s2p502n,129,129,129,0,9343.121969,0.0,238617.69135861224,<3M,72.42730208527132,0.8914728682170546,100.0,0.0
pool1ddffa8wqpv7hg5ffda2m2w9t75r5ls7ust80m6k9wht57s7hrku,47,47,47,0,9328.168114999999,0.0,733414.6225754679,<3M,198.47166202127656,0.5000000000000002,100.0,0.0
pool1d0m6dxdvqcltvyvjjha2v5hyq4rxf4xzs7j95v00hpxvzuu7wqp,301,301,301,0,9301.955451,0.0,51270.61998333223,<3M,30.903506481727575,0.0,100.0,0.0
pool1xh0kehvrn64azddplff6gfycc86cjcrjs6zlznfcdk3f6wj86ed,20,20,20,0,9295.413311,0.0,670576.2083268497,<3M,464.77066555,0.49,100.0,0.0
pool1qsr0tnjs7vnwyr5vfzu0mg3ft3z3uwdar6fwqasmhpdpy0ct3mt,9,9,9,0,9220.696504000001,0.0,1111078.5475801108,<3M,1024.5218337777778,99.1111111111111,100.0,0.0
pool1jzext4easy3qp2zzly9aqx7fl9p6wyasmjfkywxxsmq2jcx2pwt,137,137,137,0,9213.332804,0.0,176760.77811473724,<3M,67.25060440875912,1.0000000000000007,100.0,0.0
pool1qcw5gq4zsxupu33q4g7d4hqw87tmlzclqut3c9wexczpwfmqfal,86,86,86,0,9140.218988999999,0.0,208168.37168968612,<3M,106.28161615116278,0.6491860465116285,100.0,0.0
pool1f6ltd3rd3e69klr32r0xw7h59lc76lhc9l705d380lj76d926du,311,311,311,0,9117.786237000002,0.0,78223.63556758202,<3M,29.317640633440522,0.9999999999999928,100.0,0.0
pool1cvgz7kkxkpgcu903hggjtsg97myhfmze9e547cwzsc55j2ch2wz,196,196,196,0,9072.929031999998,0.0,81817.09167572441,<3M,46.29045424489795,0.18877551020408176,100.0,0.0
pool1p7x98437an7p6c7jf9zdkd0ekmw077q4a3c3r3lazxr0ccgf5vp,369,308,41,267,9071.059399000002,0.0,38324.39160137201,<3M,24.582816799457998,0.20325203252032523,13.311688311688311,0.0
pool17am8pt0vu7zp8du7edlnz7x9sq4pln22rsn802gkr062vtp6fdp,83,83,44,39,9030.596915,2994.481281,330226.0174515182,<3M,108.80237246987951,0.0,53.01204819277109,33.15928403388382
pool1uhvc06cphtxc0c9f2jjvjd065ws45aaxqtw53ldkzk7avzwtrpc,56,56,55,1,9001.81459,0.0,340217.42472323216,<3M,160.74668910714286,1.071428571428572,98.21428571428571,0.0
pool12qrgswlflndwp3met59zmuclqp4wryn4e9428gm7n8vwymnhvng,336,336,336,0,8971.917094999999,0.0,169008.18624122324,<3M,26.70213421130952,4.3868749999999785,100.0,0.0
pool103gv6hc8ux9tvu7597f4806fayzeyvrn2pp338ndztgl6jg29mf,31,31,31,0,8935.071602,0.0,428985.1760800322,<3M,288.2281161935484,2.3225806451612914,100.0,0.0
pool182eyxl2a92uw7yg3zfep2cgzul3h0hh7afu760xpus2tg2j4m3c,126,126,126,0,8883.1016,0.0,232230.6935290556,<3M,70.50080634920634,5.277777777777758,100.0,0.0
pool18zle0sy2ex0z3nccd60tz030reg4hn6020fesjt7lcfzz5mmay6,19,19,19,0,8859.132177000001,0.0,1081355.8874836843,<3M,466.2701145789474,100.0,100.0,0.0
pool19mn930ryxlnhujfdygtpj83gm5rkmzx87rqvf9ysjtlrgxxepj2,11,10,10,0,8753.595194000001,0.0,880596.4784574545,<3M,795.7813812727273,0.0,100.0,0.0
pool1pmyave37l324x5phh0s7tdy30kx9mdzmqnj829teccun2je37xw,344,344,32,312,8711.026867999999,0.0,61535.181280345896,<3M,25.32275252325581,0.9999999999999916,9.30232558139535,0.0
pool1axdf4rwjfsd5agnl2na2t73emm2sae078nxeyf3mf4c6vhh0dwm,274,186,185,1,8706.031281,0.0,73077.12789903044,<3M,31.7738367919708,1.9999999999999893,99.46236559139786,0.0
pool1qfaq3ay66hkwpr36z46lh8xcartu7wmczkq85g935u2lzxsq47c,23,23,21,2,8691.227384,0.0,140178.64308056512,<3M,377.8794514782609,13.608695652173914,91.30434782608695,0.0
pool1z4f2vmmwckcm6c4fmhn3vmymhsg8gjukx5905g54hlhqs9kaht9,52,52,51,1,8630.77927,0.0,653988.0389276923,<3M,165.97652442307694,1.500000000000001,98.07692307692307,0.0
pool1u7z7caa40unulzn869vs80dlca4ec4xg9hgccf6wsjs7sw8uq48,20,20,20,0,8629.627258,0.0,733157.5449078002,<3M,431.4813629,4.000000000000001,100.0,0.0
pool1efvema2ps2tzhvkpgg9d9j7uzr3a7lzv9tavrr5ppecr28gr4kd,86,83,83,0,8623.395815,0.0,154715.36453331396,<3M,100.27204436046512,0.4767441860465118,100.0,0.0
pool15g3cwwmd3qks03ztl5464j044jasn3dcs6zcgpxtxadfj86lvf2,238,238,238,0,8608.252751999999,0.0,116590.70278099163,<3M,36.16912921008403,0.4369747899159667,100.0,0.0
pool1gk2kmn8vx7z73rmmfg47pxm03cj6m5v06qqjtgeum95nz5hn8tl,200,200,199,1,8600.251490999999,0.0,241749.0388747701,<3M,43.001257454999994,0.26999999999999996,99.5,0.0
pool14xr4q0726234u4dl9k46amv4g24ahmj2ju642fzp39pevk3wx6r,52,52,52,0,8555.316873,0.0,187854.97797859614,<3M,164.52532448076923,2.3461538461538476,100.0,0.0
pool1ztjyjfsh432eqetadf82uwuxklh28xc85zcphpwq6mmezavzad2,31,31,30,1,8485.539226,0.0,287296.4109012257,<3M,273.72707180645165,2.8709677419354858,96.7741935483871,0.0
pool13zkcgp7se22046p9gczt98au93dw85q2g7m3zany4kzf66y46x0,335,335,32,303,8444.829554,1265.408601,39076.41020029836,<3M,25.208446429850746,1.9432835820895376,9.55223880597015,14.984418488359227
pool14z5zuqy98d956cktyjuztaj7u4a4wje88c8ewznqdh6uxwlpnj4,405,55,55,0,8414.114426999999,0.0,31345.038756190475,<3M,20.775591177777773,2.688888888888879,100.0,0.0
pool1qm06f4n2hwgeqzm9lsc3rdyqcsvtt2d7z76carwxjv0e274mu24,73,73,73,0,8385.546255,0.0,397812.49470569857,<3M,114.87049664383561,0.9000000000000005,100.0,0.0
pool14rpgdxcawg7zjqv0xl793nhmle76n6r5kqe3j2mvvkdg5llxzg3,86,86,86,0,8327.108186,0.0,186832.02189290704,<3M,96.82683937209302,0.004651162790697675,100.0,0.0
pool17efkfughtdy0hrnvetwplpg6jj8d97w3v2stdzkr4fy7vyrcrvd,43,43,41,2,8325.666925000001,0.0,276376.10041658155,<3M,193.62016104651167,2.5000000000000004,95.34883720930233,0.0
pool1qfdzhvd4kttdew9klp89jtuts46dnecxdj36lwax9j2eyag0v6t,259,259,256,3,8314.085052,0.0,92964.34279199631,<3M,32.10071448648649,0.0,98.84169884169884,0.0
pool1zy4arks3chpruyt32p0mhwqu3qpdgyx7nejrw06nqu3uzfuv3aw,219,219,205,14,8301.251687,0.0,62757.95749572603,<3M,37.90525884474886,3.089041095890416,93.60730593607306,0.0
pool1tzfqal2n80z9zejfxlgrc9qhdvrf8gvqqvnfx0e6h0rws4gqyxj,248,195,40,155,8290.92949,1218.0358419999998,111395.59883073397,<3M,33.4311672983871,1.7419354838709662,20.51282051282051,14.691185632070786
pool1xfds46yce4s70xyh85xhe3y9prhtgxyajt34dlhpw4akq345ad5,23,23,22,1,8290.290455,0.0,726340.3861650001,<3M,360.44741108695655,2.2608695652173916,95.65217391304348,0.0
pool1vf2kjdjr6twtsp9m38hl65xcaf6rhwhq0ttz5w63wnlj2a4mq2j,91,91,91,0,8281.665025,0.0,147211.20337571428,<3M,91.00730796703297,1.2087912087912094,100.0,0.0
pool1vjjrjt5ez7d7yh385vdxl83mxyg36as785cp5l50d6wsjqdavax,318,318,316,2,8243.776252,0.0,85308.2569853553,<3M,25.9238246918239,0.0817610062893082,99.37106918238993,0.0
pool1r7tn56lj5j7te7zyj3wvqn0wyw8tr3g96chw6lwnqxjmgggrfd8,367,367,170,197,8230.836146,0.0,83239.34980122834,<3M,22.427346446866483,2.3999999999999937,46.321525885558586,0.0
pool1qel9h28zarup4g5dx95smeggfruq26k47lc8e6wmdzaaywyj63r,406,406,406,0,8229.024792999999,0.0,44196.92954002974,<3M,20.2685339729064,0.9999999999999896,100.0,0.0
pool10v7h74a4tvwjdyxrpvxgy0p2as7256jyzmhfgtqv9mwxzwgtwdm,217,217,217,0,8142.3533720000005,0.0,99232.64667695395,<3M,37.52236576958526,2.0875576036866206,100.0,0.0
pool1pg2fxvdpl9d8kdsfln3lvmwwk0apwvw6ykc5fyuc9jamgk6yvmt,361,361,286,75,8125.494231,0.0,76262.63464500186,<3M,22.50829426869806,3.999999999999963,79.22437673130193,0.0
pool1wntxmftndrsj7y4aqles8knl3nfuyj22l83jun02yyx9s962gm3,359,359,322,37,8044.936603000002,0.0,89016.38575155153,<3M,22.40929415877438,1.0724233983286802,89.69359331476323,0.0
pool18e63pk226vwk7j3khen2nsgs2wt3q6c7u3rnu7jzm9mtxrj54hu,312,312,312,0,8026.159075999999,0.0,89725.632081295,<3M,25.72486883333333,0.514423076923073,100.0,0.0
pool1dy3dc9kjne74s6fms0w08ulfafjn62zmkxpcdpy76f3dqee4dtt,236,236,236,0,7983.755051,0.0,100989.86481359732,<3M,33.82947055508475,0.0,100.0,0.0
pool1x9gsnq9pnu9vexrkc7009x4ak0d62vkm72my6vhfyqwj6sp5445,9,9,9,0,7961.454503000001,0.0,1189436.2464943333,<3M,884.6060558888889,1.0,100.0,0.0
pool1qn2ttstgt94fuqp5wev9ja6cr7k3q29r9v65fgdtp5jtk0uxs37,32,32,30,2,7947.481779,0.0,639985.7024417506,<3M,248.35880559375,1.4687500000000009,93.75,0.0
pool1k2rhjxppp87k488zfeu9t24hl4jgjrjcqxwfg4q7jcu6wvkfwpn,258,258,97,161,7938.1456180000005,0.0,82969.90744403165,<3M,30.76800627131783,0.9999999999999957,37.5968992248062,0.0
pool1e0jyj79d3ady680wajgcd4vgndqjdlf65777pz5939ehseqaem3,360,360,103,257,7923.20679,0.0,100006.01830656495,<3M,22.00890775,0.14250000000000002,28.61111111111111,0.0
pool1gyvjd6n3t88lyyhzd8juqg0fnzq2kwlmnrggd4wghf8r7wndz4v,27,27,21,6,7857.704334999999,0.0,622818.4033970371,<3M,291.02608648148146,4.185185185185186,77.77777777777779,0.0
pool1nhqaugunqpzr9zdf4e2vfp9hu6y0gcwuxr0jv5hnfvays26xmr3,55,55,55,0,7753.650582,0.0,211371.04134376356,<3M,140.97546512727274,0.8000000000000004,100.0,0.0
pool14xrvhggk8ftp9qwkaes882890zcatea89y7ay8thu8kvspmk705,60,60,58,2,7739.440321000001,0.0,212188.86019801645,<3M,128.99067201666668,1.0000000000000004,96.66666666666667,0.0
pool1k8w7ylxa542hwymnwmuumpnudz7j9ae582wqecxv9n24zu8fptq,278,278,71,207,7717.309678,0.0,110262.8918447877,<3M,27.760106755395682,1.999999999999989,25.539568345323744,0.0
pool1y4pfzfnf7386tk55pdkpufuawjhscq2j67t680fdg7fd2rzmpva,139,139,138,1,7702.956287,0.0,138444.12293929508,<3M,55.41695170503597,2.0000000000000013,99.28057553956835,0.0
pool10j307gzqx5cuqxzgnycg9rwyyutjy2eqyhnkmu2umj6cctcvrqq,113,113,113,0,7674.174466999999,0.0,342024.65802184056,<3M,67.91304838053097,1.0,100.0,0.0
pool10gtnlhevam52ynwuzua7dqgv7vje4q87q25dzzfrjgw3wwjk2xw,301,301,300,1,7632.477837000001,0.0,80486.62631684731,<3M,25.357069225913627,1.4817275747508287,99.66777408637874,0.0
pool1nh5etfwmxs0ea4vq8m6gzap8xqqknn0karjq47fznaamsm8vq7v,42,42,41,1,7544.605691000001,0.0,566134.7706632379,<3M,179.63346883333335,3.6190476190476204,97.61904761904762,0.0
pool19xhza3f7nye6j5p6stsnkpvadejztnqvck0ge3l2uy9gvsvy05f,406,406,403,3,7524.633885000001,0.0,21731.637043887047,<3M,18.533580997536948,1.165024630541858,99.26108374384236,0.0
pool1vru3p8sswq5xkr38ceavad67t6krh6m6q0q42p59e6htkld4yxs,364,364,136,228,7510.645332,0.0,35555.45605443426,<3M,20.633641021978022,1.9999999999999816,37.362637362637365,0.0
pool1klwddp9hysrplwmkaa8h3d65rg9qtz4hhpsw7uvz3e0pj8r3lrg,102,102,102,0,7487.857754000001,0.0,101824.59058584302,<3M,73.4103701372549,0.0,100.0,0.0
pool1f22470gz0h9zvr5asy86p8gx397qq8sdz5yxn6998hc82h8ds04,31,31,30,1,7447.785473,0.0,288587.9099619999,<3M,240.25114429032257,0.7129032258064518,96.7741935483871,0.0
pool1h6l7mhtqqvkgq5hyvkrjrrwddulx7zc6mxlrsezsspymckuuext,360,360,206,154,7418.005123,0.0,56606.25072982493,<3M,20.60556978611111,0.9999999999999908,57.22222222222222,0.0
pool1u9ptvg0l9lzypt6dxlyhn7phclu7jgx0j285zyu9y2n2gldazj5,124,124,0,124,7384.5486500000015,7384.5486500000015,55962.022941854855,<3M,59.5528116935484,3.5322580645161223,0.0,100.0
pool1pv4hhvy8dkvllr706q0lpyu9py6lcf6zddl4wlynwx3cglxajmg,98,98,98,0,7377.040905,0.0,260176.14920209182,<3M,75.27592760204081,0.38775510204081653,100.0,0.0
pool1det0jsa8huncdzmlxh4rtcn23vc4eks93544wla86shxq8yl99m,81,81,81,0,7327.321354,0.0,254070.7697001236,<3M,90.46075745679012,77.01172839506178,100.0,0.0
pool1rkwvddejq9hx9dav3l62n3w5vlzsypyshmc5txczfvsjxs0g9uy,168,168,167,1,7275.422645,0.0,112330.49447144064,<3M,43.306087172619044,1.0238095238095148,99.40476190476191,0.0
pool1ul06chqxyxul3f94j53trjv4t5yskkd3uttk7845wzq3qv3lfq0,89,89,88,1,7216.859208000001,0.0,104250.8372744498,<3M,81.08830570786517,0.0,98.87640449438202,0.0
pool1pdqcefsvu9mqxfalj5dywcfyymtpqpjqhlnxl99ds62pxv5ungm,166,166,164,2,7203.858277999999,0.0,143638.44684543382,<3M,43.39673661445782,1.0000000000000007,98.79518072289156,0.0
pool1l3u6jww4npkx2e0utcsmkhwjjgnp43w62exrqwzm8wudg0457e5,366,366,365,1,7200.399482000001,0.0,40269.07292002987,<3M,19.673222628415303,0.9999999999999907,99.72677595628416,0.0
pool16sm29hg3qrk5lyp74qcljt38l86v5zvg95395h9gqrn6qe97d9z,290,290,290,0,7184.539225,0.0,87357.38396910344,<3M,24.774273189655172,0.9999999999999938,100.0,0.0
pool1zjecj80kehtj88py42j9hxvfspqnvc7vcqrev5kcsfyzyn0a4kn,146,146,146,0,7158.750138,0.0,157758.3285099041,<3M,49.03253519178082,0.37671232876712324,100.0,0.0
pool1em78lxydsj8kew9ujtalkvvy5htxj4nwf5dk49uw3vyz6m4efjs,121,121,120,1,7126.431067,0.0,121923.52909418188,<3M,58.89612452066116,5.37190082644627,99.17355371900827,0.0
pool14ecpt42vvd8eytuqpkvqq55u83dqqu2g4wwhj2kylue6utptm63,143,143,141,2,7106.4983680000005,0.0,117540.83374027988,<3M,49.69579278321679,0.06993006993006995,98.6013986013986,0.0
pool14723n6gf5yu6k7rzst4c0c4ujql6rmypyr5v6z362p4ywq9ejw7,264,264,181,83,7088.026302,0.0,113068.17001604177,<3M,26.848584477272727,7.500000000000062,68.56060606060606,0.0
pool1ufx9c77avvds5eas2uqc5anxh3wjrr93vhxqeecsm4xuqzf9mtj,14,14,13,1,7034.650799,0.0,658045.6526218572,<3M,502.4750570714286,0.9999999999999999,92.85714285714286,0.0
pool1w0jjajfvur53nxrlc4nnm73087lm39qfumeq8r449jwvz3wdx05,286,286,286,0,6997.131635000002,0.0,54872.51666443009,<3M,24.465495227272733,0.9999999999999941,100.0,0.0
pool1jcn4al6m62h0dyqcfpvar272dquuqjhfmsyc0uwpaum42l5xp4s,80,80,80,0,6974.100702,0.0,85068.59716867495,<3M,87.176258775,0.25,100.0,0.0
pool127jufnlxk4n6he84qjf8ppzmxs9sjnqlhulnuzsk0uc0whtl9sn,315,315,315,0,6972.156992999998,0.0,62419.84583206371,<3M,22.133831723809518,0.19682539682539693,100.0,0.0
pool14dmxglxuj8zwxea0uze7nn9cll3xwpnj7352g4jau46hvehqvtv,15,15,15,0,6936.382076,0.0,811831.4768895998,<3M,462.4254717333333,0.0,100.0,0.0
pool15uuf0sz5w0kp50wmflxml8ffnz880402nvj54e40e7l8x06y5e6,362,362,358,4,6894.017839,0.0,125900.33029567906,<3M,19.04424817403315,1.8950276243093762,98.89502762430939,0.0
pool1p4a0vuantvzu9ysk3w430vgxjjfa95g0uz2sw8e4tltjg4jhkwz,373,373,373,0,6832.329385,0.0,57547.772331227636,<3M,18.31723695710456,1.0160857908847087,100.0,0.0
pool1vq0zje42hmm83pczyf5w467m76x779glymsk2c7zcm2wgnct4pc,58,58,58,0,6830.849569,0.0,237496.25037570705,<3M,117.77326843103448,1.0000000000000004,100.0,0.0
pool1jm84g92qcju3nvatf5fvxxw9n09pke3292jh3tv82x2t6d5zynn,286,286,286,0,6800.854533,0.0,73024.27010594054,<3M,23.779211653846154,0.2391608391608411,100.0,0.0
pool1c759wl8hlwdgnua07rqwqqgt95kn2h92rylk8uwqvl2njdnzgtw,64,64,64,0,6712.450875,0.0,188096.46705242197,<3M,104.882044921875,0.7265625000000003,100.0,0.0
pool1art4z0ztc6kkzj8awrru6j2pv2eher45wca94ph954mnk7844n0,7,7,6,1,6665.63854,0.0,2762585.082883857,<3M,952.2340771428571,1.0,85.71428571428571,0.0
pool1lv7v8r8ge22agkuv2astu503d42v749p6rp3sg8l6twuwqm525c,398,398,398,0,6657.828852999999,0.0,65408.167395682096,<3M,16.72821319849246,14.949748743718496,100.0,0.0
pool1ct346jetdmd2nn3475ckgehmgvgrwah4lu0rtgy374wvu6ka27q,31,31,27,4,6631.210011,0.0,325835.8104375162,<3M,213.9100003548387,0.0967741935483871,87.09677419354838,0.0
pool1a8902n5s5z8cgehphzj8ujwv6wf7dycnrdx4ekfz9cwmwj2fenu,361,361,48,313,6629.679181000001,0.0,23289.245901335402,<3M,18.36476227423823,0.01662049861495845,13.29639889196676,0.0
pool183tuc6uqs2q8tzekn4559pwmrg8ukss2fdwvtumrcdjh6j8qsu0,44,44,43,1,6628.894821999999,0.0,253952.15336234093,<3M,150.65670049999997,0.0,97.72727272727273,0.0
pool18v7t2c20cakwt699n6ftc3eyke5hhjdjzwefjvc0fwqc704an8t,6,6,5,1,6607.715478,0.0,2294997.890825667,<3M,1101.285913,2.0,83.33333333333334,0.0
pool1v8q93vtkf4vqqqus6ts772w8dr9h5tz99lnylfj40x3p7cutxx4,345,345,345,0,6603.733285999999,0.0,34316.6571186492,<3M,19.14125590144927,0.6579710144927523,100.0,0.0
pool1zhue4h6hpaq4pzt4fru7kwhvcxr0pwakanrzxy63ajfgyzrd9we,12,12,7,5,6569.331554,0.0,1930123.8625675833,<3M,547.4442961666667,0.22916666666666666,58.333333333333336,0.0
pool1ze57pe06f82s3v8ugjqxrny56sj63vs26sm5q879ahkkq69zn0c,352,352,93,259,6553.315702,0.0,46521.96297255397,<3M,18.61737415340909,0.0,26.420454545454547,0.0
pool1wfh5dcchnzvp2nhee77slh6lp0msk5a2hj7xgtc9azeawx2ln5s,85,85,85,0,6506.61399,0.0,162469.05008036463,<3M,76.54839988235294,1.3764705882352952,100.0,0.0
pool1nss40t2xhh7ntgp8ca73u2xd8kzyn3dgtf9jfh0y57kxul9zt82,394,394,225,169,6492.90257,2073.445438,57784.15698826909,<3M,16.47944814720812,0.5558375634517759,57.10659898477157,31.934029744727866
pool16c9eedf69xgj9mtnxauxudaeugtwv8p5k3wcausqklkmvgvmk8f,62,62,61,1,6485.531290999999,0.0,214695.582629258,<3M,104.6053434032258,1.9900000000000022,98.38709677419355,0.0
pool1h8ehlt3j82qtvnerflu7a2s86s7r8yxckszlfar3kwtcjryswg4,37,37,37,0,6471.537727000001,0.0,253744.44492875674,<3M,174.90642505405407,98.99999999999997,100.0,0.0
pool1gh06f56tnkj6uhlfrlntwnczlfm6tszmm6umga3anevn2tvcds4,96,96,95,1,6454.725407999999,0.0,183898.30316135404,<3M,67.236723,2.0000000000000013,98.95833333333334,0.0
pool1sr3kmj6equa9h8ey0xdyje94t6rmc9688a5xvk0urynwuqv3z0w,87,87,87,0,6348.726034,0.0,114826.54536639077,<3M,72.97386245977012,1.4994137931034504,100.0,0.0
pool1vd3rfulk3x3k6mafusvrtnzysx9qkcgcks9an2alcpm55msk63g,406,406,406,0,6334.772682000001,0.0,48158.72938777096,<3M,15.602888379310347,0.9999999999999896,100.0,0.0
pool16erldmmx5nvrwncujtp6lxs9tmvgxcpthd600pe6axm5z3p6522,277,277,264,13,6328.322191,0.0,77636.56650678358,<3M,22.84592848736462,0.505415162454874,95.30685920577618,0.0
pool13w9mcp8af4ef8vwsw624ams38w7hs0chvtjknz2t3pcxkm8w9m2,338,338,318,20,6322.163141999999,0.0,36803.52250877501,<3M,18.704624680473373,99.82011834319569,94.0828402366864,0.0
pool1ftfgs9lp0l4l07glvemrzu86pqvxrvzsn85lc3hathlq5ddsw49,406,406,406,0,6296.752206000001,0.0,55981.11761991127,<3M,15.50924188669951,0.9999999999999896,100.0,0.0
pool1zkjspf9w0gm4x37747re5ew4ffypm6g8xqzhxjeush7lx9tcptt,23,23,23,0,6285.0676619999995,0.0,229892.098209,<3M,273.26381139130433,0.5000000000000002,100.0,0.0
pool1qumhc7996vjx0kvvqwruj7af9w5gq7kh9045aqp9hurp76zgrvy,162,162,59,103,6268.800762,686.462778,65444.29314946316,<3M,38.696301,2.099999999999994,36.41975308641975,10.950464116855912
pool1v2rhtaxs55lspa2zm5ggeuhsave7nxtu800yng36nefs5jhzl80,25,25,24,1,6256.934898,0.0,250062.70160611995,<3M,250.27739592,1.0000000000000002,96.0,0.0
pool15wfu7td5r4k27erk5q5wt06x59skxxyqj206tdnfmfmk7pd3rp3,356,356,355,1,6252.284052999999,0.0,61231.00345460393,<3M,17.56259565449438,0.1292134831460675,99.71910112359551,0.0
pool1r7l3z2wd4c9zra9e702maavxym7y385lpx328mm29flc7jw9c02,17,15,15,0,6193.2162960000005,0.0,747261.0576757647,<3M,364.3068409411765,99.00000000000001,100.0,0.0
pool1ul0t4hjnnhz4wgaghaa7hur77l7gp0akagmjx40r0kn8ct00vl5,116,100,100,0,6176.129886,0.0,105240.9361992328,<3M,53.24249901724138,1.6499999999999952,100.0,0.0
pool1drxxm3mncpnn9zjruh3ppp44zhfrlqexckgr2fzejme5k8dmv63,125,125,123,2,6167.383854999999,0.0,96543.56308928796,<3M,49.33907083999999,0.026640000000000004,98.4,0.0
pool1gqp9e65nqy0q08dvqst6mk9fyc96sdels5drncsdz5d82dpw5gg,406,406,404,2,6164.482154,0.0,32505.88427042183,<3M,15.183453581280789,0.9938423645320241,99.50738916256158,0.0
pool10nw2295p9xkwtzpm26ewn79v3m2ez2yztjzqusc8n6kqxrja8wp,152,152,144,8,6130.374927,0.0,142267.85687113772,<3M,40.33141399342105,2.335526315789468,94.73684210526315,0.0
pool1ff9edraw8jjzguvyr4lkm2x0ce9lmr8sewwdgs76x9d879n7sxz,113,113,113,0,6114.039634000001,0.0,119348.13632781422,<3M,54.10654543362833,1.3008849557522126,100.0,0.0
pool1f2pf8da5vxq8mams3gdqhs2m2yk8wngdesu0cjxkpd9jk7a5v0m,235,235,235,0,6089.509803000001,0.0,36531.13329768506,<3M,25.912807672340428,0.1276595744680851,100.0,0.0
pool143nv3macakarny2hvg67gg00q5j2kdg6yfvcmefqmea3vnj0nex,309,309,309,0,6084.022187,0.0,77416.78179899027,<3M,19.68939219093851,3.9999999999999716,100.0,0.0
pool168235cjpsrvwnvddmhc7dmtcqr7c40j2mlrph3qvuxk3jqls0wy,404,404,29,375,6065.554185,0.0,51655.75579549758,<3M,15.013747982673268,1.0358910891089,7.1782178217821775,0.0
pool129557r2j5fdr4hjjz3e2n3t4ypt9rvkpy56pq3y7rsw7jzvalq0,70,70,70,0,6054.064899,0.0,111451.3473809571,<3M,86.48664141428571,2.4999999999999964,100.0,0.0
pool1j0ys5378p896epefs0q2ehx3h9rrd4gupd33adkza7g3q02f6np,64,64,64,0,6018.285488,0.0,298853.72680426534,<3M,94.03571075,0.0625,100.0,0.0
pool1h6p3z8kyu22ffwyqh4fjgj2wh9j3h9wprdlxef6wsy2lwcz4nt4,127,127,127,0,5995.753390999999,0.0,171789.70803093645,<3M,47.21065662204724,0.35433070866141725,100.0,0.0
pool1ntdlnn3u9kjkvqtcnrzgwyfx7ym3mm6z03hzgh7hcq3pztwht0p,141,141,140,1,5991.569357000002,0.0,99778.37494790064,<3M,42.49339969503548,1.4999999999999967,99.29078014184397,0.0
pool1msu99d564nlvplp8dcvhrupl5ducflzqk4lmjazpcw8nu7znftq,141,141,140,1,5991.465117999999,0.0,138957.64943329082,<3M,42.492660411347515,1.0000000000000007,99.29078014184397,0.0
pool1erfmjgh2aypechw509tgm8vnkuxswu36hkyxx2z4wlxcqv7g4gq,49,49,48,1,5967.592616000001,0.0,423952.02803089796,<3M,121.78760440816328,0.3673469387755102,97.95918367346938,0.0
pool1t9ckjy949dk97prfs6any8xdjyq9du6prnplx06n4fcn5jgukhc,363,351,41,310,5941.438756,0.0,73328.90103509389,<3M,16.36759987878788,0.9999999999999908,11.68091168091168,0.0
pool1g50v6e6e0dpmt35lllufjnpqmdklsm3nrshzw4z4advqqjxfcpx,240,240,240,0,5916.151262,0.0,283290.3629253417,<3M,24.650630258333333,1.9999999999999942,100.0,0.0
pool1nxukummdjs6dvsqy94gd4hva3hgzyufa9ex6kexkvvvvwf6zszp,12,11,11,0,5874.604087,0.0,613471.1416954166,<3M,489.5503405833333,2.5,100.0,0.0
pool1r7yvz283uq8pktq5l23rqx6g26a9sss744gr29c0f83cq04g8ey,8,8,7,1,5815.909333,0.0,635776.4613234999,<3M,726.988666625,0.0,87.5,0.0
pool1aa4cn4khwq76cs8u2fkgayrea9xwh7x82lnvz2wep03l6lmzp3g,83,83,74,9,5793.814350000001,0.0,160040.4431977711,<3M,69.8049921686747,98.99999999999993,89.1566265060241,0.0
pool1selmgl0cnmqy592g8gg9gnn5gthy39sdyfe0dx98n007ceml3e7,60,60,59,1,5789.194460999999,0.0,187794.19540184995,<3M,96.48657434999998,0.0,98.33333333333333,0.0
pool1cq283yxznkuj3wmu7r6q2sxrqquz8rr0vu3403utc0ggx37vjzs,154,154,154,0,5788.907925,0.0,57659.172455350665,<3M,37.590311201298704,0.0,100.0,0.0
pool1uhullam5w3fyzt95mrrlec23keg7hy49vn533ge6twsqvwu5qx9,134,134,134,0,5782.570595000001,0.0,60802.826300029854,<3M,43.15351190298508,2.4999999999999942,100.0,0.0
pool1wu4f8u7apml5nke7mjcvj2fvn0apfychx2957lf9gcuzxa07w6g,300,300,300,0,5733.294477,0.0,111674.40961110278,<3M,19.11098159,3.0,100.0,0.0
pool1v8gvy6tjp8x8wg5h4jw20p9up04lxgw0l0lgery9mz4h7h9x25n,50,50,50,0,5721.446220999999,0.0,221430.36942426008,<3M,114.42892441999999,0.0,100.0,0.0
pool1shs9tax8wuujh4p63kxyp2kkk0n8k8erlt6vyngj7nzlgnqykrn,36,36,35,1,5708.351065999999,0.0,281642.3580536667,<3M,158.56530738888887,1.5555555555555565,97.22222222222221,0.0
pool16p7t60zfvdda4l47khsd9jwwszysxxed50lxxg76lzuyvqg26nm,198,198,197,1,5705.821137,0.0,116262.72220645433,<3M,28.81727846969697,0.0,99.4949494949495,0.0
pool1nc95eljl5eyqx3atc5r29snhr53tkpv8k8krue5zsu5p78vu2ct,16,16,16,0,5697.171829,0.0,251804.68652906246,<3M,356.0732393125,0.0,100.0,0.0
pool15j75tejwunwz2a4rw787h9z0zwghjeazm65n4jamsgnd7xa87d8,32,32,32,0,5687.824827,0.0,270771.2960622498,<3M,177.74452584375,1.1406250000000004,100.0,0.0
pool1rlg6ytznuzx7dwhyypfuusx4crm7pdftx04h9zr82pdrv0tve0z,59,58,49,9,5660.771280000001,0.0,312233.13290125417,<3M,95.9452759322034,0.9957627118644077,84.48275862068965,0.0
pool1533ly347ggl6je42ta7l7dv262hg07n8p4y8v32npgvajl6rxqz,362,362,362,0,5657.941598000001,0.0,41897.31692543355,<3M,15.629672922651936,0.09116022099447518,100.0,0.0
pool17ajuw0arwq8klfe4xy8tcqj4yetp8kerl4amzn5dsnne20wlnsa,367,367,204,163,5516.842263,0.0,83797.90743261299,<3M,15.032267746594004,0.005449591280653951,55.5858310626703,0.0
pool1jfpqnr6yepr8g7pvnws7y4wyp0sy543gzypm8zds4dv7szaf9ll,240,240,220,20,5503.447241,0.0,56166.41201157915,<3M,22.93103017083333,3.9999999999999885,91.66666666666666,0.0
pool1jp3wtdhgpeu6qf53upw5rupaqwtl7pzvcuuyyn0f8u3xgx5755y,370,370,66,304,5466.062882,0.0,35071.42164966197,<3M,14.773142924324326,0.8486486486486424,17.83783783783784,0.0
pool1f5zye57nw6nsrczkkzkpd8avayar7j48zjw5pu2e5k38ssm2yhd,342,342,121,221,5442.396837,0.0,44062.0378381639,<3M,15.913441043859649,0.9999999999999916,35.38011695906433,0.0
pool10qga0nn20tshk5vhhr38kwy7ax0s48q49zgaev24gxm465wvspj,96,96,95,1,5440.359918,0.0,101345.90806502086,<3M,56.6704158125,2.9999999999999956,98.95833333333334,0.0
pool12e8xz54gjtcz6dzkhua9uq9dp23cqcmf6xc4929t4ep4ketccsm,305,305,303,2,5437.164495,0.0,89326.28218728544,<3M,17.826768836065575,0.9196721311475411,99.34426229508196,0.0
pool1u7s8etmnm0y0ktls7kkvx2apnep5ercy7wwyljgw407yjzjastq,320,320,18,302,5431.49913,0.0,44693.37285801522,<3M,16.97343478125,0.0,5.625,0.0
pool1v4adhelnswa7pwv2njn5h84atw08mlc79ll2ewl2kgxhv3cqwql,45,45,43,2,5430.336853,0.0,590162.9479320886,<3M,120.67415228888889,0.23333333333333336,95.55555555555556,0.0
pool1tx6e7gewsrcceejwpa69vrhlhay6862amaks095pmw9jxulwhvx,276,276,276,0,5408.859275,0.0,46403.714214949214,<3M,19.597316213768114,0.28079710144927555,100.0,0.0
pool1f9hmg8geal90dfsz3jph2uddj080w5s4ugykl0pktud26dd82s4,135,135,134,1,5378.442052,0.0,52430.738861785125,<3M,39.8403114962963,0.0,99.25925925925925,0.0
pool1mkw6psku0jvaw60uqleul9jxlmyt2xet3urjrgu6735ryxtga60,331,331,331,0,5371.722339,0.0,67846.11396307543,<3M,16.22876839577039,1.0483383685800514,100.0,0.0
pool1fvxfg0pcr4umked5cx7jgczdajp70hrz5fsutzk338u0jljlfpy,29,29,29,0,5360.515339,0.0,307610.3847033793,<3M,184.84535651724136,0.5000000000000002,100.0,0.0
pool1sktjey6tdtgp6svf0d2nth7ruq3zjnhgg2dckpkveyeqk0jttgj,220,220,220,0,5340.450813,0.0,50210.17079846814,<3M,24.274776422727275,3.000000000000005,100.0,0.0
pool1hy28g3gywvf25yu6xvfepwa8zhhtkk83kekfdenqujycvqjc96g,124,124,122,2,5308.355961,0.0,128514.83123071767,<3M,42.80932226612904,0.04838709677419355,98.38709677419355,0.0
pool1v0s8c20l67rf8xlkt4f2e7tr2jkadwl4v4nmrfhrpxr05s0jxhm,252,252,252,0,5307.1822520000005,0.0,88159.20877415914,<3M,21.060247031746034,0.5293650793650797,100.0,0.0
pool1u3usaaejqap9cq2vgvxnfqcpvq7md4p4t8wp54mf9h2zw2yp9m0,186,186,186,0,5301.086347,0.0,51908.580653967714,<3M,28.500464231182796,0.0,100.0,0.0
pool17642nlghgzce7djz8tk3j26h2zwt8vlyzy8srrhtwyu37h7fs83,16,16,15,1,5283.344435999999,0.0,498023.3091881876,<3M,330.20902724999996,7.187500000000001,93.75,0.0
pool10v6uh7yan2dg8utwpgurj6th3u3s3q3m2lcg8z9mxtncvx72dhc,401,401,0,401,5268.730987,5268.730987,38526.652255578534,<3M,13.138980017456358,3.067331670822925,0.0,100.0
pool1lnsufrafdkqsa2hnzrh5c2raq2x0z7dn6nc6g3g4ewvnyz50fqy,15,14,13,1,5251.027586,0.0,647616.8108796,<3M,350.0685057333333,1.5333333333333339,92.85714285714286,0.0
pool1ts6whvmcchw7282c0sftze0dghapdq8yju405zvjyac9w5e4eu2,11,10,10,0,5175.919295,0.0,856575.6181589093,<3M,470.5381177272727,3.0000000000000004,100.0,0.0
pool18e0uhtm4pspfrnktwguypytjfgwz6dw6zzn3gulpdjfx7qd0439,382,382,281,101,5171.353494,654.1284459999999,21335.733697212072,<3M,13.537574591623036,0.9999999999999901,73.56020942408377,12.64907623814432
pool1x7k6psm5uyvjmfnh4e3g6adl0zrg0ge9ka0qtavcv0vc5akq78p,45,45,44,1,5161.285947,0.0,149200.95795244447,<3M,114.69524326666668,1.1333333333333337,97.77777777777777,0.0
pool1sd0cpakz0gnhkmyk0jvvtu39uaasv74w66rvmzc6cfmwyqgz4yk,36,36,35,1,5143.949927000001,0.0,199915.10307988888,<3M,142.88749797222223,1.0000000000000004,97.22222222222221,0.0
pool1sxv5rv4e0g3n25u8vw80lscmclf7j5mx8cdxknrd7kuh6fvsguu,47,47,46,1,5126.2879140000005,0.0,204416.5631556809,<3M,109.0699556170213,0.31914893617021295,97.87234042553192,0.0
pool132wlg2axv5elynquuwt40tc2av9pl0583axmvu4hwch9unh29y3,200,200,199,1,5124.382947,0.0,42517.33520024017,<3M,25.621914735,0.0,99.5,0.0
pool1en2f7un7v3rjyhqkeg87d27nvsk5arnnva5tzx38t0lpv7hercz,319,319,313,6,5105.13388,0.0,69761.77328874286,<3M,16.00355448275862,2.925705329153603,98.11912225705329,0.0
pool157wrsl3pzfj500grm7p3582y2vhl7velprfj5uxx8har6v2whya,59,59,58,1,5100.872499,0.0,193648.48271559319,<3M,86.45546608474577,3.5762711864406787,98.30508474576271,0.0
pool1xpfe5q3v3axrjdc8h38taaa93frq3m9pfewxk46x4r6jgy2yj5n,345,336,336,0,5051.828356,0.0,26233.6357378113,<3M,14.642980742028985,2.3246376811594254,100.0,0.0
pool1auwfzangu7s9uagapchhmac87jy3k87a3dxhp23vadtw5m5dswl,364,364,364,0,5043.793391000001,0.0,14056.517614192413,<3M,13.856575250000002,1.7000000000000082,100.0,0.0
pool1yz4lwhqgrmlvtngqtgmxt6v4662gpduu4a4cc8kwc0dhqfj4ucx,131,131,131,0,5036.130441,0.0,116509.41347410675,<3M,38.443743824427486,1.2595419847328255,100.0,0.0
pool1jmg0vmtnwzvk6zsle8rcs282slcyumq5pcl8vj0ek2mk5t2lvf3,60,60,58,2,5035.227219,0.0,118329.59813780001,<3M,83.92045365,1.0000000000000004,96.66666666666667,0.0
pool1fa0ydxjq23eq3nucw6ek46dj8p6vxq4t32ex822jhwhx5fyvzze,374,33,33,0,5015.626701,0.0,38040.694393617785,<3M,13.410766580213904,1.0374331550802034,100.0,0.0
pool1p00qq8zftf8m2ll0r9d24fx6tq7yzxzy5teltpswl7zew5m7nqp,72,72,66,6,5011.3173560000005,0.0,757293.1902119444,<3M,69.60162994444445,2.000000000000001,91.66666666666666,0.0
pool1w65amkyxhlstja5mp0vf7q2av5tm0m6zjsm9pll3xw36x6g8qte,345,345,30,315,5006.886294,0.0,34255.14834858564,<3M,14.512713895652174,1.9797101449275232,8.695652173913043,0.0
pool1yvwry5gmqta5tug7gjmfr33c2whdjf88tfykqckaxsdcgcd482q,292,292,292,0,5005.678797,0.0,26985.65256461983,<3M,17.142735606164383,2.5000000000000124,100.0,0.0
pool1q3xdrewrldt06rpjx6pzguzm847ujxnmajxrsr7dsthscz4htlv,406,406,14,392,4952.428206,4952.428206,80813.46430655858,<3M,12.19809902955665,0.10000000000000006,3.4482758620689653,100.0
pool15gdh4w26ax66aa2j5ehwcvm46as3jx0v7mhu678y7m5q5s80dwk,305,305,304,1,4940.383422,0.0,35928.5252527934,<3M,16.197978432786886,31.111475409836064,99.672131147541,0.0
pool15vx9ytnkzgee76j4jxswg5hdsq8hkfrhp0dkm8l6psj8cx9z9m4,73,73,70,3,4937.271104999999,0.0,93083.44401050692,<3M,67.63385075342464,4.961643835616432,95.8904109589041,0.0
pool1pf38y47whkqua0pkd7redeh6nhlvff6kckx8x9hxzlx8yakmruz,162,162,93,69,4926.764336,0.0,80952.52498011725,<3M,30.4121255308642,1.4999999999999987,57.407407407407405,0.0
pool1rk28hp58ptwapha9nc944ast32gln8a7hx6eue0gzuj7sndzrhk,364,364,361,3,4902.826838,0.0,48957.84213480225,<3M,13.4693045,2.752747252747247,99.17582417582418,0.0
pool1k7mczy6zuwaen62s7gzh0ct3uh3y6qf7nqcpzk29thcqq73gfqd,21,21,20,1,4849.121381999999,0.0,135479.69710195236,<3M,230.91054199999996,1.0000000000000002,95.23809523809523,0.0
pool1mr95wmscrwj04kf9746sx539qeffj3mg5ndez5rzv8k5cdwjc0t,29,28,27,1,4823.324291,0.0,440177.06588868966,<3M,166.32152727586205,0.0,96.42857142857143,0.0
pool1xhdg4fr57da9qft93kshyx97h0n7n45qhazg2ucn4e8zs09ku67,131,131,131,0,4820.654361000001,0.0,55852.24542505348,<3M,36.7988882519084,1.0000000000000007,100.0,0.0
pool1g9dq4q05spsaxm0u3cqxyszycjyukzvdufc72etgtc875el0key,128,127,125,2,4815.143327,0.0,53731.97039869529,<3M,37.6183072421875,2.5026562499999985,98.4251968503937,0.0
pool14048xr6uxg2hcakgwevh6zmsj02sw4xsyaxk033dws6tjnaljup,60,60,58,2,4802.007474999999,0.0,160810.8711744,<3M,80.03345791666666,0.9000000000000005,96.66666666666667,0.0
pool1cl3fhy6me0nf5jnxahk997r0529aumt967kw4yml5vraq94mdk4,406,406,406,0,4778.147795,0.0,47384.65205264293,<3M,11.768836933497537,0.9999999999999896,100.0,0.0
pool19m70myhhv6a74fu66patflmy3ug7c97q98nx6247xsunw0pl9m6,152,152,151,1,4744.45463,0.0,86700.2118384275,<3M,31.21351730263158,0.0,99.3421052631579,0.0
pool1lychj3krdah22cjhxguzhfx7qhwlfgl7t9fv42pcems9zvknahx,81,81,81,0,4724.025575,0.0,139760.95558140735,<3M,58.321303395061726,0.0,100.0,0.0
pool1tcwq7fgekt4qqh09csv9dz3ny0t69hwm9hq7dgua3rxsyk0d9ce,78,78,77,1,4701.506357,0.0,113732.38366321797,<3M,60.27572252564103,1.0000000000000004,98.71794871794873,0.0
pool1mp3ws2y6q3cpp05wgqm8gt8k3c356tw65vs620g8dzj9jjrd2gf,41,41,17,24,4696.38466,0.0,234809.93560709758,<3M,114.54596731707316,1.0000000000000004,41.46341463414634,0.0
pool1wk080y3p7zxsvshkzvhw3z7jmrlaxy4eprv6yjy24x4lvfs5qu4,141,141,140,1,4673.383061,0.0,89366.14011740421,<3M,33.14456071631206,4.315602836879435,99.29078014184397,0.0
pool1yzd344e32exxzjnjet4l466zcfnte5rnzveywvztxdxug2yu7m4,327,327,327,0,4628.717803000001,0.0,52493.88744359011,<3M,14.155100314984713,1.9999999999999845,100.0,0.0
pool1dpv0crkjykk5q9t7xkx078ggenpsdd4tqz7ujccpl0k77pr2yxk,76,76,76,0,4626.698270999999,0.0,110901.65895600001,<3M,60.87760882894736,3.0,100.0,0.0
pool178jmsy6t03udg2urvckseyync6y2jkq26haj7vxtwszc7ycq5ws,306,306,305,1,4622.732910000001,0.0,21497.410772179814,<3M,15.10697029411765,0.003267973856209151,99.67320261437908,0.0
pool1xx3wxlhxu2l8qcvdvealhsry8r0ge966lmpp45ztkte77lx3qq0,378,378,22,356,4614.972943,0.0,24670.06575731232,<3M,12.208923129629628,0.0,5.82010582010582,0.0
pool1d6vlqqqde97vte0k3qfqrxcxdx5g0j623swvu3dmtpfzjwyc8kl,14,14,14,0,4600.624107,0.0,567331.29024,<3M,328.61600764285714,92.14285714285715,100.0,0.0
pool1xvt3rlaugs598m0fh0683ak8mhrzwukdzcea7u3gtpudx4nx2ff,113,113,113,0,4555.398715,0.0,127367.68944894691,<3M,40.31326296460177,0.0,100.0,0.0
pool1vr8tegnnjtvfe7me66qrchaq6ucmmxve6anuuypwn6s3zs6342s,362,362,37,325,4505.538927,0.0,12676.519708947397,<3M,12.446240129834253,0.9903314917126982,10.220994475138122,0.0
pool1y3f9qvq2umfqnm0w20ayux8lczchcakh3v5wz4j5z89aqfc73ea,130,130,82,48,4491.8603840000005,590.93529,57058.61109793077,<3M,34.552772184615385,1.6526153846153822,63.07692307692307,13.155691394703863
pool1cla5u6tuqeupjd7ckhhrws0y66ej6u3ks5kd0sukgc5cvrspdq0,16,16,13,3,4487.691025,0.0,521025.444556375,<3M,280.4806890625,2.0,81.25,0.0
pool16dn08xad2p49akw8h6wjcr9tn9le6jxyv366yjrvhpfzxtscuyr,82,82,6,76,4478.606175,0.0,255300.14639687748,<3M,54.61714847560975,4.036585365853662,7.317073170731707,0.0
pool1zdpcjp2hxtul56msjj7cz4qx72sm7am8wvd5napg2tsuwmfle8e,86,86,85,1,4464.259706,0.0,147482.9624048722,<3M,51.90999658139535,2.4999999999999956,98.83720930232558,0.0
pool1xt2nyju82ea3pz33e5sqwgjx05ks623tkmuw8jvlca3kzmz9mud,170,170,170,0,4443.507483,0.0,133052.35029940575,<3M,26.13827931176471,1.1176470588235303,100.0,0.0
pool1ps39v4j035ejzrga2qt56cfhjuwx38wved8rd0mujtyh6r5mt3c,406,406,406,0,4413.500572,0.0,38826.63870134004,<3M,10.87069106403941,0.9999999999999896,100.0,0.0
pool194nk2ayveph0ap30t2ltpsp8r7gax6xnqqfrankuq780ysdrhrk,94,94,94,0,4393.168448,0.0,94635.60474206385,<3M,46.735834553191495,4.117872340425524,100.0,0.0
pool185de843ugva6zjfd9wz988xg80fwke6cjavkwup5e45fjrw6uha,19,19,18,1,4382.745305,0.0,355579.62390484207,<3M,230.6708055263158,1.7368421052631584,94.73684210526315,0.0
pool1kws3qltazad72c4r0t9qd2ss86zcezzmq04nkx8eg85960ld5t4,37,37,37,0,4367.601175000001,0.0,172593.0448524865,<3M,118.04327500000002,0.20270270270270271,100.0,0.0
pool1eal2z34ugj8a0ckykd6xx45dz6jwdgz4cuvutk320cp4w8t2sm4,352,35,34,1,4362.94251,0.0,16705.47236539485,<3M,12.394723039772726,0.22258522727272742,97.14285714285714,0.0
pool1kg8fqjwsunsy0rk05pn946fzwrcm0ds9dhtllqwzvc822l6utk0,114,114,113,1,4340.618248000001,0.0,48916.381472982546,<3M,38.07559866666667,0.0,99.12280701754386,0.0
pool1rq6c8ntlsh2xl3le0utg4fpxqhag7fdlpzdykcld7dh9gtz8fxt,359,359,40,319,4331.711564,705.46037,22160.45120984958,<3M,12.066048924791087,0.4596100278551495,11.142061281337048,16.285949781673875
pool1rmvmkhkeu6rvptntl0xc7c0hrzd4d3marmzzav4ngefjxjcj8cy,118,118,110,8,4329.39578,0.0,101611.43417131355,<3M,36.68979474576271,0.0,93.22033898305084,0.0
pool1l38lxca7tzp0trqedr97usd0zk89q2x74qrez5xcafxechcw452,327,327,241,86,4302.788214,0.0,40704.92793719568,<3M,13.158373743119267,0.04892966360856269,73.70030581039755,0.0
pool1hv3kxx8fl60hkt3g0hfc37wt6vkt9cl26szxsnrjpjgmv3f247v,150,150,139,11,4268.389122,0.0,56187.08652447997,<3M,28.455927479999996,1.0000000000000007,92.66666666666666,0.0
pool1ycn0kca2jx6tw3dy2u4ya8qjjplnp53jt68upg3c2ls5zqst96x,48,48,37,11,4257.70364,0.0,235711.30059591666,<3M,88.70215916666666,0.0625,77.08333333333334,0.0
pool1p555cu7d33j4356yz4wr5k5nvw4pshkjtg28z7cky9y7qf9h309,15,15,14,1,4234.636514,0.0,463361.18346373335,<3M,282.3091009333333,1.0,93.33333333333333,0.0
pool1zdl39pvapcaj5um8nyduaq2vmn64dqwz4qlhnzurnca8zetk74s,276,198,198,0,4230.894032,0.0,77065.97654798557,<3M,15.329326202898551,0.9999999999999947,100.0,0.0
pool1s7hgkw2nqjs4l0vl4fu2f5ndzmnw3nfehchf4ekvscycscxj5ec,81,81,80,1,4225.663552,0.0,103632.1561737408,<3M,52.168685827160495,1.5061728395061738,98.76543209876543,0.0
pool10k5ushs6d60827ezmncrd88gg8jnzzxc26jahaf5x4arqzyf5me,42,42,40,2,4213.0164239999995,0.0,304863.6571343333,<3M,100.30991485714284,3.0000000000000018,95.23809523809523,0.0
pool19mmp7v06nwup40yvk9sehzxn4ahvle03gc3sfk8pxpma5rnfhr7,68,68,66,2,4210.237265,0.0,110686.01860551478,<3M,61.91525389705882,3.058823529411764,97.05882352941177,0.0
pool1u24fm2el64cd906xn9fjg8m8v6nra5zj5mpl0363un2jsyyuyup,254,212,8,204,4175.807438,0.0,55863.805878109626,<3M,16.440186763779526,0.999999999999996,3.7735849056603774,0.0
pool13g5ftmgqktfja04xwyd7yte8p0arelzyygndyfjr798vsx0cd6f,119,119,119,0,4136.838734999999,0.0,119968.36140832766,<3M,34.76335071428571,0.0,100.0,0.0
pool1c0nsyh46ucuwn9xpf8jhq05zvxdnrztuncwkflrgf7quyvh82q0,74,74,73,1,4127.253655,0.0,85971.31033185135,<3M,55.773698040540545,0.0,98.64864864864865,0.0
pool1zvsanfncazr5udf0s0s07hzd0e0nkqhza9d8h48ujq65vuamnu3,164,164,105,59,4122.4198719999995,0.0,67769.18295428655,<3M,25.13670653658536,0.7987804878048785,64.02439024390245,0.0
pool10le7rwlfg3t9646gm09jp05qg5kqvq3gvut4q2yaeu2ujncnh7w,311,311,311,0,4107.061676,0.0,17164.140769337682,<3M,13.205986096463024,5.551446945337662,100.0,0.0
pool167v4tdkd4nx3pgrem6elzdqwelha5uq7r7qhv68he53d6zlsl7m,40,40,37,3,4046.30065,0.0,134271.81486272498,<3M,101.15751625,1.0000000000000004,92.5,0.0
pool14kd9lt3gsdhv48j9w4vgcufw0txdvz932xwh9dapkpv2c0j4ytd,356,356,356,0,4028.6481270000004,0.0,37462.10879460382,<3M,11.31642732303371,1.989999999999987,100.0,0.0
pool1uaa3le5zjzjtzacvglgv9sha2pz8zlegl8udy9z8lhddcgufzlx,202,202,202,0,4019.3940350000003,0.0,91757.45811337109,<3M,19.89799027227723,1.0668316831683158,100.0,0.0
pool10s3paykwusv3zpfn9wkrzfvw6pch5tlcklwftj00a79yc3h0tgx,31,31,30,1,4014.782504,0.0,408677.08454461274,<3M,129.50911303225806,2.4354838709677433,96.7741935483871,0.0
pool16l9ph0cm42qk4h8wqlka3fw7ws7rvnj5n59xzy8ky4l8gnudugk,366,366,366,0,3977.4180469999997,0.0,78897.75445292894,<3M,10.867262423497268,2.5846994535518952,100.0,0.0
pool1dwlkpwakps05gelgwdml2d44al2xfsv8k9jgrkwsevlxxpcelqa,293,293,287,6,3957.08346,0.0,54639.38827424582,<3M,13.505404300341297,5.000000000000025,97.95221843003414,0.0
pool1a9u5zphfgqlgl0s9nvdzw2863a5xeahfq4jl0wj59vku5kv9ykm,244,244,243,1,3922.3320540000004,0.0,36533.776432155646,<3M,16.07513136885246,1.0254098360655701,99.59016393442623,0.0
pool1w5ws76te73pjhep4zt8axh2r6wczm0220gp49fmfnjmzvtal7fe,258,258,258,0,3883.6845,0.0,70041.4044862093,<3M,15.053040697674419,1.4612403100775202,100.0,0.0
pool194aee3y0gg2xza88p9ern5z0uls9wgkk8xutt73vvtedvyhegmq,33,33,32,1,3841.56661,0.0,235586.9000891212,<3M,116.41110939393938,0.9909090909090913,96.96969696969697,0.0
pool1jv9pf6w2fmjqpaekyt74tjkmjxhma8wsqs8ur3dte45tqdxe3t0,308,308,308,0,3839.43433,0.0,83884.38890937339,<3M,12.465695876623377,2.9090909090909096,100.0,0.0
pool1479z5kd9adf44nzf6mwjqql5fvfm6d8n7ntgwr32lmtkssvlc08,34,34,34,0,3827.5209080000004,0.0,231522.10058497055,<3M,112.57414435294119,1.4117647058823537,100.0,0.0
pool1wvyk75cr7d3xqgdlzlcnjqmk8m4f5ppkgtxnqh4336v5sfqw4u5,38,38,37,1,3823.6050859999996,0.0,262682.35673021065,<3M,100.6211864736842,0.15789473684210525,97.36842105263158,0.0
pool1wdrg5vtv3nrh0mqmfua5qmj5p3zchzay2cz80jwfxxwrx7gp402,332,332,332,0,3815.7569359999993,0.0,52231.16784827711,<3M,11.493243783132527,1.5075599397590278,100.0,0.0
pool1n9sygh53tantskvg6fadljx95tt6s57y5d9wuahcke0lgkguyeq,26,26,26,0,3799.9441490000004,0.0,399098.1709642692,<3M,146.15169803846155,0.5000000000000001,100.0,0.0
pool1velulwn9ezvh5qecdcsswkl43svk5m5z76wuwtv6syeukp0y4l9,23,23,23,0,3784.420746,0.0,427688.48610686965,<3M,164.5400324347826,0.0,100.0,0.0
pool1fp9z85qx2k6jgnn4f4taxlgn0xw0w9k3t47q32t83ymexz5ymwd,309,309,161,148,3772.6895070000005,0.0,51552.46638331043,<3M,12.209351155339807,0.9999999999999929,52.103559870550164,0.0
pool1c0qt93ydpjdndag5v9fsmzjv0hm87ehstqn6ttvrr60rw9d6uaq,386,386,60,326,3760.437241,0.0,29409.505563080133,<3M,9.74206539119171,0.7085492227979184,15.544041450777202,0.0
pool14glhqr7989jz4yu0hnytpw62xlq0666sy075ztufdya2yw4d6fe,307,307,305,2,3742.4482430000003,0.0,27575.084196250693,<3M,12.190385156351793,3.1889250814332146,99.3485342019544,0.0
pool13qzk5az6sx77lk2nt8zruu0t2tsyepu9q73yaz8l8j3uqxqh9wh,63,63,61,2,3732.4377729999997,0.0,104128.62978895237,<3M,59.24504401587301,1.0634920634920642,96.82539682539682,0.0
pool1j8nnq9j3ngh665tyxsfkjfxlqprj0ftq5aj38mlx7svhj0wm5s7,23,23,20,3,3715.6846299999997,0.0,372049.4736442174,<3M,161.55150565217392,0.791304347826087,86.95652173913044,0.0
pool1mtlhhdajrx7a5r5acyp3g4rjrmv72tymvf5r8jme32276x7jgvs,31,31,30,1,3698.920163,0.0,236511.7384270323,<3M,119.32000525806451,0.19354838709677422,96.7741935483871,0.0
pool1l2eyll8qvywzjrssyyw2cqymzdn2u88vujsu2lg3ph06zem2ykv,296,296,295,1,3688.604889,0.0,51586.13061816559,<3M,12.461503003378379,7.462837837837828,99.66216216216216,0.0
pool1cwrnmekq6wft56p50505cg9e8qulurr4h96wndnh9qfssuf4a3p,18,18,0,18,3657.040845,3657.040845,426488.67818927794,<3M,203.16893583333334,11.999999999999982,0.0,100.0
pool1vgcwg06lyydtnukylyxfw8mclr2quc2wuhtlqzvr3ul9jnply9x,56,56,56,0,3624.3180089999996,0.0,119461.05024403568,<3M,64.71996444642856,3.5178571428571432,100.0,0.0
pool1a734a2f7kex3t9vh6f7rv7j554w4s0tgw324hkngeufsv92gzct,236,236,232,4,3585.512942,0.0,38579.46715038959,<3M,15.192851449152542,0.3135593220338984,98.30508474576271,0.0
pool1ezskfrplms9h6hxcw7adqghmfrtpn6cy7ax8ajrm5kn0crvl6sn,78,78,78,0,3568.446986,0.0,106940.87567614102,<3M,45.74932033333333,0.0,100.0,0.0
pool1r6jdncj6ugpuzcvhe5k4r489vm4xuw97hjedprgfw2wcxavms4z,91,91,86,5,3565.423066,0.0,459044.3464426374,<3M,39.18047325274725,8.274725274725284,94.5054945054945,0.0
pool1x96hyvvamshl5ymcpdshz4ymqjp33vvz9s8dx06xxwpzzkhgra7,366,366,366,0,3555.405082,0.0,19301.796254035413,<3M,9.714221535519126,0.9999999999999907,100.0,0.0
pool1qu09ve95eqz4mgygn8a85jhhpce6578lvfvs3ltv5flt5xv66vk,259,259,243,16,3554.382933,0.0,22980.278846721936,<3M,13.723486227799228,0.0,93.82239382239382,0.0
pool1nu7kclsp29ldluua6wyy98nwsk564m085r9kuxz9x47p2n3u3pf,10,10,7,3,3553.603252,0.0,790041.1093675001,<3M,355.3603252,3.0000000000000004,70.0,0.0
pool1njs7jzx60aht6ws459434lsx37gfmqahwr0uu4y00dd3wwnggym,31,31,31,0,3509.1921479999996,0.0,148060.49090448386,<3M,113.19974670967741,0.1935483870967742,100.0,0.0
pool17g46wmt95mmn78pkcr2mgdd5n9q8glpg2j034udccrg974mtndm,86,86,86,0,3500.242268,0.0,111648.35072188359,<3M,40.700491488372094,0.26162790697674415,100.0,0.0
pool1lagcrwhhy24grdxpetj5vwwey6z8ncp7gx9gdd5p7gnd5f6urcc,132,132,131,1,3486.7545370000003,0.0,57554.00790551514,<3M,26.41480709848485,2.4606060606060582,99.24242424242425,0.0
pool1fhv5ptycez7r7lpmx9qjt3s83flpegzx0anynun45rlhuzn7kwk,311,117,117,0,3483.843446,0.0,43343.69443816073,<3M,11.202068958199357,2.736334405144698,100.0,0.0
pool1f07py0a7k4fphkxf3epa45k9us9sqvkejq8ldgpzjm5c7j5wyva,18,18,16,2,3470.986618,0.0,275710.3012716111,<3M,192.8325898888889,1.3055555555555556,88.88888888888889,0.0
pool17wph2uu643wykezxmm3ef3a8shg3hwyq2z0sgpu6r9sc7um83d9,197,197,197,0,3464.9090490000003,0.0,54980.67290357362,<3M,17.5883708071066,0.0,100.0,0.0
pool1stxwxvsh8evul2l8t64mqcsxswg8usxam9h4v2qhsg78ye763q8,61,61,60,1,3463.3339109999997,0.0,53402.36002070491,<3M,56.77596575409836,1.0000000000000004,98.36065573770492,0.0
pool13pcwank3cs75ucumug9lstt9mnraexgzupcvdy83arz8wwn5jaq,87,87,87,0,3455.6125119999997,0.0,101224.37005787344,<3M,39.71968404597701,2.9999999999999973,100.0,0.0
pool1k9yt0fqk5czmajcjvqnwc6w9k5rcc40xe9kq05asd43c2xsw58f,16,16,16,0,3440.768436,0.0,849601.8836986875,<3M,215.04802725,0.0,100.0,0.0
pool1wuwn88wa9yxk6jygatjpmslzdletkyc5838l34akc6yysq44ms9,38,38,36,2,3440.345053,0.0,98166.76573673682,<3M,90.53539613157895,1.4736842105263164,94.73684210526315,0.0
pool1gdh3wpppagqde3cu3ggjyhxt7dq7nfrs0z96ekcsmfeq5k7zzxv,70,70,69,1,3429.689045,0.0,39466.590415914274,<3M,48.99555778571429,1.0000000000000004,98.57142857142858,0.0
pool1a8v2xw8uvsam86prpp2gek3fc54t9hnjsaglal9zp7d4g2tf525,98,98,98,0,3403.4894240000003,0.0,172205.96163683722,<3M,34.72948391836735,2.5204081632653077,100.0,0.0
pool1duzuav0k4r8jx9hx7c3avpyr2c9hc4muf0nv6f2n6ea47e9x5zf,58,58,58,0,3402.700135,0.0,187394.3152089484,<3M,58.66724370689655,0.9990000000000006,100.0,0.0
pool1xheqeezmveyea80lk2gm3eygu3pw95h2thpm5g9ypf46g2dn3w5,101,101,101,0,3401.237475,0.0,183245.30447548474,<3M,33.675618564356434,21.405940594059373,100.0,0.0
pool1xlluqt0tqvyzkx8wrrqzla6nkx7fyvzutj8kmg34gwk4uzhm5pl,30,30,28,2,3328.760987,0.0,326988.5611185,<3M,110.95869956666667,79.19999999999997,93.33333333333333,0.0
pool1tamft50mh0vjm346d9lusczc8fxxyh5z6fk2eel38srwvz38d78,406,406,406,0,3325.003079,0.0,13892.928425465589,<3M,8.189662756157636,2.999999999999983,100.0,0.0
pool1ndc7kgyvsd3258juepzz6v7fn5ke2pyvn8s2qr9y44agwjhpyht,57,57,57,0,3322.708181,0.0,125599.13693370177,<3M,58.29312598245614,0.9473684210526319,100.0,0.0
pool1t4zp4wlastva63rqk99k7578e2h3znqdk2arhzuegz6kgj0duc8,180,180,111,69,3319.635403,0.0,113529.98225189443,<3M,18.442418905555556,0.9055555555555563,61.66666666666667,0.0
pool1tku2j0ypfu5l5n0unasq8zculw4vx30t2ymx4qrj4837v8tdtak,42,42,41,1,3317.267979,0.0,115015.69904304766,<3M,78.98257092857143,1.0119047619047625,97.61904761904762,0.0
pool14d9malnn8pmyjfr3fagp8k6a04mavehffa9mh5c852ny53krcfl,59,59,59,0,3302.773889,0.0,97772.27780627125,<3M,55.97921845762712,2.1864406779661034,100.0,0.0
pool1dsvkdd2t3wnn3mrm27q0572zl2z36lkw3cl2cf4z0c24vad28v2,331,331,331,0,3286.754143,0.0,20220.478539655294,<3M,9.929770824773414,7.877643504531672,100.0,0.0
pool1yeqcw6v9t4ma3x0aqzfrh7as4yzj4ppmczc00fdffw78xw9qvz4,28,28,25,3,3260.2765569999997,0.0,133865.14254732145,<3M,116.4384484642857,2.035714285714286,89.28571428571429,0.0
pool175jklkquzts0u05axap90uqpym5knnjxky396mz95hhauwyzswe,338,338,334,4,3251.300006,0.0,11137.989240789972,<3M,9.619230786982248,0.9999999999999917,98.81656804733728,0.0
pool1mxapcaxj3xnym065w8vqpurgtkk6gssxad5y25rhh6ucc2dw4em,93,93,92,1,3240.392099,0.0,63131.545359827986,<3M,34.842925795698925,2.0752688172043023,98.9247311827957,0.0
pool1xqg0j4dvthxkxf6xu2h5l09ze9xk6fuwmksdjhwqlww8srhxjz2,131,131,131,0,3230.886597,0.0,35473.94233389314,<3M,24.663256465648857,0.9160305343511455,100.0,0.0
pool152ha79a677s2skr5n9cethtg549nljxm2vlzqfgaf8hq67q3790,76,75,9,66,3213.8675909999997,2111.4689369999996,199688.629661224,<3M,42.28773146052631,4.999999999999993,12.0,65.6986909763452
pool1t0ugaqv8wp7gczrt2jxmu57nj70agy3nu8dd9ayaljwxu45hfh8,40,40,40,0,3197.464536,0.0,209754.1573763999,<3M,79.9366134,0.0,100.0,0.0
pool1v0mlgrcff22nxxf73a63m3g0laagknatw33h96cghcf0vag04st,16,16,11,5,3191.003153,0.0,351157.52529262495,<3M,199.4376970625,2.8799999999999994,68.75,0.0
pool13q546lq5lmw9pp9cfwwmx53uh4ysajy28upydg5n8tcx5ayz682,155,155,155,0,3183.8270430000002,0.0,63573.14642047097,<3M,20.540819632258067,7.584516129032284,100.0,0.0
pool1zfd4yr2m6tsvtasg2dfkt6knesrl86dky4w6dqkgtjzuwxc3zaw,55,55,55,0,3176.575447,0.0,91148.75269247271,<3M,57.75591721818182,0.0,100.0,0.0
pool1ffhg5vdmjzv9pc2syjwxkrj85qg7xsnxsmmsrnag5r7wsggv4ac,297,297,54,243,3171.9862190000003,0.0,43564.42241858204,<3M,10.68008827946128,0.10101010101010105,18.181818181818183,0.0
pool15jkpn2jewgensrnulsm0kqtj58nauvgng0qvy2ux47jdwncsw9s,326,326,326,0,3171.8177729999998,0.0,19526.8472013405,<3M,9.729502371165644,0.003067484662576687,100.0,0.0
pool1rthy0xp2syng0cydp85wvz973szmq2ns8u5p4hdedkwlyhry27w,279,279,279,0,3167.252428,0.0,44514.57612640154,<3M,11.352159240143369,3.999999999999978,100.0,0.0
pool1sqjyrgm94jfm2s6y6utvrf7msewpcrfne7qylrffekc0jtvwdlk,277,277,149,128,3162.01761,0.0,34867.940067548676,<3M,11.415226028880866,0.9386281588447646,53.79061371841155,0.0
pool129vgxx8nuqcfq955tprdzruffxsa5ge928zda3pxgxc4qyeczzp,14,14,14,0,3154.5826779999998,0.0,387251.98976092867,<3M,225.32733414285713,1.6785714285714286,100.0,0.0
pool1ulsc7gzslgc8lj2qtuw4zamqaz20377lgx5mrv5q2udnshcr8dl,13,13,11,2,3153.324283,0.0,267197.2771660769,<3M,242.56340638461538,5.0,84.61538461538461,0.0
pool1hgz6tcl8xjm8zsyp5e53xa4n9mk0ag04tlnnenjge75uxng032f,88,88,87,1,3141.419582,0.0,73751.00837625,<3M,35.69794979545455,0.022727272727272728,98.86363636363636,0.0
pool12zf0upyw2yljvrjfy4kaedpl48jjhq8gr0xhpsvn6xs3cv4z9k4,53,53,53,0,3126.1783809999997,0.0,196690.28001386774,<3M,58.984497754716976,1.9900000000000022,100.0,0.0
pool1kff7xes9u3da29ghwmhd8074t9874mejdqjvyjzseu0xs396p2m,36,36,13,23,3125.547443,1233.9680290000001,428998.9311308333,<3M,86.82076230555555,87.4363888888889,36.11111111111111,39.480060741474404
pool1d667gxendhtww73876gztgal56zhyt57rtcmev4r5a6sgcrm3v9,58,58,57,1,3100.103464,0.0,114174.66327318968,<3M,53.45005972413793,3.299999999999997,98.27586206896551,0.0
pool1r2kkr4sta0j7c38ay360vnfsdln3c6xnr639wpvqd0acy9akg97,31,31,29,2,3095.313854,0.0,487628.26303667744,<3M,99.848834,93.54548387096773,93.54838709677419,0.0
pool1ezs39nendjwjxwdq0wx79k0v2dfc2tv2ewgjsppd96g57ke5x3l,261,261,260,1,3090.871006,0.0,20632.62345077391,<3M,11.842417647509578,3.9999999999999822,99.61685823754789,0.0
pool18qlwnav8ca79dqlw5grnt96f0pxe4awdyvrdpxde89ln7th9utp,174,174,174,0,3063.0110320000003,0.0,42077.252715258604,<3M,17.60351167816092,0.7385057471264374,100.0,0.0
pool1hu6l932nzvfj9vvnezt22zud5e7lvk7y0y3paf6dc7u9k680u5w,75,75,74,1,3058.7705889999997,0.0,135270.14771522672,<3M,40.78360785333333,0.05333333333333334,98.66666666666667,0.0
pool19clgr0yxjs8pqmlsmfzu6hg5muy5ws2rze5hlesg0v7tvyhcgxh,290,290,285,5,3056.6643369999997,0.0,50537.809001106856,<3M,10.540221851724137,0.9999999999999938,98.27586206896551,0.0
pool1eg6k5zz4ndk6a3sa3z7ug97y84ghj0zljs26zkhthzzkw3p82ew,57,57,36,21,3053.483839,0.0,210086.40824566677,<3M,53.5698919122807,3.000000000000002,63.1578947368421,0.0
pool1pxz5lmxujqt0vz5l8xdgaw85vlde6pd9tmv45yny2au5g60lqx8,12,12,11,1,3011.1603729999997,0.0,1175057.3345653333,<3M,250.93003108333332,4.375000000000002,91.66666666666666,0.0
pool1her5uyhxcxeyxws60jrft4kkczc2uxyz3z2sq24582z9kvwsng0,365,365,365,0,2998.120047,0.0,12123.75130887129,<3M,8.214027526027397,0.016438356164383564,100.0,0.0
pool1rcgz0we5vgvf2zklkmnc3fnpsaatlcq9ydz353qwtf47wfxj7f0,29,29,29,0,2992.946505,0.0,122790.08871324142,<3M,103.20505189655172,2.5000000000000013,100.0,0.0
pool1sdlqztsyqedkp982g2ax3spjx3zysw5qhp0h2md02mdcgrtdzqt,29,29,18,11,2978.4853359999997,0.0,55079.32137603452,<3M,102.70639089655171,1.0000000000000004,62.06896551724138,0.0
pool190vx20f4ptv93u8em69pl74y6kux0mgl6kpzwmq6xvx8qvza429,359,359,33,326,2977.6881280000002,0.0,32988.8740669756,<3M,8.294395899721449,0.999999999999991,9.192200557103064,0.0
pool16az8esp0qgrt3vwnpqmn2n2z3h7nexrhm4qn8xrr4sds6tj0dxa,242,242,242,0,2972.797022,0.0,25951.342710632376,<3M,12.284285214876034,5.000000000000016,100.0,0.0
pool1prn0a3058n4e0evm55gvc5rrawht79p3jxpv42nq7s2ncxhszla,362,362,354,8,2967.9838200000004,0.0,22805.214628530775,<3M,8.198850331491714,1.1767955801104841,97.79005524861878,0.0
pool1p8ccvv2e8l0eaxnymlxecl78f7g5l5mkth74v8nsqulzj3kz38q,55,55,55,0,2962.8886220000004,0.0,170001.8726603819,<3M,53.870702218181826,2.000000000000001,100.0,0.0
pool165uzxp7wngre355fekttvhcs3977aweshz8cawv0q5gygdv5yuv,50,50,50,0,2961.1120329999994,0.0,61155.92183335999,<3M,59.22224065999999,1.1400000000000006,100.0,0.0
pool1fatmstlhqf93wyhlnvpdr0ud78hj8k6cnk2062lqkcvpq6lw8wu,61,60,50,10,2956.764336,0.0,49998.621759147514,<3M,48.47154649180328,1.9836065573770503,83.33333333333334,0.0
pool1tsvy5rjrxlt9rs9lga2kcz08y739uqxvq0e3tq948m50w9h0j3w,33,33,33,0,2951.4973680000003,0.0,838433.2395190911,<3M,89.43931418181819,1.9499999999999997,100.0,0.0
pool1ssc56yee25qlgaj2xddympx6m5asve3k05fklh0wjcjcz40wl69,51,51,48,3,2948.932164,0.0,129071.73020490195,<3M,57.822199294117645,1.2352941176470593,94.11764705882352,0.0
pool1ugwj76z4cx6sywscud8ntd2m9tg3gyesmnnl35qr2l5mu06pe3x,367,367,367,0,2946.542266,0.0,15674.942492648555,<3M,8.028725520435968,0.08583106267029977,100.0,0.0
pool1wvgf640twac8y7raqfz8hlqz4sajyw2gfpcxkq80wygekcx2402,373,373,373,0,2944.7266769999997,0.0,34005.99117340478,<3M,7.894709589812331,0.9999999999999905,100.0,0.0
pool1zkq5fgc00wumz3zruusfj7pdvuy0q94tyzn0pmn8lpuwgkjrv7l,54,54,52,2,2943.638149,0.0,126920.37236557405,<3M,54.51181757407407,0.8703703703703708,96.29629629629629,0.0
pool1yd6syfzp0868rtv8xcft03kzw0a4sqrvt0rtywuj2k4lcrtputx,60,60,59,1,2938.1478160000006,0.0,212714.16402756682,<3M,48.969130266666674,2.000000000000001,98.33333333333333,0.0
pool1gxu3vkh8whgygd32mjxsl5thd7p82qv9xygfkvssa90myrmytus,208,208,208,0,2923.532705,0.0,20919.880347658698,<3M,14.055445697115385,1.9999999999999998,100.0,0.0
pool10fvfzepq2udukqm3t8thyf66qn5k36paltt4ptexl9pl6j92tfj,23,22,22,0,2920.7929110000005,0.0,254089.35883326083,<3M,126.99099613043481,0.003913043478260871,100.0,0.0
pool1rnnaf39mea70fzmdpj55tfhzd64494nakzn3a49zld5cw035qh4,60,60,60,0,2916.259176,0.0,89007.19442716667,<3M,48.604319600000004,0.05,100.0,0.0
pool12f3wfgks8s7ga6kltjl98ayljysu3gtgcdx7wsrw4702sfkl3v5,76,76,76,0,2911.255188,0.0,61453.12349176298,<3M,38.305989315789475,2.000000000000001,100.0,0.0
pool18yn5ec0p9ngps0sdcweutpfjzw62qf3yxksfu70kpthpjjv6ant,19,19,19,0,2906.428962,0.0,286531.4492837369,<3M,152.96994536842104,0.0,100.0,0.0
pool1el5wl4twd389vnclz84wp4q5rh4cgvljnyk5uny6nta5qqf62ce,249,249,248,1,2897.8244019999997,0.0,65611.76620895184,<3M,11.637849004016063,3.000000000000007,99.59839357429718,0.0
pool1r2249l40de8nlj77u77yzk8kxl3av4k09ztswcuqfexzcxwx3k8,406,89,68,21,2879.864486,0.0,22897.630473854868,<3M,7.093262280788177,0.1458128078817735,76.40449438202246,0.0
pool1khku6wh5mh3xprdw3crqye0mzwzhk3cxzv2unnusa0c0sjqac2g,47,47,46,1,2878.90971,0.0,135476.48258636167,<3M,61.25339808510638,2.8297872340425556,97.87234042553192,0.0
pool13lvqv30e0zuk9kjextyhdemzpyefhjgd077xhmqy4gw4xuvcm5f,33,33,32,1,2871.6557030000004,0.0,126315.28264233335,<3M,87.0198697878788,1.4848484848484855,96.96969696969697,0.0
pool1g5hzwhlsya3pqxzkkf97308z4zp0kl5hjdaypaqd3fwjgkaq4hk,67,67,66,1,2869.327041,0.0,46157.96136571644,<3M,42.82577673134328,2.0149253731343295,98.50746268656717,0.0
pool10y2jjrllhxhsmjvyznls8r7wyztjawz3gre3qqr938tvw5tg0vu,38,38,30,8,2865.168563,0.0,125530.08746271058,<3M,75.39917271052632,0.5000000000000001,78.94736842105263,0.0
pool1uh4uz5n5hgxe2vh99aherx64k9j52vftdlylwcr3mgk3sdz6vj4,227,227,226,1,2852.3599500000005,0.0,33731.403880925085,<3M,12.565462334801765,2.162114537444941,99.55947136563876,0.0
pool1us4ctkpuk3xpyf4p7khswh8l8s3wyxmlrls9cenpa2xmx7jyvrf,43,42,42,0,2845.788195,0.0,129697.9222380698,<3M,66.18112081395348,0.6627906976744189,100.0,0.0
pool1ty9xkrrhp3unwdp6szfmeu9vgzn7qkfvqlerp7j9mu8cxl4rsnl,95,95,94,1,2845.1190370000004,0.0,104107.63433390517,<3M,29.948621442105267,0.3368421052631579,98.94736842105263,0.0
pool1223lffkp6apdunf3prnfz5cra8fy2m2sdkazkls2wky3wdguw59,11,0,0,0,2841.286012,0.0,929735.3409903637,<3M,258.29872836363637,1.1818181818181817,0.0,0.0
pool1fkfn8l8t09mplwpxkg3et39llpr5p7l63ter94hkj38tw6fnh3g,305,305,248,57,2838.641542,0.0,20422.6861357115,<3M,9.307021449180327,0.0,81.31147540983606,0.0
pool14gw9d5yhxf5t6k68tqvpa95hragu78yuyr7lm9gz9d9dx2yz9s4,367,367,366,1,2832.395934,0.0,20103.16451149326,<3M,7.717700092643052,1.573569482288821,99.72752043596729,0.0
pool1jzzwh6cpressu62sdzn5l2yrmtz7mf2l4jnhzpa47sqxg8e9xkh,85,85,85,0,2827.402672,0.0,97743.14290431769,<3M,33.26356084705883,0.03529411764705882,100.0,0.0
pool1qgm942xc95w8f6qsx2vd35ghsqsyy3v88p6cdmahx5wmwjscahf,25,25,25,0,2821.1403240000004,0.0,163958.48188212,<3M,112.84561296000001,1.5000000000000009,100.0,0.0
pool1zc4thh89p92we2r5g4umthwhe8k53eq0mnsdk75npl64s62zw8y,26,26,25,1,2809.10928,0.0,366521.8582718847,<3M,108.04266461538462,1.3846153846153846,96.15384615384616,0.0
pool1hmapm5l0zc5d5l77cqerdl5kd96lp66f9lfayclfylygg0a9c00,36,36,35,1,2808.8221810000005,0.0,139022.37772086103,<3M,78.02283836111113,1.2708333333333341,97.22222222222221,0.0
pool1fgj2ua0rz4dkq0hmmkv7syuccda96slh40wex2w7vsnxujuvjtv,345,72,72,0,2782.1279210000002,0.0,23002.392218501376,<3M,8.064138901449276,2.9999999999999916,100.0,0.0
pool1t3gfawqtskanc2uqhe3dd6ecznwdeamzc8fv5fzx5mjvj07rzl8,28,28,27,1,2771.764754,0.0,167604.05156792855,<3M,98.99159835714285,0.0,96.42857142857143,0.0
pool1500emvz794ertxvjtgfj9wecr6ndhhdvqlveapjnr0clsxr9lpp,40,40,39,1,2756.229859,0.0,134380.17391374998,<3M,68.905746475,0.0,97.5,0.0
pool1l6sa5mpkx8cn0emv0kynm4tnw0lcf4p5pp2jhna97p2ucfj69n9,98,98,98,0,2753.766848,0.0,193323.79152483627,<3M,28.099661714285716,2.5204081632653077,100.0,0.0
pool1m4nc6ea8htk9t58yx43sqluln7cp2a6qmzq257uudrvtkue8vw3,362,362,92,270,2753.465853,0.0,28376.34863138138,<3M,7.60625926243094,1.0055248618784438,25.41436464088398,0.0
pool1rkz43352y9kmsvzqn3wp08t6qfz64j6at4gtmn74ge0tv7hqdhf,344,344,50,294,2750.185899,0.0,42740.7152080436,<3M,7.994726450581395,0.0,14.534883720930234,0.0
pool167n02n48l5hfgfu6e46xq8n3yefccm9dcnmefkmxuymhc8ncrjm,403,403,402,1,2746.663947,0.0,12599.469019776823,<3M,6.81554329280397,0.06451612903225808,99.75186104218362,0.0
pool1zd3naf63ntdwtk3qkl365xhk2s9m0jvj789u8y9kyzjwkz2tmzr,39,39,37,2,2742.394706,0.0,71366.34211233335,<3M,70.31781297435897,3.102564102564105,94.87179487179486,0.0
pool1dq2tg9rn6txuxtcjggwnj38mwq98cvewm3yg8zkdw7qu5nzg7ge,122,122,121,1,2723.8276530000003,0.0,29856.2976702541,<3M,22.32645617213115,3.5000000000000058,99.18032786885246,0.0
pool1gh4cj5h5glk5992d0wtela324htr0cn8ujvg53pmuds9guxgz2u,58,58,58,0,2723.745414,0.0,85071.94062996541,<3M,46.9611278275862,1.0010000000000001,100.0,0.0
pool1a3a9tuqtqr4ptr20aap7weurturzwm9wrfdt73sget23u959cyd,9,9,8,1,2690.674013,0.0,611348.8083312223,<3M,298.96377922222223,0.9166666666666665,88.88888888888889,0.0
pool19fc2vzdf2pk42uu2848przz05ududrlmwktgsv2sd8mk69vuech,41,41,41,0,2681.715869,0.0,58012.79187112197,<3M,65.40770412195123,1.0000000000000004,100.0,0.0
pool18746ufc05k938yq3l0dyn8s6wvmjkcnlz6mlf20x7w25s6363fe,16,16,11,5,2673.698735,0.0,57443.2011353125,<3M,167.1061709375,2.0,68.75,0.0
pool1ww3v7euue6vkzstk2gm5r2s9jsnj9zgtvvscfcmhwfxlzpfgap2,315,315,315,0,2597.778359,0.0,32991.56404443836,<3M,8.246915425396825,2.7999999999999865,100.0,0.0
pool1q5h54ekx7wwqpfz78y8dppyl6uv7rpyvvr8nhf4es434un4mpx3,359,359,358,1,2583.267901,0.0,31295.85627295823,<3M,7.195732314763232,0.0,99.72144846796658,0.0
pool162l5mllj07f6ca7vz8ej5cydxtse0pzxlrdhfqpj6gusylylpxn,171,171,167,4,2581.585222,0.0,21617.84867324566,<3M,15.096989602339182,0.555555555555556,97.6608187134503,0.0
pool1lyz6na2h9c6e7j44ntlu2h2sdytxswunyjw7p5ctgf467dsyryz,143,143,143,0,2574.920491,0.0,51085.195453342705,<3M,18.006437,1.0000000000000007,100.0,0.0
pool1u4p03p6eextu3ge40f2za7lspjz5qkaw5lmqq6emx3qkqq6yjvr,184,184,177,7,2570.2951550000002,0.0,48365.8206615435,<3M,13.968995407608697,0.22575543478260857,96.19565217391305,0.0
pool1wc2kuqz7w36j4xc7x8aqekgjhmy4ggknddqqfuw4mr3pu9f8wxn,394,394,368,26,2533.766482,0.0,8465.615756736028,<3M,6.430879395939086,0.005076142131979695,93.4010152284264,0.0
pool1gplusrfxc087ep94rata3m02qpyqa6a6g4wezxf4fwwnczzyg3l,191,191,191,0,2530.703563,0.0,56034.60593167543,<3M,13.24975687434555,0.005235602094240837,100.0,0.0
pool175axtsjx97j9n8ge6sh3m34yvh65t8d53tfjprs9d0lew3a0vkn,85,85,85,0,2514.546797,0.0,22448.82927704706,<3M,29.582903494117648,1.0000000000000004,100.0,0.0
pool1djheuaumt6r8nxhhlj4r25r7znpf0ku880e292ar2ejfzp9aqey,44,44,44,0,2511.3546810000003,0.0,68322.11829386363,<3M,57.076242750000006,0.2181818181818182,100.0,0.0
pool1gduk8s5stt3uej5nl9vs7marx8jjyeadwz3505gzvuqey2lch35,286,286,286,0,2505.615422,0.0,38046.97491152768,<3M,8.760893083916084,0.04195804195804197,100.0,0.0
pool168835na7vyhc7txvqkngvdawl8uvvmc3zcx7r6wxveuguzgmf5t,15,15,15,0,2474.76735,0.0,273229.641748,<3M,164.98449,1.0,100.0,0.0
pool1nhr06ggy43l7mhekvazlrdywl0udvf5f03drz8t4649zwzndc43,6,6,5,1,2452.776694,0.0,345924.4387205,<3M,408.7961156666667,0.0,83.33333333333334,0.0
pool1g8emzhrurqdqqnshs3rvxw3hn35x6sz24xdddqqenk9cxtemfd4,82,82,82,0,2449.9725909999997,0.0,147499.2368546708,<3M,29.877714524390242,0.0,100.0,0.0
pool1r650ja5y4jy7xd6srjz8ujkumy8xpk8kqgrxu92g3nwyk5jf4zq,277,277,264,13,2446.150099,0.0,15117.242969198633,<3M,8.830866783393502,0.505415162454874,95.30685920577618,0.0
pool14l293trv4pdm7uv7pfunq3sawyvf8m00qlfuahenc3uyujqnstf,50,48,48,0,2426.696108,0.0,102243.33934064001,<3M,48.53392216,0.3,100.0,0.0
pool1rmdwmxhlzkka3j4dh9kxaqe7d4l2xf6gxy5dnm8fwr5wqjgnsmx,78,78,78,0,2414.5856510000003,0.0,52467.22127360248,<3M,30.9562262948718,0.43589743589743596,100.0,0.0
pool1l6946mnu54f6v0we4xzra8kwm68ch7fphhxvgytd0m4lzk3pats,302,302,298,4,2410.284369,0.0,43723.775533159176,<3M,7.981074069536424,3.34768211920529,98.67549668874173,0.0
pool10q39xyv0zwt7cyc0f2ec67ptfmq3y6k8f0t0fvrdddaqzs3hpxc,273,273,271,2,2409.169667,0.0,17562.71278064103,<3M,8.824797315018316,25.0,99.26739926739927,0.0
pool1m27ugxpqrkkn2ky9z4sel68smx6zsralnmct3y60u8ttku8duhe,7,7,4,3,2383.289675,0.0,1239273.9026962859,<3M,340.46995357142856,2.5,57.14285714285714,0.0
pool1nzws82fwk9wcvjgqf2wvq4v2ay929tpspy677xa9z82lquhhazn,68,68,68,0,2379.653693,0.0,83107.80633463236,<3M,34.994907250000004,4.000000000000002,100.0,0.0
pool1aac7ve859x0f7z36pqt659f65t9z4uanclu3j5ghmq232tnap8f,5,5,4,1,2353.3314,0.0,615353.7878834001,<3M,470.66628000000003,0.47000000000000003,80.0,0.0
pool1ru2zh42397d6dyxdzslw5p6z4cewj38npl7prpjskv7fyl0gpga,13,13,12,1,2346.68274,0.0,353665.05798669223,<3M,180.51405692307694,0.8999999999999998,92.3076923076923,0.0
pool1d5lk27jlkaj6dx7ndexjzmdqtt5hnnpx5224awz83ye0v28ve42,373,373,370,3,2337.483055,0.0,24206.99146788228,<3M,6.266710603217159,2.9999999999999876,99.19571045576407,0.0
pool1fzeqrgr60rmpq93mr03u353t23z0ts00t98kvswqj2yvwxryc60,12,12,11,1,2329.1994050000003,0.0,485494.11635749997,<3M,194.0999504166667,3.333333333333335,91.66666666666666,0.0
pool1pfl8ssfunf32pe5dyntel7eqc4gutej3f9r70h8ss7v3vesdtks,363,363,363,0,2312.092785,0.0,21564.299429308652,<3M,6.369401611570248,0.630165289256195,100.0,0.0
pool1xzsckz6hd64pnle2c88e3gccccyfs7w6eauxuffpcc5sx2mtekx,190,190,187,3,2309.867656,0.0,35010.93041098412,<3M,12.157198189473684,0.8736842105263164,98.42105263157895,0.0
pool12d3th585ga2w593eu5zqnkahsnlczjpqxemjc0qhku7awnhvn8a,338,338,338,0,2302.7054239999998,0.0,41963.54056904133,<3M,6.812737940828402,0.08875739644970417,100.0,0.0
pool1mdtkvurnjyh079s45jtscls55trr6t0xazf7g2rp3nse59avrxl,94,94,94,0,2296.9447950000003,0.0,90536.92856313851,<3M,24.435582925531918,0.0,100.0,0.0
pool1lav5pcqxrewgc03h7aky00tmuk4cawwluslkctgmwnczsgnmn9v,250,250,249,1,2270.225258,0.0,28931.337283220008,<3M,9.080901032,2.5100000000000087,99.6,0.0
pool14a3uqp0q9fyj4zmzna4yklhdsrrrx85tcdtjwmxptzkt6epulj9,6,6,6,0,2263.667963,0.0,405478.5814841667,<3M,377.2779938333333,0.0,100.0,0.0
pool1h7yfyd5uty3dn40yqj4hx0yaha6md7uy97sup86xccrpv84xydm,32,31,31,0,2252.638205,0.0,59061.072169281266,<3M,70.39494390625,0.03125,100.0,0.0
pool17m2zg7dcg54a8gz2jgkwz2s3fzzth2gyf466k7sy4dl7wchp3lv,358,358,271,87,2252.25797,0.0,23539.615446153675,<3M,6.291223379888269,3.075418994413396,75.69832402234637,0.0
pool1dx5t3yqhzh3v5ch7add7836tg0ey255tjz87spjvws4j2gjp9yg,386,386,27,359,2236.749994,0.0,20427.176095308438,<3M,5.794689103626943,2.999999999999986,6.994818652849741,0.0
pool1rmread2uh4l5d0u220rtakx0c77xaka2et5vc2lvnkwtv059uj0,10,10,9,1,2236.489086,0.0,128314.98110379998,<3M,223.6489086,0.9999999999999999,90.0,0.0
pool1aluqa966uku9r9juv52mv7rf69lfwev5jvmtqgu7ym2f2qpn6np,12,12,12,0,2236.195536,0.0,751438.5941375002,<3M,186.34962800000002,0.0,100.0,0.0
pool1txy907mgmrqnv9n90vgczwrxevrerrp5vvh32zv5aqsfg7vwkq5,60,46,46,0,2228.390333,0.0,165678.1539294832,<3M,37.13983888333333,2.499999999999998,100.0,0.0
pool140d97glhjr5nws8cdhn70h4nk35vmmmvqe3zwg43t4caxt0m7wn,38,19,19,0,2224.276448,0.0,143166.50808497373,<3M,58.53359073684211,5.000000000000003,100.0,0.0
pool1hthm4hmqj6d9anzu6sxngp2fsnz6utgqztux5p3hsnj4g22qdv4,35,35,34,1,2219.385349,0.0,60923.23305494284,<3M,63.41100997142858,1.0000000000000004,97.14285714285714,0.0
pool16j6wmwsljcc2qn6dr2d6akjas3er887vhekyej77ynyjvh2fj5n,51,51,51,0,2215.605779,0.0,207456.5033169217,<3M,43.44325056862745,0.0,100.0,0.0
pool1u2j98kgj8uj7zr7g3deuezfv7hzv3ercnetxd5c9ppjh23x20qg,291,291,291,0,2211.809499,0.0,42346.70544107554,<3M,7.600719927835051,0.5336769759450135,100.0,0.0
pool12ahq8y9v2n3h2xha4292y4h5rwz2vvjqqmerny0klhhmwn54aq8,89,89,89,0,2208.430527,0.0,41088.17517849438,<3M,24.813826146067417,2.5280898876404447,100.0,0.0
pool1ex4gapjdtnpf9u8fxe560x6p6elcaf3ysxsdskc5h63cv0zq5cv,50,50,49,1,2203.650568,0.0,54854.04382311997,<3M,44.07301136,1.4700000000000006,98.0,0.0
pool1mwn4z72mesfacx7rgjphlnmw34afhkw7msuqueh68n80zduarq2,27,27,27,0,2202.620197,0.0,129780.3399857037,<3M,81.57852581481482,0.7407407407407408,100.0,0.0
pool1t6xhh2stg5k50sjdzjglp2h0j59vupwv3kur45efvkk7cps5hwq,17,17,17,0,2202.609622,0.0,326503.7509059411,<3M,129.56527188235293,0.0,100.0,0.0
pool1p8dt73yntud6mphs2wgzmnygtp55fmgke0h2rtk4s9qk5j5uqs3,36,36,33,3,2202.252979,0.0,209770.52765155557,<3M,61.173693861111104,1.0000000000000004,91.66666666666666,0.0
pool1cpqzd83axxlqxkeyuauwsmyqwud4jekjjvfmr0mp0mrrsnz3dng,366,85,84,1,2200.9920549999997,0.0,20403.449852090154,<3M,6.013639494535519,0.0,98.82352941176471,0.0
pool12e2nev8uef544wahzz4sdvcn00xhnr6x40pjda4edllugl4lktn,48,48,46,2,2198.745042,0.0,67190.70331437502,<3M,45.807188375,1.0000000000000004,95.83333333333334,0.0
pool1kf0c6a38vy9t7muc2jpfefdc0y6ey8386ujtn6rtly25y5yxwqf,20,20,20,0,2191.299727,0.0,130852.32698605,<3M,109.56498635,10.000000000000002,100.0,0.0
pool1cace8zqecz9rkxfyleephhwd4xj9r4yw70cgxne2jz6e7xusjcn,64,64,62,2,2190.9551859999997,0.0,38925.95134912499,<3M,34.233674781249995,2.1406250000000013,96.875,0.0
pool1mjehcx2qu7trxuzugdywuvdyqs8zx8kph23y6c7hhx69z50acun,30,30,29,1,2187.527847,0.0,144129.43752379998,<3M,72.9175949,0.21666666666666662,96.66666666666667,0.0
pool1fxlf6mqxeuptm7ztwdpp2zdwm7tsfcy3fweu7euyf6aduuh6u42,361,361,361,0,2186.946357,0.0,54614.13781541567,<3M,6.058023149584487,1.9999999999999816,100.0,0.0
pool14hxmqyr2scw34fzml8k69ye85x4krzyexnu6serl6vdgjs5zetn,19,19,18,1,2181.595484,0.0,105286.08308715791,<3M,114.82081494736842,2.0000000000000004,94.73684210526315,0.0
pool1yrqdah7qxdlk9p4ht49gvpjumwlekke6ey9vuxfxeq3eys3sydt,13,13,13,0,2180.127266,0.0,294902.48051269236,<3M,167.70209738461537,5.0,100.0,0.0
pool1yrprrg6segrjprav2xjnvtgl57w6er3ttjskg70fjtwc524u0k4,144,144,143,1,2180.094024,0.0,92396.80130549923,<3M,15.139541833333332,1.6520833333333276,99.30555555555556,0.0
pool15hd4snjh3e3xz808lzjqv2keq7dzukw2xdzzvcksjy4rqzal3yc,10,10,10,0,2169.94059,0.0,229877.28060300002,<3M,216.99405900000002,1.3,100.0,0.0
pool1j43qxndehnatgf7ffjwgauca68wx3swr4906d2qprf4dw6tcget,52,52,52,0,2154.62234,0.0,77534.20754251926,<3M,41.435044999999995,4.999999999999997,100.0,0.0
pool18hlnw3rz65pamejn65xxu5hjygpr7ktjcxl7dv2fp7kc274zaz3,57,57,52,5,2151.5845369999997,0.0,65501.66450131578,<3M,37.747097140350874,0.0,91.22807017543859,0.0
pool1w7avkl9cszkmx96zn8cfgrwj5quqh6ehdmjp9ejszuhegtevrcc,73,73,73,0,2145.6653340000003,0.0,39968.77822595889,<3M,29.39267580821918,0.1232876712328767,100.0,0.0
pool1v2u8x73efaa7vlc342jdd4pdvdp9vmmgacc97tty6cljxrtxpse,333,333,122,211,2126.8393379999998,0.0,28506.6471886668,<3M,6.386904918918918,3.5030030030030144,36.63663663663664,0.0
pool1w6wdqqu5qyj2twwsmlck05l3jew9hjrvr6s6hvgvnn87x53h40z,137,137,136,1,2116.288519,0.0,23852.363512868647,<3M,15.447361452554746,1.0000000000000007,99.27007299270073,0.0
pool1zh556ku2h8lhul42q3u6rwmjpx7u5heflaa0rnuc6mqhvj8xm42,139,139,139,0,2101.659596,0.0,26762.439960798565,<3M,15.119853208633094,1.299999999999996,100.0,0.0
pool1x9l9avk84wwu062687eel4jcdlt8t3ud27tq6rc0ulp9yq4p2v9,40,40,37,3,2100.366359,0.0,92855.54273639996,<3M,52.509158975000005,2.0980000000000016,92.5,0.0
pool1l2z734tugnn4tue9sw6e39nr6pcgv7wqynpra4maz4j92wzws8c,57,57,25,32,2097.822129,0.0,8502.342151157896,<3M,36.803897,1.9763157894736822,43.859649122807014,0.0
pool1awrupsqt49c7gsuw7edvwawjrg6pzg3u0m4mqcwhr5j65z4aezs,260,260,259,1,2097.5892409999997,0.0,50781.149498276885,<3M,8.067650926923076,0.9999999999999956,99.61538461538461,0.0
pool1tf73xqv234ye2crduemjpreuu4efrdfmpna3l9dwqy2uycvee9y,354,353,353,0,2094.164815,0.0,89977.30883558452,<3M,5.915719816384181,0.0,100.0,0.0
pool1lcl9j8zzqtcd4g2gf5zgexcqmnmjtvje707hupngymjhq43yk3s,406,406,96,310,2086.4154740000004,0.0,9225.620763906487,<3M,5.138954369458129,0.06403940886699505,23.645320197044335,0.0
pool1hx6pg79jq9kxvkzcr2kywdrwsjtys8dyt04ay5j60h0rjtxxkng,76,76,76,0,2067.417563,0.0,62667.957120092135,<3M,27.202862671052632,0.0,100.0,0.0
pool1qqqqzzh4xgtq4d2d5sxzhed3yut3g33tkege0ta2gu9asw0lnwp,9,9,9,0,2065.646953,0.0,829013.3831173334,<3M,229.5163281111111,3.633333333333334,100.0,0.0
pool1d054kj5nmzn0vmcsy3feyn56ehesn0hjaanucaep2n7qzyz0pv3,9,9,9,0,2064.898901,0.0,2921275.1585265556,<3M,229.4332112222222,3.0000000000000004,100.0,0.0
pool1pm635fj8skdkh0lvhtcygateyt4nt4gj5rap28zqpe7rv0wgdhf,406,406,20,386,2064.823361,0.0,11656.285120248856,<3M,5.085771825123153,2.999999999999983,4.926108374384237,0.0
pool1hjlkmtquuanfvvumfwsu395gdrmt36kda0x6wwwpz4kqctg5lyy,405,39,35,4,2064.684124,0.0,11696.464116567817,<3M,5.097985491358024,0.0,89.74358974358975,0.0
pool1a58fg4u3mcr2zwyqlc4dqd6mnwqjmcussmpmcml9lrmszwedmfy,406,406,406,0,2064.598518,0.0,14224.588429822474,<3M,5.085218024630541,0.932881773399007,100.0,0.0
pool1r8fcle3xp2n9xskpemchvtqewudt9377xkjtpfxhkp3hxx87ssx,39,39,38,1,2063.508965,0.0,121217.12520582046,<3M,52.91048628205128,0.8000000000000005,97.43589743589743,0.0
pool10sljkq3f89cmpx3mhnqy8xur5fryph4xrmuk8yu2ye36guk88av,27,27,26,1,2059.9773410000003,0.0,77254.6532562963,<3M,76.29545707407408,2.500000000000001,96.29629629629629,0.0
pool1kzyukfavxv9sdrsnmxchvh9qng39uy6yg78tdqskaum9khnrvj7,30,30,29,1,2052.065806,0.0,451868.6824147334,<3M,68.40219353333333,0.9700000000000004,96.66666666666667,0.0
pool1njzry7kcm6p0skyqr5hkn8j454c5mjjyeavfwxxytzz5za8v6ud,136,136,135,1,2049.977127,0.0,52206.97023003683,<3M,15.073361227941177,2.11029411764706,99.26470588235294,0.0
pool173qemdqfjnkrjzykmc0j4nqmxuuhvvv42pawt4xka3k2vwmd4mr,335,335,335,0,2029.919598,0.0,23607.76391899705,<3M,6.059461486567164,1.8358208955223825,100.0,0.0
pool1teppcwacpq79a62luws4jaxqmhx5vxqu706362e9ya88wjwj5xx,298,197,197,0,2023.9289130000002,0.0,59553.693292875745,<3M,6.791707761744967,2.7499999999999907,100.0,0.0
pool197dm2qehf9qzzd5ccgg7t5u4h9j5zj56asvjguptefpkgxhd5al,258,255,255,0,2020.91776,0.0,19911.270549255798,<3M,7.833014573643411,0.0,100.0,0.0
pool1ghfmak7eu4t6f7ep8jkspt586l828z54xnxfw732yxlngtny0uh,361,361,360,1,2020.753411,0.0,114824.20984381165,<3M,5.5976548781163435,1.0193905817174522,99.7229916897507,0.0
pool1sktpderrlmwnw8l769aqqfmmv2sn2uatp4r9z84htt6kg7jauyn,388,388,26,362,2011.428921,0.0,30631.680930739705,<3M,5.184095157216495,1.0038659793814333,6.701030927835052,0.0
pool1xdcg6kg0g4y3wqf92f8uh44urz06suglhff036k5yak2g0m8zlc,346,337,337,0,2000.222532,0.0,104607.36700306661,<3M,5.780989976878613,3.1383815028901543,100.0,0.0
pool139q8kztma4y347zvf4je8y3yc7fdf3zhmn6l48qaaflcw630gr7,77,77,73,4,1993.864828,0.0,355280.73458658444,<3M,25.894348415584414,2.435064935064932,94.8051948051948,0.0
pool1398yhldnhm3y7hzmf8c0h8wf4gwyqa2jd9s0vagj8srqyt7jcen,31,31,28,3,1993.564893,0.0,277828.59168032254,<3M,64.30854493548387,0.25806451612903225,90.32258064516128,0.0
pool12m054975da06xdlsj48p03dw84df3uehph3qllpffp37xgzdxav,79,79,78,1,1987.663403,0.0,226144.24650959487,<3M,25.16029624050633,0.5645569620253168,98.73417721518987,0.0
pool18mtj9n5sgxw6jqsq3jzl732h6yalfkx8e9249z2d5rs8smduvcv,54,54,54,0,1982.2946339999999,0.0,127750.44268987035,<3M,36.709159888888884,0.0,100.0,0.0
pool13gdtqme63jprkug3j4wzslhmu0yk4kdx323rtxpjuz7rqv3yyes,7,7,7,0,1981.717408,0.0,378271.44863657135,<3M,283.1024868571429,3.685714285714286,100.0,0.0
pool1vl99h80muwfaljg59nlc359xsxlpzkffxqtyvfmnvvz4zdkekvj,18,18,17,1,1981.706193,0.0,401405.77800594445,<3M,110.09478849999999,2.166666666666667,94.44444444444444,0.0
pool18ymc39pcf0v2mqc0sf7c9undd7j64ts359zc5674unzxqzq08wn,41,41,40,1,1981.470495,0.0,55416.26013795126,<3M,48.32854865853658,1.3878048780487813,97.5609756097561,0.0
pool1zrsq44yvyy0pc360lccc2pc9cxyn4pht5hqhhazs2xdw58r057q,22,22,10,12,1981.462144,0.0,64225.29391154547,<3M,90.0664610909091,1.5000000000000002,45.45454545454545,0.0
pool1rzhyuwfwdzksm9v2ze8playmvdv3u04x9a0tmhg2krx7kt2635t,405,405,405,0,1981.444712,0.0,6769.432420061932,<3M,4.892456079012345,5.000000000000037,100.0,0.0
pool1g535x9v4m6hp8j6emdr287xrfjyvezt4d3tnzr4fdkxlq429pqm,25,25,23,2,1981.443628,0.0,68086.66676728004,<3M,79.25774512,1.4400000000000004,92.0,0.0
pool122j50n88wmlsz4jgh9cgpan0lzckm4ppdmtr732ljez4cpmaf9e,23,23,23,0,1981.443473,0.0,232467.45334508686,<3M,86.1497162173913,0.49000000000000005,100.0,0.0
pool14arklydxklrqthvwghvguelawj44vk5cv5ukk97mgfzyxj7l2v2,20,20,20,0,1981.432623,0.0,293439.15295999986,<3M,99.07163115,0.7770000000000001,100.0,0.0
pool13qwq7vtauuxsfajwk0ed4vsmhvske45u5v86902thjsnjplvqt6,56,56,56,0,1978.540702,0.0,119079.07961408934,<3M,35.33108396428572,2.000000000000001,100.0,0.0
pool1rlgwefp8a6vpvglxqvmlrnznyv9sv6rl9uytkz8djw7p24a0hnf,110,110,109,1,1968.902035,0.0,71271.75670879096,<3M,17.899109409090908,0.4036363636363639,99.0909090909091,0.0
pool1lgzryt60tckrjspn7z0gxup6ms6srd2xmtl9y7wvt5fsxnd2qxh,290,290,58,232,1963.80463,0.0,40503.83923022753,<3M,6.771740103448276,1.653448275862067,20.0,0.0
pool1rs3qqyhfslp59mztf3kw5pzsr5x0qq69nqztpecp3578xq64cd3,116,116,116,0,1963.325953,0.0,37073.67895750002,<3M,16.92522373275862,0.9000000000000002,100.0,0.0
pool13njpuytryujfz5csc8f0mlx3rc666jx9fl2e302c4cdpxaghfnm,289,262,261,1,1960.6719600000001,0.0,31824.172910889392,<3M,6.784332041522492,1.0951557093425526,99.61832061068702,0.0
pool1v4zt9nsc3cu6aa5tayjeyelm04mftj3y3slq96dxgt707dxvht6,24,23,23,0,1955.597576,0.0,282638.1831957084,<3M,81.48323233333333,0.0,100.0,0.0
pool15zazghhw9nllufdwvkyssscfw40wtxsln478rgqutrm02q5p88c,42,42,42,0,1952.7046260000002,0.0,203075.49140597624,<3M,46.49296728571429,2.5000000000000004,100.0,0.0
pool1c8enfyd0rt39p4wr9h840y3d2xtqylxq5rsu3ku8gld45swgtne,354,354,354,0,1945.8722659999999,0.0,27348.73670586433,<3M,5.496814310734463,0.0,100.0,0.0
pool1fmf707pca09wmv6dc7ap4kxf0j648374ruu6ahazhpywcngt780,224,224,134,90,1945.09957,0.0,33085.249560968725,<3M,8.683480223214286,2.1549107142857107,59.82142857142857,0.0
pool1nt2cscruqlyaweml7sffh0fqqgw9vxddceukedxkecq8wyfrha4,79,79,72,7,1943.7782499999998,0.0,102809.49813397467,<3M,24.604787974683543,2.000000000000001,91.13924050632912,0.0
pool1gd0h7xh3vksxjmupgtu09p3l9ch8r3w2kf5aye9dtd3kw0cksml,42,41,41,0,1939.4503040000002,0.0,87061.08847659527,<3M,46.177388190476194,1.0000000000000004,100.0,0.0
pool1dfecpz68zz4ymkr2ds6mvgx398rnhm9cqqgm2a9cjtl37kpuheg,75,75,75,0,1928.4233359999998,0.0,36804.0123386,<3M,25.712311146666664,0.7333333333333336,100.0,0.0
pool19seeqvu6hfr3qru6kx3rp4khymssa82j00jfm3d6k3ua590wdwv,202,202,202,0,1923.2381540000001,0.0,35512.30507139595,<3M,9.52098096039604,3.03712871287129,100.0,0.0
pool17etnr2ngwpnqwuvdzszzd36u67kzcsrs8scuxf0a63hezy9zvpv,363,363,363,0,1921.50197,0.0,15515.519640776824,<3M,5.2933938567493115,1.730027548209354,100.0,0.0
pool14fday8ajts6zf22hq7jx80x97kxnx54v2j0lnfqrpaqlvjr5s2x,66,66,66,0,1919.9486859999997,0.0,63563.9152757424,<3M,29.090131606060602,0.0,100.0,0.0
pool1npggw7euw00kg0ttn5s653akaphnr9rqur9yq38tw6duk0rsklj,90,90,90,0,1906.010991,0.0,48111.17125167779,<3M,21.1778999,0.011111111111111112,100.0,0.0
pool1dgm070d0dp0ndns567ygkgdej0tlky2mrg0tuwgsdxvu62f2kg8,35,35,34,1,1889.7788460000002,0.0,152765.12202497138,<3M,53.993681314285716,1.0000000000000004,97.14285714285714,0.0
pool1h8lmq958aw03yse6dm0vjrvq3d6ln009r2eyjhf834mjw9x33ng,104,104,103,1,1882.1018439999998,0.0,89208.60756088461,<3M,18.097133115384615,1.0000000000000007,99.03846153846155,0.0
pool13qlweuss409p3jnuqhda6ywewmsf3qt3typ3mz295aevglscefu,67,67,62,5,1881.480391,0.0,82200.88267158206,<3M,28.081796880597015,2.000000000000001,92.53731343283582,0.0
pool1kye8kcf76vszynh6qfex5mpjlmw9fn7kphgepvht08dcwgzf9a0,17,17,16,1,1860.383477,0.0,483266.0884475295,<3M,109.43432217647059,3.0000000000000013,94.11764705882352,0.0
pool18eg6yk8m5jmy50rhywkjwrsuawrzzcr88p9h2pu5v0rj2mxsv5y,12,12,12,0,1860.290954,0.0,1142390.0189276666,<3M,155.02424616666667,0.0,100.0,0.0
pool1d6mf44hfryx9k9535z0wx609tupvmzhupu8etlaxgsra6n0n43s,12,12,12,0,1860.253199,0.0,674553.2291764166,<3M,155.02109991666666,7.000000000000002,100.0,0.0
pool1fj5jf9ey6r2j98s98qtrjvlnrxr9nx6dx7x8avnv5t5gk53lve9,10,10,9,1,1860.070007,0.0,379024.78848290007,<3M,186.0070007,1.225,90.0,0.0
pool18xwr0zysfyyxsva6sta7alezd44nsa5nasewmjxweg9sgqntlxn,289,289,256,33,1853.6378880000002,0.0,40072.55407440147,<3M,6.4139719307958485,3.4878892733563926,88.58131487889274,0.0
pool1spyxtguc023n0u7envdhhr4wxtyq57r27g84h09pxnzl2yx27ye,165,165,164,1,1850.6554099999998,0.0,15921.734943539468,<3M,11.216093393939394,0.7872727272727238,99.39393939393939,0.0
pool1k3q59pcnugrhmlr37kdrhfu045pwcxmuram8aj7v225wxj4r3t6,83,83,64,19,1838.712836,0.0,81285.22765933744,<3M,22.15316669879518,2.000000000000001,77.10843373493977,0.0
pool1k5fu9x0sv47swapw9py3r4zf52tvpm77nnxvee75aaw0kew00t5,10,10,9,1,1819.886346,0.0,241107.65389629998,<3M,181.9886346,2.29,90.0,0.0
pool1v3avy78l7gvaemvgfmhsltydscukfew7kx3uz3sqx499wns07qz,247,247,247,0,1804.8605000000002,0.0,20569.850878400794,<3M,7.307127530364373,0.020242914979757085,100.0,0.0
pool1gckg0tjrt2jk2azwd8hmly5mrac30ksc2k8z8gf8ecyru7qpcdg,58,58,57,1,1793.323618,0.0,181086.7524018104,<3M,30.91937272413793,3.000000000000002,98.27586206896551,0.0
pool1jwfj798wxytm5jkpr8ulwu30z9paqfmqe4fj392cqn4rv2ksxra,99,99,99,0,1787.8335080000002,0.0,61638.494043848485,<3M,18.058924323232326,3.0097979797979746,100.0,0.0
pool10dzswwk8ycrxfv04nv44fjpqdx4j5euj406df0xsq7xyy0r0ta5,184,184,84,100,1785.413219,0.0,45428.14544450561,<3M,9.703332711956522,4.250000000000003,45.65217391304348,0.0
pool1ngky6qkcfwg4y6pdz5m8mrmtknpp2sv06fh0lh02fqmevzcfxf6,220,220,220,0,1764.015112,0.0,12523.143694381775,<3M,8.01825050909091,0.10000000000000006,100.0,0.0
pool19n4qe42fvkxs8f95t6tas8cgvc0ukem87en9g0aave4aj4y57e3,40,40,40,0,1753.8207510000002,0.0,156594.83506344986,<3M,43.845518775,15.000000000000007,100.0,0.0
pool1crgwxc57lulfthck4ks2gzzqtjzmwr2gjvl40x6w950z53raagx,8,8,8,0,1753.278096,0.0,335607.83486137504,<3M,219.159762,0.8999999999999999,100.0,0.0
pool1lptznmldt230m0ugku9ygx0jucm74y7sgmac4mu5x2x9jznr84r,320,320,320,0,1751.444772,0.0,13493.795816790633,<3M,5.4732649125,0.33125000000000016,100.0,0.0
pool1tcjzs5lp05ze2af8tk0pk3e3w6ey9ec0jpu9hxvck32mwxj9xwq,147,147,147,0,1750.987909,0.0,79774.71542659808,<3M,11.91148237414966,2.9999999999999947,100.0,0.0
pool17jdt8kg9sv5rt5g24fy76rc3e2jjy8sh2nty7557uf3uj694hy6,40,39,38,1,1739.86384,0.0,320307.5675656245,<3M,43.496596,4.990000000000004,97.43589743589743,0.0
pool1l0qnutsvgcljl9nrkf2gn9hwffg0uss22fuwtluv6lmqqx33alt,33,33,32,1,1739.808896,0.0,34374.865377030284,<3M,52.7214816969697,0.9878787878787882,96.96969696969697,0.0
pool1xsyl4mgg08httw4mw7z2tjnzm839e7rh8es5sngwqmvgq2qk235,27,27,27,0,1739.792886,0.0,114097.72821277773,<3M,64.43677355555555,1.0000000000000002,100.0,0.0
pool1h5368szqrqvfy7txc5r2lyay0xx4fvp2w38mswplqknax8l9wl2,338,338,216,122,1734.520165,0.0,26726.085404079826,<3M,5.131716464497041,1.4999999999999964,63.905325443786985,0.0
pool1jmw0strgchxurvgamymrexjn2lypxslexaz0q7la3078vnple57,366,366,366,0,1689.899735,0.0,21257.546388688483,<3M,4.617212390710383,2.9999999999999885,100.0,0.0
pool10d303wup90j39mmvysf0lhr2xmr3mf38y5vs577nmlq6yy8n666,342,342,338,4,1688.603413,0.0,22636.83153193279,<3M,4.937436880116959,3.9795321637426566,98.83040935672514,0.0
pool1qjfawj9sr2429af8qz4q3kavhfg50mdmqnaajyfwgyle24v70rw,16,16,14,2,1681.3153539999998,0.0,288714.0876985,<3M,105.08220962499999,4.0,87.5,0.0
pool1ug9jx8agskwvy3804cdt6lh8pgtccfqsyca3g35ggwxccvmeq5c,72,72,72,0,1677.127224,0.0,68667.09003629166,<3M,23.29343366666667,1.0000000000000004,100.0,0.0
pool13rt3ngkek4l876980ect869cu978d36dcyh22ts4nwuf7ncq02u,18,18,18,0,1672.373238,0.0,217637.80681411113,<3M,92.90962433333333,0.0,100.0,0.0
pool1mzry5s8pkfy42ul2xevaq7dk6qae8247hqd8serm3ms06glvny0,401,401,401,0,1661.7654980000002,0.0,32153.159578052328,<3M,4.144053610972569,0.9999999999999898,100.0,0.0
pool1znza67r0kmuy6l3gq34h5vqfygpdt82g8uss5td7upneqqyqwnr,12,12,11,1,1651.194992,0.0,316401.0613174166,<3M,137.59958266666666,1.6666666666666674,91.66666666666666,0.0
pool144cfav5vd6vwaej6cspzea3pjfvdcjg86uzv9phxegz87ynw2zz,403,403,29,374,1651.046176,0.0,27808.66489456317,<3M,4.096888774193548,3.0297766749379482,7.196029776674938,0.0
pool15q9qez3zsy8ccj258satrfj7scc5lnmas444u355jq82vylamvt,42,42,41,1,1651.030148,0.0,35734.21197050001,<3M,39.31024161904762,2.0952380952380962,97.61904761904762,0.0
pool15dp6dchtfwml32ls8xuzu4u3xx6kjekc3kvn0enexefxj90hw3c,342,342,342,0,1648.157663,0.0,81295.24497302047,<3M,4.819174453216374,4.596491228070201,100.0,0.0
pool173ul998qx9wnukxsz4hs47fv3slu7zcympa7gkv4m9qp5fheyex,282,282,282,0,1640.869536,0.0,63901.057698776574,<3M,5.818686297872341,5.44680851063833,100.0,0.0
pool14nl3h9l6mz3tutjl76849v33x409nl63md3d8ay7wrmnvujzrsk,31,31,30,1,1620.28209,0.0,174403.1112170968,<3M,52.26716419354838,2.698709677419355,96.7741935483871,0.0
pool1gglca5t7h2tky6jrhp08sxsf3mecvh0xk6sc4v3mcpfzc8jwu2w,404,404,274,130,1620.224694,0.0,15804.840374079207,<3M,4.010457163366337,0.9608910891089029,67.82178217821783,0.0
pool1yzvc2la3nugzjtq2rr389hppdh90elc62wrlhm9x5teggg0eymw,36,1,1,0,1620.205243,0.0,119582.69245838899,<3M,45.00570119444445,1.8000000000000005,100.0,0.0
pool18q92uyx3973u3qt64nxf8p7us58gwkytrn0c3ed2a99s5uc9usc,406,406,406,0,1586.502576,0.0,120805.3437039199,<3M,3.907641812807882,2.999999999999983,100.0,0.0
pool1hx7rpmjen9gx9w3awzp34zw5wr54mdyf2ft03llqz2wdszavuk8,11,11,11,0,1573.41368,0.0,531231.8865395455,<3M,143.03760727272729,0.9999999999999999,100.0,0.0
pool1da9msyhpfmt58vrdkk7lpzgwldvc0t7q46kvpcyvvpff7347lsp,20,20,20,0,1564.227075,0.0,176992.60121395,<3M,78.21135375,10.000000000000002,100.0,0.0
pool1uzqdt0t7h0n2ue5d4su7sq44m857lrudn6zmqzeyflau5msh6vd,170,170,169,1,1537.386817,0.0,49460.02173464121,<3M,9.043451864705883,2.158823529411758,99.41176470588235,0.0
pool1hvcgam7eyh898u5q6afqqwkvh5tyek2fwctwrhvtgusgqkgkpz8,48,48,48,0,1534.335829,0.0,90075.36316558339,<3M,31.965329770833335,0.777,100.0,0.0
pool15w4gpc2zyg634j5yag0xq790h326fzcg4cvq67nmck3kxq4m5m5,19,19,17,2,1534.335179,0.0,102329.12487784208,<3M,80.75448310526315,2.0000000000000004,89.47368421052632,0.0
pool1dye0sw6hv4jee7wemgc6dnxhaquuz7sxkktz2tpm2ekcsqyyj9l,399,399,399,0,1534.334527,0.0,17508.088492185598,<3M,3.8454499423558897,0.18045112781954895,100.0,0.0
pool179u2dtcn92xv7n05dldlevt6hcu5v3p7g4aaqva2fm8qjzu7lpc,366,366,366,0,1512.1960020000001,0.0,30728.782900682483,<3M,4.131683065573771,1.9999999999999813,100.0,0.0
pool1484zq40k4xg69t55z4fqz78zz6j3t9pvlw4jd635w692xhfzkka,358,358,357,1,1508.602741,0.0,34652.44448473194,<3M,4.213974136871508,1.0167597765363035,99.72067039106145,0.0
pool1wmyr8pp6f3rll0hdxed6e8kkxzvj9ur0ecc45sttan3fqcfldcm,364,364,362,2,1508.126024,0.0,17326.23359611549,<3M,4.1432033626373626,4.91758241758245,99.45054945054946,0.0
pool1qyqnt4kzwwckjjqsj8gmzjrwer3ph9udud2vz4e083zzja6trg9,28,28,27,1,1495.175768,0.0,225980.66400374993,<3M,53.399134571428576,3.500000000000002,96.42857142857143,0.0
pool1nuhdrn8v7jrqpqtyrjhqqd2jtjff2pks6sz7qfsurp96vqdswz5,357,357,30,327,1495.0783609999999,0.0,10821.410128386551,<3M,4.187894568627451,5.000000000000034,8.403361344537815,0.0
pool1zhy8k6aswdeshg5g4tr6xpchzsuec7re87d484ehptryyrpxe9j,7,7,6,1,1494.499092,0.0,129096.16128828573,<3M,213.49987028571428,0.12857142857142856,85.71428571428571,0.0
pool1vurlp3ndgge8avz3h8lu2wzdqcwc8w4l5s43rzlk8p4pz0x5vla,221,221,221,0,1493.913547,0.0,18884.727429524857,<3M,6.759789805429865,0.9999999999999987,100.0,0.0
pool1msh7sfurmkgcqswwqg5guf3cxgqz4rkkc57g6f9te5u6y385hhj,51,51,51,0,1493.580686,0.0,97137.15934743144,<3M,29.28589580392157,1.0000000000000004,100.0,0.0
pool1xykuta9y5ltn8f2yv5wssutqf49cwyhra0er9ajtkh2d2nuyy68,66,66,65,1,1493.057809,0.0,151216.01498980296,<3M,22.622088015151515,1.0000000000000004,98.48484848484848,0.0
pool1v0j49yxl02kqspn7xmehf0kw8e07nuc2y3sc76rqzgkkwf3gtmt,50,50,47,3,1486.441591,0.0,63310.86388095994,<3M,29.72883182,2.000000000000001,94.0,0.0
pool1yw03eq6wfj9tjlp3re39uzxxffkd2p2jvjyzf46g5zn3wsrl83p,27,27,27,0,1485.518512,0.0,160941.52861488887,<3M,55.019204148148155,2.444444444444445,100.0,0.0
pool1y0pa008s3jqeykvc74mar07ntefz4sw6j003dy4p950r2y0fdtz,165,165,164,1,1483.3950049999999,0.0,89303.02023058187,<3M,8.990272757575756,2.999999999999998,99.39393939393939,0.0
pool1e7lwdma6ke4vtt5mtgn72uxc26az7z7kep8uxcckjv7lseltjve,22,22,21,1,1481.065707,0.0,99169.73533831816,<3M,67.3211685,2.0000000000000004,95.45454545454545,0.0
pool1tdjjgjfwzl842nrzplkfakj4y7y4000cd8dxm2zjtlrjugt2aac,49,49,35,14,1478.117728,0.0,77323.41164183673,<3M,30.165667918367348,0.04081632653061225,71.42857142857143,0.0
pool1tjevudln0hn4hwww96zq5dnqr5s0tsu4v820cjemgrx7jw7ukpr,39,39,37,2,1477.103015,0.0,22740.18034720512,<3M,37.87443628205128,2.743589743589745,94.87179487179486,0.0
pool1xt2nx8skvmcl6wqpr77dpuq4dmsn6erts8humxcvuflx23xl70s,92,92,92,0,1477.052224,0.0,48898.49574551095,<3M,16.05491547826087,1.0000000000000007,100.0,0.0
pool189utwzy5p5vrahvtmj368fymvr40fv4m0nc9005dek2nzpafljq,76,76,76,0,1475.5577739999999,0.0,39514.42497878947,<3M,19.41523386842105,1.315789473684211,100.0,0.0
pool1d68p6akmj0a7d5plrcmnekf3srycsay0g92x4azs985rgf9vkg2,19,19,19,0,1471.270066,0.0,261676.3734312107,<3M,77.43526663157895,2.500000000000001,100.0,0.0
pool1rd02pkrtvme3pd6fznltk62e4cr5ddgq5fmd080neu4mkt8r020,347,347,347,0,1469.759967,0.0,13157.475081357361,<3M,4.235619501440922,2.999999999999991,100.0,0.0
pool177fdptmzxyncd0k5xut6gvq0cu30e0s9ffsl5ch9uxp7xnev57d,85,85,85,0,1465.753267,0.0,21308.95385130587,<3M,17.24415608235294,1.0000000000000004,100.0,0.0
pool1mtnhc34ylrthfu7vzja3em2j5csaq3ewd5z294hs8xw2w6nupuf,366,366,164,202,1462.6461089999998,0.0,28919.384717819456,<3M,3.9963008442622945,2.5000000000000173,44.80874316939891,0.0
pool1p0yjehcxtkd84d9fsj3jy7gl9rvvrg5v8q73we2dz0yzxmgx4dv,20,20,20,0,1462.246374,0.0,153909.73108300002,<3M,73.1123187,4.350000000000002,100.0,0.0
pool1k63gzudxnchvnj5c0t6s2vurqu8ke84uplr7nemknzpl2w37vn3,78,78,78,0,1461.306661,0.0,29865.785169794857,<3M,18.734700782051284,0.0,100.0,0.0
pool1chqha8s7n7uqgjczzh8fkyslrw9xxu3ah75pc99h5vyt5nnuvgg,36,36,35,1,1459.350572,0.0,35664.4078305,<3M,40.53751588888889,1.7222222222222232,97.22222222222221,0.0
pool1d2egcm0kgymy7c8au40j527tz0udwvhafkh0yh0nwf9rcu4nms2,27,27,27,0,1457.905268,0.0,97048.31836533331,<3M,53.996491407407404,1.0000000000000002,100.0,0.0
pool1l5t63fc4c5gd35mc7ynj7pfvpjwhny0fp6v96jawpurmj5nnyyv,25,25,24,1,1453.6389570000001,0.0,87378.86242843998,<3M,58.14555828,1.2780000000000007,96.0,0.0
pool154kk65lzfuwq4zhp8s3fj0m5e5rf0gr5a38v83r9ldy6w8vmw5u,89,89,89,0,1453.358244,0.0,13742.680538235962,<3M,16.32986791011236,2.06741573033708,100.0,0.0
pool13qze0weztaxl9uje7gjryzs85mwlx0cn9pgdnkdxs3xvu78tsr3,129,129,127,2,1450.809753,0.0,20542.999025496112,<3M,11.24658723255814,0.6434108527131787,98.44961240310077,0.0
pool1u283gl35gdj2l6c5cmg9crugf9aq7w6242pr88v6enr8u9q2vzj,375,375,137,238,1447.591296,0.0,15741.266290301139,<3M,3.860243456,0.13600000000000007,36.53333333333333,0.0
pool1g24xqzq4qjvvsxetstxdw6jdfk0ze2ng0a8997qlvuu275rc2zg,13,13,10,3,1441.570331,0.0,544731.4877008462,<3M,110.89002546153846,10.0,76.92307692307693,0.0
pool1ast5kjj9zer9sp02f5w44nyqsc54589l2glyp5fhsg3awqs5axk,341,341,0,341,1437.460106,1437.460106,71716.23824342852,<3M,4.215425530791789,0.0,0.0,100.0
pool1lz3w3u985gvtf6rs4p3rxe7ht7vkenn6c8a76am25fwf674dag8,20,20,19,1,1434.937063,0.0,153621.46027870002,<3M,71.74685315,0.0,95.0,0.0
pool14dz6syalxmtlykaudkk50t9xtve0ne2rvtsgqmyvfeg5cxx68n4,345,345,335,10,1434.868843,0.0,7748.815323449245,<3M,4.159040124637681,0.0,97.10144927536231,0.0
pool19dn4vmk5ayatdjshpnyvxy6w4fef0zfl585sfpls6l2wvn0xxjn,334,334,334,0,1434.223463,0.0,54184.88970619756,<3M,4.294082224550898,1.499999999999997,100.0,0.0
pool1xlmknphm252j47vgppsneq957x0g8lmymh9twpuysew9jlprdql,47,47,47,0,1433.728118,0.0,99172.51105489358,<3M,30.504853574468086,0.10000000000000006,100.0,0.0
pool104fdj0xdhr8cqedwn0lf8dk206ryn62kn8mtyym020nuxthjgvj,14,14,13,1,1431.008896,0.0,574479.4268515713,<3M,102.21492114285715,1.9999999999999998,92.85714285714286,0.0
pool18sqt4qwprlt6ytg8pu2qpz262j9vhlzmtwn2fwvhpcnzc0u5ynw,406,406,33,373,1430.990113,0.0,8052.204874162584,<3M,3.5246061896551724,3.034482758620672,8.12807881773399,0.0
pool19ek42ve9hfzkcue5q3rsnudpwwujpc67t6lyq09tjvwg62htfj6,25,25,25,0,1430.948262,0.0,32722.10174868,<3M,57.23793048,1.0600000000000005,100.0,0.0
pool1cuxntl7ppq6g9992cphc7t7xt6hghmevgu3u2d0tczps5hu6070,59,59,58,1,1430.943643,0.0,163987.76243898284,<3M,24.253282084745763,0.43050847457627117,98.30508474576271,0.0
pool1snyaulmp94axe7ltmqzlkztqn9axt5ykprjtxh3qgn35cred9pf,405,405,16,389,1430.932297,0.0,6972.8268120520515,<3M,3.5331661654320987,9.499999999999947,3.950617283950617,0.0
pool1qqqqz3pw0vzm8ks7ljnsfvp72pgra55q7rz378uvjjaajzrgj7m,21,21,20,1,1430.905281,0.0,633967.6946955238,<3M,68.13834671428572,2.0000000000000004,95.23809523809523,0.0
pool1d7kyk2sypjq8ka8s5ud28vsa7dd5f3n6u5hu96rzsfwh5z0g4l7,43,43,43,0,1429.08355,0.0,29649.77179886048,<3M,33.2345011627907,99.02325581395348,100.0,0.0
pool1ss7kk3n2yhzjsmkaz2422asdrh2e2sjev65etf659mq3sn02dwg,46,46,45,1,1425.538071,0.0,21261.781725326076,<3M,30.98995806521739,2.2391304347826098,97.82608695652173,0.0
pool14yp80pjw9xj5audldk56zqcvehy3ewmrejg8kf6py2k5gz42pew,68,68,66,2,1421.910468,0.0,33642.21639430882,<3M,20.91044805882353,2.000000000000001,97.05882352941177,0.0
pool1yk2lpf0lg9zl84hwp85pcfyghhlzq7gqfmdxxkndec23288wlgl,42,42,42,0,1420.24189,0.0,51860.449837642875,<3M,33.815283095238094,1.6666666666666674,100.0,0.0
pool1t97tlhalmzxa78244ljxawjqlhx0rgumx90qyk3zdefu25k2p0s,77,77,75,2,1414.6797270000002,0.0,42556.51228418184,<3M,18.37246398701299,2.216883116883115,97.40259740259741,0.0
pool18pk9e3gshwfm02zawsd0q9cwsul7w3m4xsvemmztyujakk0snx3,38,38,38,0,1414.6214300000001,0.0,73607.81498657893,<3M,37.22687973684211,0.039473684210526314,100.0,0.0
pool18faprtnhaqppzq6w7wf73flkfn2wnumufdkcmyx7a6d4579u3jn,35,35,34,1,1414.24405,0.0,65971.32286142856,<3M,40.406972857142854,1.4000000000000008,97.14285714285714,0.0
pool1xzfrmeux886ckdm2ekk3t3xe2ch5666m7zxa6dt0zrfm5mq2ksm,80,0,0,0,1410.622641,0.0,32230.740570150007,<3M,17.6327830125,0.9900000000000013,0.0,0.0
pool1wtnn70n0ktfcht6h077ctat4arvgf78pp6qzp7j79ews5dqsfnh,75,75,75,0,1409.061184,0.0,88826.11315406673,<3M,18.787482453333332,0.0,100.0,0.0
pool1j74j54cx4u7pu629hs7tes6d3ffm8hnc8zes2shf7m8q6x0j5pk,86,86,85,1,1406.850858,0.0,16859.65841906979,<3M,16.358730906976746,1.36046511627907,98.83720930232558,0.0
pool1mk9k389xy5szdzyc0fpty66fu93rhwnar3202vy0d7w9ue2rycu,400,400,149,251,1402.358346,0.0,18173.648654709956,<3M,3.505895865,0.21750000000000017,37.25,0.0
pool146tvhyjes5recygg5sfwsy97rpcadr9tdhlmdmwm4jddkd784p2,121,121,121,0,1396.763568,0.0,68015.67143666117,<3M,11.543500561983471,0.0,100.0,0.0
pool128547e6j6z3cgwsh9y0aqy4cu4u2ng7e9nf8ktsjcwrjjpxmk4u,31,31,28,3,1393.690521,0.0,137119.45163680645,<3M,44.957758741935486,1.1290322580645167,90.32258064516128,0.0
pool1mqez65p7fvq29qrf8skwxjw0zlq0mar62c6v0m5kn95tgzeh7rv,41,41,38,3,1392.345923,707.956262,57670.895095926855,<3M,33.95965665853659,1.0975609756097566,92.6829268292683,50.84629116265958
pool1c5lxn8j87vhvc5rgtgytzzy9ujfyslh55lccr5r25ceyjxfdxav,38,38,36,2,1391.9242829999998,0.0,104055.84728802634,<3M,36.62958639473684,0.0,94.73684210526315,0.0
pool1x9p9gxn9m6gcgt43cm2ylnrgvlqug2845mqd4pmpwqumg8ljkfa,37,37,37,0,1391.0807989999998,0.0,10967.37978421622,<3M,37.59677835135135,0.02702702702702703,100.0,0.0
pool18f5cjtfzg9w79cxsy7qj44whxe7peq095n9jycqcrjjtvfu6xtc,5,5,5,0,1390.798704,0.0,1636875.7560134002,<3M,278.1597408,3.0,100.0,0.0
pool1dny787kkt067gfl0rts25rlq32v8npc2fmxvg70nkgt66vhp8e0,295,295,145,150,1385.0037590000002,0.0,16406.328873830407,<3M,4.69492799661017,0.0440677966101695,49.152542372881356,0.0
pool1w07z3ve6xp52dzd3fkg6rere8qpy7zsr4kwjmpw35zpxj5rz5jj,72,72,72,0,1366.358276,0.0,41052.03172320836,<3M,18.977198277777777,2.8750000000000013,100.0,0.0
pool1jp3rc7t9chgjhpky4hxqj9zxwrleqz0r8hhqlt5m88gn5tnycn5,288,288,288,0,1366.1259989999999,0.0,10601.535485444467,<3M,4.743493052083333,1.999999999999988,100.0,0.0
pool1c8z08q6vc9cchccnpa74672h3a6j98883ylc9c8uvg72krnf64d,27,27,25,2,1366.1179060000002,0.0,117351.57245929622,<3M,50.59695948148149,2.0555555555555562,92.5925925925926,0.0
pool1ucmm6rgdta0sw4qrcj3vml4wsr8pld495pptuypxg2uuvvlqest,331,331,330,1,1365.822933,0.0,19247.967130555877,<3M,4.126353271903323,0.0,99.69788519637463,0.0
pool1nn6dyvy92wz4g83dv63w5zxtnq7v6pl2hcs85u99j4lgyv56l9q,46,46,44,2,1364.507741,0.0,24417.924662152185,<3M,29.66321176086956,2.5,95.65217391304348,0.0
pool1tw2vq5vuxe5x8fse40ljx2mp53rdna9w0sktcq8ndr2nwj4ysgl,325,325,65,260,1363.964347,0.0,27998.1699887571,<3M,4.1968133753846155,3.0430769230769172,20.0,0.0
pool19klg32x4wrwh8yfdra6u52qa37meves4r68pxajxwllvzazd37c,326,326,70,256,1344.888516,0.0,10620.206600263924,<3M,4.125424895705521,2.999999999999995,21.472392638036812,0.0
pool1a8h59e07dezuget96cqu7ehfqpkcf0ahl29vu6d06zk4uqltt5l,31,31,30,1,1343.584614,0.0,124749.6555874516,<3M,43.341439161290324,2.1580645161290333,96.7741935483871,0.0
pool1uc47wsdvhgke7fazldhp294gm0n4ap5x6e8y9cd3trshyddry7k,33,33,32,1,1343.564289,0.0,139037.94255072725,<3M,40.71406936363636,0.9939393939393942,96.96969696969697,0.0
pool1ms47yxn0gnjly5txqrm0zv95vdp7863zwdawf2ccmlvlg5pmldp,85,85,85,0,1343.557409,0.0,21994.000750835283,<3M,15.806557752941176,0.10000000000000006,100.0,0.0
pool1h92eaq3wksa7j3ecd8llyxva9kuyuz5ucm7a8hpwz8vhzj0wtsf,116,107,84,23,1336.890289,0.0,32406.64679287071,<3M,11.524916284482758,3.883620689655169,78.50467289719626,0.0
pool1yf4twtpgn9z7mmfy3nvj366umtc5y8e8hg5378ecwwu07y47sf5,69,69,68,1,1319.033936,0.0,50986.43664911591,<3M,19.116433855072465,2.2463768115942044,98.55072463768117,0.0
pool1hgnu0u6t3cpr8lm642as0968yhazm5fgqh58n7g0dzc9cw7hwy7,50,50,49,1,1316.090195,0.0,50301.671461500024,<3M,26.3218039,0.0,98.0,0.0
pool1mw8jpnmxd22vw4h68uqw70nx24vfju4aav9rznesc4vnjnt68g4,341,341,121,220,1314.831924,604.697298,23751.486778501505,<3M,3.8558120938416423,0.0,35.483870967741936,45.99046364499437
pool177xu75tv2wqnz2cg879yekswm3wqqvwfgzhulkglrfksslsyj9r,338,338,338,0,1314.33065,0.0,14538.832187387612,<3M,3.8885522189349118,2.2071005917159554,100.0,0.0
pool1x8dy27v5w7mr4u977l8kqpeu0upd26pts3ujxpx9pgmpka9ztr6,144,144,144,0,1312.145842,0.0,293076.9357857222,<3M,9.112123902777777,98.99999999999989,100.0,0.0
pool1asw8ckedtetw9w778dya6nmn84zawjnd07fwhm8tn29pkav585j,98,98,98,0,1311.8915339999999,0.0,19811.20728820408,<3M,13.386648306122447,7.438775510204053,100.0,0.0
pool148krjn23nlwpjfc8s6xz37pgttehl6pupjddg4q6expq7s98xl6,34,34,34,0,1311.0432,0.0,61276.81878217648,<3M,38.56009411764706,3.205882352941177,100.0,0.0
pool1e4hhy29krxtmvs475myrsxuan35l28sky3v27xv9asetum0tv8p,51,51,50,1,1310.040688,0.0,82752.83953009806,<3M,25.68707231372549,94.50980392156875,98.0392156862745,0.0
pool1vmqjjm3macmjlsmjsff4adzhzrvu3wttq5jg6l4xxc6j7ekxfky,83,0,0,0,1298.7009,0.0,41604.366876144624,<3M,15.646998795180723,4.000000000000002,0.0,0.0
pool1kveecu8hx4dk8pe9rmv4q4tjwr9xmq30nacu2pafeljhypcn4wt,298,298,146,152,1296.52992,0.0,14083.62303258732,<3M,4.350771543624161,2.500000000000013,48.99328859060403,0.0
pool1wydmv34dnmz4ek9s3p9jwaslwuutfyt8wlxt0mkunjkcufznl97,403,25,25,0,1291.118244,0.0,10886.370168315172,<3M,3.2037673548387096,1.0297766749379542,100.0,0.0
pool13hc7e9axpm0c4us03rwcw996t8zyz5452p0hpa6ehpy2z6gnqae,245,245,245,0,1291.058125,0.0,27699.937658800176,<3M,5.2696250000000004,2.500000000000008,100.0,0.0
pool1yucv57dxpvan72dhpx7nnssavm9jeql9gswy08m4t59r6cshny6,219,219,219,0,1284.186032,0.0,12228.287118228318,<3M,5.863863159817352,0.0,100.0,0.0
pool1s27fdpdv8zx8flkaa0hkh8lsdutxlxkgz6njcwy82zy5cls0mw2,112,112,111,1,1282.938879,0.0,35835.65697441069,<3M,11.454811419642857,0.008928571428571428,99.10714285714286,0.0
pool10wugf8sxugp74y0dafvc83jmcg2z9v7u5yfs79zy67rxc5lqhd6,297,297,38,259,1282.399512,0.0,61229.81154387863,<3M,4.317843474747475,0.9999999999999934,12.794612794612794,0.0
pool1hkumvckq9l79akgge54ugnxa4n86s63j6jvhmvx5g7cgz7nc6cs,35,35,35,0,1282.002062,0.0,105667.99422074288,<3M,36.62863034285714,0.0,100.0,0.0
pool1j5fc9ynahvt2vfy55urdnu2tdn45r2a5q4nsgqx0psrr7q74gst,19,19,15,4,1274.952678,0.0,219938.9366332632,<3M,67.10277252631579,10.789473684210526,78.94736842105263,0.0
pool1mhrvkx5vfv7ygd55wsknycz2a8d6gd6y8m8rgdnqwa7jcy34g05,316,316,306,10,1273.558894,674.616629,24477.682610765805,<3M,4.030249664556962,0.0,96.83544303797468,52.9709801547662
pool1xg45qcpkd2nutsr8kz8r00myly65gnvqdkejfa7r32g65zl68as,116,116,54,62,1273.393611,0.0,57601.582567974125,<3M,10.977531129310345,1.8189655172413808,46.55172413793103,0.0
pool1ze3kzzs033za4r96u4uddwfr70dvv7k5384ax8sraw2zcavh0ss,70,70,69,1,1271.497641,0.0,63756.086047414276,<3M,18.16425201428571,0.0,98.57142857142858,0.0
pool18gu3wxq3ruaul2chd8y4dzvg77n4h98cpq5d3f48ezgjz3h6f4x,99,99,98,1,1265.3145829999999,0.0,29921.308719121193,<3M,12.780955383838382,20.00000000000005,98.98989898989899,0.0
pool14mfq8s3gspe8sdka6cgkm6jzgd644dvw2av5kqa8w4havs9e57u,313,313,313,0,1255.869629,0.0,23513.51119622356,<3M,4.012363031948882,0.0,100.0,0.0
pool1fe68cpruydltthqrdac4ckfdsgxnxv363znn6x0x6sqvsj6rzy2,201,201,201,0,1252.1469849999999,0.0,7956.474435636815,<3M,6.229586990049751,1.0000000000000004,100.0,0.0
pool1q42574l9xer3khqpshk8w2vc6md6zlah7493fp6zzv9mqurmufx,402,402,23,379,1244.307316,0.0,4604.902960519852,<3M,3.095291830845771,1.53358208955223,5.721393034825871,0.0
pool1dlctawr8q0c7mpt58s92el8dl4s987utu4z9tunlfldxjzzudxk,20,20,19,1,1242.726049,0.0,272259.4695888,<3M,62.13630245,4.000000000000001,95.0,0.0
pool1cpzz6aqljgk97ks728xa76wqg96kj79ndc3gasx7kdnr74wrk70,397,397,17,380,1242.717552,0.0,8529.950747682578,<3M,3.130270911838791,0.0,4.282115869017632,0.0
pool19zq3agzmwlntq9vygnzwe2am39y2hsdadd4gasmsm2tk6qn3suv,271,271,271,0,1233.4900229999998,0.0,18839.23036498891,<3M,4.551623701107011,0.0,100.0,0.0
pool1r83ewppu2rxsgdcqclz54v7wsm95t9dezttr0tn6hkelj6nurf9,98,98,98,0,1222.202034,0.0,25924.927339500005,<3M,12.471449326530612,2.087040816326532,100.0,0.0
pool1m90qdgknvwdewy6n7dz9ufkfqtscvdaqnw3q2vaphp20z27w706,268,268,268,0,1220.847198,0.0,47730.61812007831,<3M,4.555399992537313,1.5000000000000038,100.0,0.0
pool12r785pdfuyk5syca9pxs72ssjqxpyg4azrp3js5jx2et596vvwp,189,189,189,0,1215.062774,0.0,26715.808891671928,<3M,6.428903566137566,0.0,100.0,0.0
pool1utu0y9ukdf3xsl4sqleuwa4jsharkt2q3kmkahdpd5lpg7zpth5,35,35,34,1,1214.4010640000001,0.0,86391.20837971425,<3M,34.69717325714286,1.485714285714286,97.14285714285714,0.0
pool1pvey0s6en72xqh90t5d2sgzsrn84hpu9euhveenqpjjhgc9s8fh,45,45,44,1,1205.616146,0.0,71539.35713328888,<3M,26.79146991111111,9.680000000000009,97.77777777777777,0.0
pool1x3ygjnc4q7akd4axphpztl88fu8k2rt6tuxucsrmhe7tvvggr57,31,31,31,0,1204.839653,0.0,310474.15523816133,<3M,38.865795258064516,2.3225806451612914,100.0,0.0
pool1yffj4e9g8hkfzwrmrgxa6vcxuzrtsrandt59pc3hd46m7vm3pa2,45,0,0,0,1204.836022,0.0,73205.21317155565,<3M,26.774133822222222,0.477777777777778,0.0,0.0
pool1hdlwvu08807ke6n5fpnxx93lyxzm3shxfxj8mdsx3mlwgehf568,7,7,4,3,1204.818836,0.0,571606.4026908571,<3M,172.11697657142855,2.5,57.14285714285714,0.0
pool15xmrnqsq2yvpvfm7cjky49qkpdktp7lk4z7qqtzsdeq66xr0sqm,15,15,14,1,1194.211324,0.0,479074.8775002,<3M,79.61408826666667,3.0000000000000013,93.33333333333333,0.0
pool1wsug8q6kjtje0hzwp68lchwll0046t6huua3f7p35fttx7fcwm8,273,273,166,107,1193.546139,0.0,27606.026793838813,<3M,4.371963879120879,0.0,60.8058608058608,0.0
pool16w2y9xnpdjt22klzhuwcz9jpvyyq8640mepljcwx4mjmsvpqk0y,150,150,149,1,1183.862115,0.0,24588.30732903333,<3M,7.892414099999999,0.666666666666667,99.33333333333333,0.0
pool1zxldj0cuqn7t6twn830eg5ye832z3yh7gszdkejc4f2sx02y84p,83,83,82,1,1180.753994,0.0,99365.40338609644,<3M,14.225951734939757,1.0000000000000004,98.79518072289156,0.0
pool1mqrktsr2lcn9yy75gm2hg73cejluty4mjum9mpf4lwyhkyldh30,11,11,10,1,1176.673713,0.0,203539.7648125454,<3M,106.97033754545454,0.0,90.9090909090909,0.0
pool1hg8vu74hyaj5qm66ys83c0gmr44j66g2k8s9sns4htw27whsqwf,404,404,404,0,1176.667344,0.0,11229.341259128812,<3M,2.912542930693069,0.9999999999999896,100.0,0.0
pool1eqc4jwuez8yyerwlyjwenh99dlvmn6t6n3qjym70ulf5u8xr6lq,403,403,69,334,1095.979304,0.0,22261.462733776698,<3M,2.719551622828784,0.23573200992555837,17.121588089330025,0.0
pool1qw5jc5u4k6ck47kdwtwh8msv6t82x5c6qx38hjaycnha6skrek7,402,402,33,369,1095.971029,0.0,2743.29585085326,<3M,2.726296092039801,0.012437810945273634,8.208955223880597,0.0
pool106l8sgu50wpw3nmqkmhlgzl5cctw428ruem2rpwjklg46nprex0,383,383,383,0,1095.964683,0.0,5436.752854096656,<3M,2.8615265874673628,2.5000000000000178,100.0,0.0
pool14a248zlpkqf59tutgqxhlquyf0ldn7hnuw8mtw0klatugzsrv6q,39,39,39,0,1093.920617,0.0,67314.78574664095,<3M,28.04924658974359,0.0,100.0,0.0
pool1wvezktuplgsgwxvccvaw6vyq3l8v3ecupe56apngyjuaw4jxg9u,310,310,309,1,1092.804582,0.0,5211.288095819384,<3M,3.525176070967742,3.9999999999999716,99.67741935483872,0.0
pool1gl94azcwvhgenn0muq6a8sndqfsxznujy3s07263c30pq0h3pxg,148,148,148,0,1084.766142,0.0,16892.049079520224,<3M,7.329500959459459,4.000000000000003,100.0,0.0
pool1r022ksa687sqt23yt42s59y78qjarcs00zhuyhjl5rwsv9uy9sv,116,116,116,0,1074.0373399999999,0.0,28893.245506181018,<3M,9.258942586206896,2.999999999999993,100.0,0.0
pool1mldur87x0z7j5wrfw0uh04twv0jem4c0cafsl3lhexfnka2ngxh,81,81,80,1,1053.887118,0.0,122762.3610878395,<3M,13.010952074074075,2.000000000000001,98.76543209876543,0.0
pool1n9vs3ye3939ae8x6jfkf0unksj7q05zgsk2fnm8lhve95w3j0rs,400,400,400,0,1053.887112,0.0,20716.010102082735,<3M,2.63471778,1.499999999999992,100.0,0.0
pool1gykaepts27lu6njsruh8lpjklulczdh3ywdpkp3a2sles6zg9e4,34,34,31,3,1053.883324,0.0,118274.36955394119,<3M,30.996568352941175,1.8235294117647065,91.17647058823529,0.0
pool1868enz06xyac8cdevua4n8w29wc6p5j6hes35qslmf3x234hwjy,8,8,7,1,1051.875032,0.0,252235.83867162504,<3M,131.484379,2.5,87.5,0.0
pool1y7zvpvxmu7dsdx6ple0kddltagy04rm7xzcpwvwqyfqxwtqkf7s,19,19,17,2,1042.681214,0.0,59151.459750157876,<3M,54.87795863157894,0.4736842105263158,89.47368421052632,0.0
pool1lr54356svvdz4yeqrq69wn6la2025l9r65pm26xxl466gxqqs83,378,378,33,345,1042.652352,0.0,5778.830105989418,<3M,2.7583395555555557,2.9999999999999867,8.73015873015873,0.0
pool1haa55x30sr96zywz8czjsr04q58797klyesw0g50z4jzj2sz908,35,35,34,1,1005.777204,0.0,60673.84556380001,<3M,28.73649154285714,1.0000000000000004,97.14285714285714,0.0
pool1muspjjcnmgz7ks4sn5jrpce58a46sddyqwch95an7nrayfa7h8t,36,36,33,3,1005.703519,0.0,86940.27908661112,<3M,27.936208861111112,2.000000000000001,91.66666666666666,0.0
pool1yn8smzjpf5rgddrgt6anepsn4plltym0pekp7pj28du6w0eal3k,13,13,13,0,996.761588,0.0,236630.01140323078,<3M,76.6739683076923,3.000000000000001,100.0,0.0
pool18mgvt3k5sm5vns4tqu74qt036tw0yterxuz2zjczlqr9saeas9f,284,284,284,0,977.196933,0.0,16775.507742278198,<3M,3.4408342711267603,3.9999999999999765,100.0,0.0
pool1g6upyd4arya05v0th9z80ms9k7lvmm53f3nn7qkgph7fwzat896,17,17,15,2,973.94983,0.0,477474.36100323533,<3M,57.29116647058824,2.323529411764706,88.23529411764706,0.0
pool1mzdn4th3m37fvxkmgxnyx5c7sdea2nf53mq42fzvezgp6jn43vc,60,60,59,1,973.382041,0.0,27085.976524216665,<3M,16.223034016666666,2.5666666666666687,98.33333333333333,0.0
pool1zm5nqvrdwmslk682d9qemd9fn8htg2rxlprxjuh0ae5l6sqzz3h,37,37,37,0,963.8828719999999,0.0,73991.74677194592,<3M,26.05088843243243,0.0,100.0,0.0
pool1gt8k7327t27hjpx90gu65s7agq8xxspfq463v224dzcrujhuy5h,16,16,16,0,949.05279,0.0,83617.4542591875,<3M,59.315799375,100.0,100.0,0.0
pool1vvzajfqpfltmprgnrdgx3qu2yqj68ujg3g3pllpvst89gfw575w,74,74,46,28,945.165581,0.0,33130.65447943242,<3M,12.772507851351351,1.797297297297295,62.16216216216216,0.0
pool1eucxv3gn8lk93fpud5d5n5e87nr0j2udvnjnm99q8eqrucmj25d,20,20,20,0,944.8409609999999,0.0,281311.66196269996,<3M,47.242048049999994,0.0,100.0,0.0
pool1ccyfxwl4nfy0whmcmhxwn066lnrguja33ayjrg2mkdvqxkuzhne,67,67,66,1,931.94799,0.0,53322.733214462685,<3M,13.909671492537313,1.0000000000000004,98.50746268656717,0.0
pool1kal8xswwnj473gwva4rnfsh75aqlkr3g709xqr8evkqhw8j7msu,8,8,8,0,928.763505,0.0,200672.846234875,<3M,116.095438125,0.8999999999999999,100.0,0.0
pool18elg7uhk8ge2yvwcywvqykfwn2wfv5ktwv0yt5jmh0wr5vl0hzm,37,37,36,1,922.012471,0.0,170808.41820399993,<3M,24.919255972972973,3.729729729729732,97.2972972972973,0.0
pool1egentg2usje0r8ez3khaz7v4v5gzhptnajasaa3pkvj8zqang5d,131,131,115,16,918.2618339999999,0.0,40992.02960071759,<3M,7.009632320610686,0.0,87.78625954198473,0.0
pool1st58tj7nun3vynlhlmfawrn24ar0pshdle733vtkv43szxt2kq0,166,166,166,0,899.614767,0.0,13899.35076990362,<3M,5.41936606626506,1.0000000000000007,100.0,0.0
pool1m5q0tz2rnf5zqpjzuvweg3ny8gqsy7f9jsdhd670pxvu6wm6qnu,70,70,70,0,883.714033,0.0,43430.47539995719,<3M,12.624486185714286,0.0,100.0,0.0
pool14e7g4xmj77s7sy5uajwvdmvejmjcvhkf449tasq3tz80gv098t8,365,365,67,298,883.710567,0.0,11259.001617991647,<3M,2.4211248410958905,5.000000000000035,18.356164383561644,0.0
pool15xc50n8gjsm0jtt07mdtaqqazzlkg7at4m03a8t2tnkq79sj2xd,21,21,19,2,848.551164,0.0,61297.70202252381,<3M,40.40719828571429,3.0000000000000018,90.47619047619048,0.0
pool1h85s0f86k4hsceqdpr906d8e99vn4yqu4ewd236ajlxpwxavz6h,7,6,6,0,847.203429,0.0,1069802.2231121429,<3M,121.02906128571429,0.8571428571428572,100.0,0.0
pool1x9ar8wy7ljw83ppe6y9p6h2yskrmf5dfa0td36ypk6vtgqzwqh7,367,367,367,0,832.783947,0.0,7598.650820196231,<3M,2.269166068119891,2.4904632152588726,100.0,0.0
pool1kez2gdqpwq2d3xd5k5q4enea59sp8tmgqsyt0rtmgxvuyykz8qg,371,371,45,326,809.176123,0.0,15379.27383049304,<3M,2.181067716981132,3.999999999999962,12.129380053908356,0.0
pool1xp9x397jsypettgg2yskjqg5f84mfa3ev0rpfxsvu3y2se830sl,14,14,13,1,809.100326,0.0,13549.774216571432,<3M,57.79288042857143,2.5,92.85714285714286,0.0
pool1erd30yrzqx4nvevnqu3cxmgv5nh6reau5ycxdulde7vq68zcrlz,366,34,22,12,765.042211,0.0,11248.574116393336,<3M,2.090279265027322,4.224043715846978,64.70588235294117,0.0
pool1pp8u7ll3vns5rqqvx0q8x6u7j5ttvkqxfcu0ql54ru9wqrrzpl5,36,36,35,1,765.032914,0.0,63055.71182391668,<3M,21.250914277777778,1.0000000000000004,97.22222222222221,0.0
pool1ph3u549evvr8626xav25vk3sgcwa9llhvcp65q0m0gvz6q2klz3,363,323,0,323,765.010115,0.0,11807.052438327824,<3M,2.1074658815426996,1.0385674931129376,0.0,0.0
pool1tfuznvd3pkkwt96qwzurvzmf34zgut0uzap9c3skq7p4262stsx,42,42,41,1,755.068439,0.0,6244.557597714285,<3M,17.977819976190478,2.190476190476192,97.61904761904762,0.0
pool19huts3m38qd9ptd385g8am699jhn3xrews0ycxsz3z05s4h9qdv,38,38,37,1,755.057193,0.0,102451.38979626319,<3M,19.869926131578946,1.0000000000000004,97.36842105263158,0.0
pool1cx3clsl5r0f6u9hw23u7mtn4fuazkjqh3aq9as7jm7f5uf2l059,5,5,2,3,755.057127,0.0,6888.856843,<3M,151.0114254,2.0,40.0,0.0
pool1lwhj7qrymcxq8hdqq478pf90x87nl8f6m4t63a2epaeagthkmfc,19,18,16,2,754.990444,0.0,57302.241913736856,<3M,39.73633915789474,0.10526315789473684,88.88888888888889,0.0
pool1pmcgmdd2984nzs2azxmau9umr49sqf3sr0kgphhra6yfg67nt00,367,367,78,289,754.332524,0.0,15217.320730997155,<3M,2.0554019727520436,2.0354223433242313,21.25340599455041,0.0
pool1ug9a24cpftelgg2uvm9qqzzdq7as5h3eh9ksff35dw2n5k8cefd,39,39,37,2,754.301438,0.0,3635.684155333333,<3M,19.34106251282051,1.5153846153846164,94.87179487179486,0.0
pool1g3t0g0nhlzpaxnv405w6hs8qjv5ta2xjr8waqfa8q2h95vddz8j,27,27,27,0,754.020413,0.0,205573.8929448519,<3M,27.926681962962963,0.5000000000000001,100.0,0.0
pool1yhhg93apktyptr5ugjqwprk7gfky5gey5tqs97408emrcyp2ek6,47,47,47,0,754.001604,0.0,68302.51254506383,<3M,16.042587319148936,0.2553191489361702,100.0,0.0
pool1nv2v58ts5wdct8yg57ujnv7meru8wz72xpxvqn7ckgsu2kq8fqa,45,45,45,0,752.628022,0.0,79238.30678882218,<3M,16.725067155555557,0.3977777777777778,100.0,0.0
pool1xa5ra6y09xq20hp3msdxxlmtd2gghsz4w2xm6ut5j8f62c7avv8,28,0,0,0,752.616192,0.0,43312.48529728571,<3M,26.879149714285713,1.0000000000000004,0.0,0.0
pool1fjdsl4zajjt5rv8panvnp89g6pnvt2t3e6za8hcf8yw2zncnl07,358,358,9,349,752.588836,0.0,4911.479809941275,<3M,2.1022034525139666,1.999999999999982,2.5139664804469275,0.0
pool1t0th8x404em0q33ujkxulef8renhnt6kgz7fse32n6m6yedgdv6,23,23,21,2,750.932432,0.0,70003.01714252173,<3M,32.64923617391304,2.000000000000001,91.30434782608695,0.0
pool16fjt5c3fwmlxtmgdr9qhttlgpyn7x7dvy009umpagtltkhzdsnh,71,71,49,22,750.920553,0.0,14225.626069619728,<3M,10.576345816901409,0.6267605633802816,69.01408450704226,0.0
pool16uex0zj7mvkd02rvksfyekkczpxkh3fnnrvjve73hqjfvv35409,7,7,7,0,750.917356,0.0,25216.048760857142,<3M,107.273908,0.8571428571428572,100.0,0.0
pool1c45udwv2kdjcth5fvnhlklsz2tutw8spl9tcwnfw7m8cxl8eanm,365,365,365,0,750.546162,0.0,82786.39690753641,<3M,2.0562908547945207,0.9999999999999907,100.0,0.0
pool1094tyezg83ryut0n4hgrn2xdqn37akw8naz4qla6xklsy05plj6,36,36,35,1,750.399887,0.0,23097.914995611107,<3M,20.844441305555556,1.5000000000000009,97.22222222222221,0.0
pool1rxnjjk479kp7f3v8dmes7gdyfj3cwug8le2jn2fxestyw6k4f3x,65,65,63,2,747.952073,0.0,35396.1526174923,<3M,11.50695496923077,0.0,96.92307692307692,0.0
pool1m80jrruqnynpuqvmm5cyhxjqy2q8pnnpyu40sd02z0gkzehqxua,363,363,185,178,747.928065,0.0,30054.713137760293,<3M,2.0604078925619835,0.9999999999999908,50.964187327823694,0.0
pool153dhk7t4yxagany2dyglnenh3h9hgunnjjr2magfuf3hqgdphc3,51,51,51,0,747.247189,0.0,6216.908841627441,<3M,14.651905666666668,0.5000000000000002,100.0,0.0
pool1ydz2znwyh3409v55r3psgc70w2ykvqjkkagx3f5ep96vgp0vlmr,365,365,365,0,744.639914,0.0,20344.707201788966,<3M,2.0401093534246573,0.9999999999999907,100.0,0.0
pool1d4vwleazneeaz5uxq9lp0m6dfx3h00ja76dzac8r48qs6kryr75,269,269,268,1,744.633183,0.0,13000.086183624608,<3M,2.768153096654275,0.0,99.62825278810409,0.0
pool1e6cgqk2gs73aw6hekp4tgxrcchska08rc2kuysmuky3acyp5yn8,33,33,32,1,743.099014,0.0,37575.38541278787,<3M,22.518151939393938,1.681818181818183,96.96969696969697,0.0
pool1xwkulvkrvxmgpuhkdem7wkfnhczld38qcten97wntph4crr3q68,23,23,23,0,738.700125,0.0,6289.163921608699,<3M,32.117396739130434,0.13043478260869565,100.0,0.0
pool1s8ppansy64zhy8e3gmuyltx3hzf5f9zws27v9lewhazyw3gmp7e,105,105,100,5,736.737633,0.0,79779.0594338379,<3M,7.016548885714285,1.0000000000000007,95.23809523809523,0.0
pool1nusynxpeg9u8ea7s9snmc7cf25apfk0guzdu4dwxz0uwjr378xt,262,262,262,0,736.721904,0.0,19108.03428619088,<3M,2.8119156641221372,1.8548473282442735,100.0,0.0
pool1m0mwqg6ktv62jtz7yq7hq6jttklchcemjzmqfmz3n5rk5rpxpfk,41,41,41,0,736.70879,0.0,10896.081611243902,<3M,17.96850707317073,0.0,100.0,0.0
pool1amehrafjnlcrjsjr6942xk50lea4qz4x63kcpva3xatkvjd26ry,39,39,38,1,736.491938,0.0,229256.51446051276,<3M,18.884408666666666,0.8717948717948721,97.43589743589743,0.0
pool15l4plz3r2lm5x48lz78ph7qh8w89zd7ewrg62gvwv7u7kw6tmns,365,365,365,0,736.395549,0.0,29123.537078268637,<3M,2.0175220520547943,5.000000000000035,100.0,0.0
pool1zfmnwnknkrhvh6mttkrs54jg3wm79c6vsul74qhk3dkh7x48gwd,28,28,25,3,736.383498,0.0,77099.61310817857,<3M,26.299410642857143,4.928571428571431,89.28571428571429,0.0
pool1av8zly3kvz6g954mq0mazt5g22nq3xh2ggju6xnhw72yc3ltl0s,3,3,2,1,736.353663,0.0,17562.368013333333,<3M,245.451221,1.0,66.66666666666666,0.0
pool1k7ku4sqvepztwqfvqj7wjadcsw96mancwyf8spty9tm0jfnwls9,362,362,44,318,736.353547,0.0,3166.239106983389,<3M,2.034125820441989,0.9999999999999908,12.154696132596685,0.0
pool1h0xczsaya9q063cj2fm67jzdz5esvtf9rezzxq58kc9xuzwgs0q,11,11,10,1,736.351631,0.0,86518.41689036363,<3M,66.94105736363636,14.999999999999996,90.9090909090909,0.0
pool1fspfv7z8l8755une5vt8drk7aufenxlucnl0p09sy8vxjw5kz3y,367,367,60,307,736.35062,0.0,2601.867306414172,<3M,2.0064049591280657,0.15040871934604913,16.348773841961854,0.0
pool1pcyjd40wegzvzkhvmfrylzsg43h962f2zvgcpg9hc26826wefsn,39,39,39,0,736.34791,0.0,24075.376603282057,<3M,18.88071564102564,0.8141025641025645,100.0,0.0
pool1tha2grue5rppsx2w93v5tljr5sshn2lz94ud9z3szlltz46s5k2,358,358,78,280,736.285588,0.0,10864.963165382664,<3M,2.056663653631285,2.5628491620111906,21.787709497206702,0.0
pool1509aw97y38yl6cpamvpzv58hh9c6lxrggxssya9twj9f6xxd394,350,350,136,214,736.271563,0.0,40233.364731742935,<3M,2.103633037142857,0.12496857142857143,38.857142857142854,0.0
pool1f9jpccuyf2enxlacrqvwzt3cmx6rgft7f4gpkgqn2v74c6jatyf,242,242,241,1,734.941153,0.0,13390.160768479329,<3M,3.0369469132231406,1.5247933884297533,99.58677685950413,0.0
pool1lyxxsvl8tulypzj6rql4yaw9rsh6q6237fmfmj76a4mfsrz40gk,357,357,42,315,734.897867,0.0,4510.154008344486,<3M,2.058537442577031,0.999999999999991,11.76470588235294,0.0
pool1xzpjn9f5nk52lnfzskuxey3r3h5fh8z78389qsd6vwyfcqum796,344,344,344,0,734.871945,0.0,2835.9583678459185,<3M,2.1362556540697675,0.0,100.0,0.0
pool1hcjc7d8g0awkledqs4ne8chl4gqmcc57yucexw2pyzll7eq84af,26,26,21,5,732.439811,0.0,32195.2174968846,<3M,28.17076196153846,7.384615384615387,80.76923076923077,0.0
pool19sw24xucdkukhyjyyaw7ffkldez6lmfsew2vq4mzsktmckwhhxr,56,56,56,0,732.412085,0.0,28399.481035303623,<3M,13.078787232142858,0.41071428571428586,100.0,0.0
pool1gp4qs5ed9j5d6z8288sg9hy2ehp28v6dp3ghh58ypt67zhn8r77,55,55,55,0,732.412045,0.0,7777.009860527275,<3M,13.316582636363638,1.500000000000001,100.0,0.0
pool1nkjntlhtjrts0zgutt93kgqx20fjw28su7p5ccg5v6d07x744vg,26,26,25,1,731.050612,0.0,37912.81891776924,<3M,28.11733123076923,0.6000000000000002,96.15384615384616,0.0
pool123fz95jxlu2fgqteredsqxml553rt9lsu9ef352kagm7qlejem4,338,338,338,0,730.509367,0.0,13797.815913999977,<3M,2.1612703165680474,1.9999999999999833,100.0,0.0
pool1tcen7ws06knhcw5f8mka0gmt90ntugwvwur2n8x4gwleqqu4u2h,167,167,167,0,730.508953,0.0,33122.349482664635,<3M,4.374305107784431,1.0000000000000007,100.0,0.0
pool1qrcuca3cuqye7zgnzceagjzmdxmft648zk4l5jtzutr65g8j9ax,77,77,76,1,730.500438,0.0,43830.55357151943,<3M,9.487018675324675,0.0,98.7012987012987,0.0
pool1q8sll5g69z98q6mmu5teg7zn4fnlsqjyq898e6cxmec0cj9lk6r,367,367,267,100,730.23403,0.0,11153.813357174518,<3M,1.9897385013623976,1.9999999999999813,72.75204359673025,0.0
pool1g5gcxs48ur9y6kvycy44e9n8wn254fltvjklcf29jxfp23x2wjx,344,344,343,1,729.069451,0.0,1819.106113499996,<3M,2.1193879389534884,2.4593023255814104,99.70930232558139,0.0
pool1ezvjwn64vfune2hxvt5xklsmjq3qykm0mgt3r27zuveuvtehkdh,81,81,80,1,729.06845,0.0,30008.410964259245,<3M,9.000845061728395,2.499999999999996,98.76543209876543,0.0
pool13f63dxux2xh0hswdrq45f0446cpvwjlyccjpjhkf7cfn6y5d6mn,49,49,0,49,727.886235,727.886235,206692.1906831836,<3M,14.85482112244898,4.999999999999999,0.0,100.0
pool1w9ksllt0ktnztjdzzlzaqfh7tzspu09xf5l08flz0cadyq0dv3j,340,340,24,316,726.71303,0.0,2593.452414129461,<3M,2.137391264705882,0.9999999999999917,7.0588235294117645,0.0
pool1gxyl04xm00ux88m8m2k5xydx53k0tuqv0xnsurk2quctunga0gt,15,15,14,1,724.610885,0.0,27604.891126933333,<3M,48.30739233333334,2.0,93.33333333333333,0.0
pool1neennc0qzax6hznv9v0zw4yylu357542yg8e30n92jf4uexd6j3,18,18,18,0,724.589966,0.0,23613.051603888896,<3M,40.254998111111114,1.0000000000000002,100.0,0.0
pool1n38p88x37klt80cg4qhgps7786svg5aupg0xejuvernhz84wwsj,48,48,45,3,724.588502,0.0,48459.832168375004,<3M,15.095593791666666,0.0,93.75,0.0
pool18wvcp69ju0qtx63c2qwjz3djvf2nxgwyx5e4a5vt9r84gpnuhjt,50,47,46,1,724.043073,0.0,43003.20883994003,<3M,14.480861460000002,1.840000000000001,97.87234042553192,0.0
pool169mewaur9ma6ffw6x90xhjj0sk9j8yu3ynqz20jh03dj20syqwc,352,124,124,0,724.024551,0.0,7146.709784960191,<3M,2.0568879289772726,0.9999999999999911,100.0,0.0
pool1wmzuwpa0ax5zf0v5d5ewexv4nts9lzlsaq5smmc3uqayym8muef,54,54,48,6,722.202613,0.0,70477.80525096298,<3M,13.374122462962964,0.8703703703703708,88.88888888888889,0.0
pool1s5la93en4mmj3933c22h8uuysqyl3axt308m45tmg6x673a6fhk,120,120,120,0,722.19621,0.0,19089.024763258374,<3M,6.01830175,0.2666666666666667,100.0,0.0
pool1jqd58lrtl7w7vd999l5w8upxrj22hzc0fx50qx5mgmls63jsrzd,48,48,48,0,722.196204,0.0,18525.18347170833,<3M,15.04575425,100.0,100.0,0.0
pool19qa8uctj5ql4e2uwslpruak6655h02l8fkmwjlanq8qnqyap357,97,97,97,0,720.338023,0.0,22520.175806443283,<3M,7.426165185567011,1.0567010309278357,100.0,0.0
pool1dn3n8tdykm0qasrz2whv765ncsvxne33h6pdtn92rrk82quk0a0,13,13,12,1,717.15155,0.0,143622.08275653847,<3M,55.16550384615385,0.0,92.3076923076923,0.0
pool122gklgk6gep3dm5grag0kavzzxcwk4kxxrqegfygghjpgch6pns,394,394,353,41,717.103578,0.0,7557.503798362965,<3M,1.8200598426395938,4.59390862944166,89.59390862944161,0.0
pool15z7890uxn6nwl2yufxgrdsvjrpd0kzngvudfm2z2yafsjgkfndg,340,340,340,0,717.087923,0.0,4289.419508214614,<3M,2.1090821264705886,5.000000000000031,100.0,0.0
pool1u6rml05w6hpl3t3ft8zwng6quksexa97wsxgdpg5kj4f78hhv7h,333,29,29,0,717.087832,0.0,2391.2051791441513,<3M,2.1534169129129133,0.9999999999999919,100.0,0.0
pool1xqa85sesze96sa5dpylmz6my3yr9lg6sl0xwwc0r75e9qlq5a5g,40,40,40,0,715.216744,0.0,73114.03717902496,<3M,17.8804186,1.0000000000000004,100.0,0.0
pool1ylkps8vax4nzxe507a0mx2svu3p8w2mkvdhyjqu7rl78q9rehh9,336,336,336,0,715.207609,0.0,12673.431316137028,<3M,2.128594074404762,0.0,100.0,0.0
pool1gw5jqvykr3kk30x7v2lf8zjn40vajl5szq0w9wmmtfs2k5ujytj,129,129,128,1,714.880667,0.0,12708.956905217052,<3M,5.541710596899225,0.01550387596899225,99.2248062015504,0.0
pool137fwd42fzdpddzxh56gxntpke3hcm5scr7f0fwn9f3xrsd4pu20,51,51,51,0,711.538974,0.0,17462.01396768627,<3M,13.951744588235295,1.0000000000000004,100.0,0.0
pool1etgtwnwu4lmtw0dwdtmjvp9fh7wx2fk4e6jt725ysp5f7sjd5vy,363,363,0,363,710.247934,710.247934,310381.7342127189,<3M,1.9566058787878788,0.9999999999999908,0.0,100.0
pool1yv4s4v3rjgzfwj4zxm8sy24e2vq6zaexp8eudyrk9rx7yhwaxke,340,340,340,0,710.126511,0.0,18210.624899158967,<3M,2.0886073852941176,2.5000000000000155,100.0,0.0
pool1qp7ge7rwk8ht63v8z6vkyw3g8em5qr5k0z0l6ta8mxjtzx4dzy8,361,361,361,0,710.000005,0.0,3760.1033623351555,<3M,1.9667590166204987,0.009972299168975069,100.0,0.0
pool1uxhfj5etheyex5w3ydmfhdw5ngs2gcrlqeasjxwh58kww9zs9uv,75,75,75,0,707.959368,0.0,10761.29741218666,<3M,9.43945824,0.5000000000000002,100.0,0.0
pool1qds0ldd626j09nnpn3g3ne2fvn65phr6cz74k6xv8urtgygu9cp,323,226,23,203,706.885985,0.0,9134.66546961919,<3M,2.1885015015479876,0.0,10.176991150442479,0.0
pool1ne8v4lea43wyca22jm9djcd5qju74dyh4ljr2utqhvsuwz9wf4e,92,92,92,0,706.137028,0.0,14039.846618630418,<3M,7.675402478260869,0.08695652173913043,100.0,0.0
pool1h92047jmdgtp4ft2cw8gkf3a5745vffca97ay5stt72rkxm37kl,316,316,108,208,705.350921,0.0,11360.943677721441,<3M,2.232123167721519,1.0284810126582198,34.177215189873415,0.0
pool1e2w8t3hucc5hfhw8k6r69er3y5kqs9dj9um65l5qe3a82nl25zn,8,8,3,5,701.7438910000001,0.0,116817.32152300002,<3M,87.71798637500001,1.125,37.5,0.0
pool1au6mugzekrwccr2eek6qa8vlzpnv7efu7qmup26xe2jfk9vhtce,132,131,129,2,686.450186,0.0,11021.481525666662,<3M,5.200380196969697,1.5399999999999996,98.47328244274809,0.0
pool1ua5234a77q69ev8588wpas9v0s5nrz8ucx8kpafq32zs7ylfvg3,136,136,134,2,684.421078,0.0,53822.21509369123,<3M,5.032507926470588,0.0,98.52941176470588,0.0
pool14nzt6708j4jgu5f5ajxgp0pdfp42jqraum585dy2r7vt5zulyd8,355,355,263,92,684.191632,0.0,17059.69405121399,<3M,1.927300371830986,0.0,74.08450704225352,0.0
pool175mm8fdv9mxus499xks47aejvv3htg9l9tchmn97tdpz6lhq0zm,46,46,45,1,684.191032,0.0,27982.34009165216,<3M,14.87371808695652,4.021739130434785,97.82608695652173,0.0
pool1pnjpjwplwycr9f8zs40hnvga7zfwsgxe49crqsfgkjnvkn54sd5,79,79,77,2,683.404893,0.0,7854.1908727088585,<3M,8.650694848101265,0.5000000000000002,97.46835443037975,0.0
pool12v7aukl49ehf9ysagq960ek26jeywnq3yzv5hgl4ecvhvyax5p6,238,48,47,1,680.70147,0.0,29765.817632869723,<3M,2.8600902100840333,0.004201680672268907,97.91666666666666,0.0
pool1hut596zjmx2eunuwt8vjnh953ezgtvc3cwv3nat8cepsc2jeaxe,325,325,21,304,679.758463,0.0,9151.137265569098,<3M,2.0915645015384614,1.4999999999999976,6.461538461538462,0.0
pool180e2yxhaayqaavvlxke7ns5tpzy24alzxyj0s33u509lvne6qhk,15,15,15,0,679.734397,0.0,37659.18560786667,<3M,45.315626466666664,1.6666666666666667,100.0,0.0
pool1ll76vzv3atayse60wym6wms3mhpyvn55cuayxxtzjpetg03xpdp,87,87,87,0,679.732781,0.0,5540.683204919538,<3M,7.813020471264369,0.0,100.0,0.0
pool1fy57yj7fq4n640h0r7yzchgytvx747nl85lkct7pc8faywwsyy2,365,365,273,92,679.731436,0.0,15479.762465928769,<3M,1.8622779068493152,2.5000000000000173,74.79452054794521,0.0
pool1mctfqjen6qflfk65vz2hm8zse0a6e3g289hc0rgvrml777g85yq,326,326,296,30,678.581514,0.0,29081.966766475307,<3M,2.0815383865030674,0.9999999999999922,90.79754601226993,0.0
pool1lg4y9djpazcpaag230mawgx4w43vmld7xcd7rq35lpjvkn333nj,327,327,312,15,678.558582,0.0,33596.07996203967,<3M,2.0751026972477065,10.00000000000006,95.41284403669725,0.0
pool1al5vg7cqtfs5mqgd5uyyx09z9hvsxqnh26lr42t920y5qnvq7aq,320,320,152,168,674.636855,0.0,14823.70479679696,<3M,2.108240171875,14.999999999999913,47.5,0.0
pool16uf3j299ndwd3xmv6fvh648pc3s4c3y80g2t0y2rwew3xz6c3aa,406,406,406,0,674.620518,0.0,8324.505363773413,<3M,1.6616268916256156,1.9999999999999791,100.0,0.0
pool1d85unpsumsxmq4kfvy0prju3n983vp3ajuavmt2r5tyzw2jtpcw,372,372,372,0,671.710626,0.0,12941.98208134686,<3M,1.8056737258064517,1.0806451612903116,100.0,0.0
pool1glnff4fwpzc6v43kcpu3re7ag2p2l0z4t0x0mg3v83f0qeg58yy,12,12,11,1,668.94112,0.0,14643.817977749999,<3M,55.74509333333333,83.08333333333331,91.66666666666666,0.0
pool18wy20uhg5snaw39y39jaehces8akjvudhnepq4unkl3ezcjsgx8,33,33,33,0,667.310245,0.0,106685.98840660602,<3M,20.221522575757575,0.503030303030303,100.0,0.0
pool1h8uur6gvtcsw0cdjgnt5njc33ajefgg756xllkd45w7zsml6ydd,212,212,212,0,667.253586,0.0,15622.337557198089,<3M,3.1474225754716985,3.000000000000004,100.0,0.0
pool1ph4tl6nhlf8llcsyuzd3pvmw7skdsp76x0acd6rn24zljgw4nyq,184,184,184,0,664.182635,0.0,23749.550093005517,<3M,3.6096882336956524,2.0000000000000013,100.0,0.0
pool10tcg3efecc706w98qs7j5jw84nxkcycseksp4mw64pjty26wr7f,315,315,61,254,664.160284,0.0,2963.814411695241,<3M,2.108445346031746,1.9682539682539542,19.365079365079367,0.0
pool1s54847dyrcpgxjvsjvhjjqjrkz3x6vevy77xaqje5nugxhp6j2g,365,365,35,330,664.159889,664.159889,23653.037668372588,<3M,1.8196161342465753,0.49999999999999534,9.58904109589041,100.0
pool13y37atzdckzr0gvj8mtnma49602jjtcw2dhr9zmpy4rase88j6p,89,89,89,0,663.2094400000001,0.0,29338.328737393233,<3M,7.451791460674158,0.0,100.0,0.0
pool1wfmschvahufqva4x9y7ey87hamhy23qfvgxrlkm8rfq95vgl4uc,75,75,75,0,662.708037,0.0,24924.43777998665,<3M,8.83610716,1.5,100.0,0.0
pool1vkaycnf2sv8rxzv4nex8s2unnzahtjs8eht9ypua4takugjgaa0,304,304,304,0,662.703994,0.0,18956.15634551972,<3M,2.1799473486842103,1.9769736842105052,100.0,0.0
pool180s7p6p7se5lerdwp5ed33dgehmgxq7q2r7f7zzdjd0rq6cu4vn,149,149,149,0,662.48484,0.0,70708.58245642955,<3M,4.446206979865772,1.0939597315436251,100.0,0.0
pool17cacd3k230r83pw5xny6d493t9wn5ww730m6wayuqsrhqwzyecv,305,305,298,7,662.45136,0.0,13647.57487593761,<3M,2.1719716721311477,0.9999999999999931,97.70491803278688,0.0
pool17prxq27zm9fx65zc0phqsx5t75366eyeyd7dajkuvjt7kde8ua0,46,46,46,0,662.450203,0.0,26096.299755695665,<3M,14.401091369565217,100.0,100.0,0.0
pool16y2dn9e7cw07wtergytxr36qlydfe7aj92xhv59e6pzezgwxtv8,331,329,84,245,662.203562,0.0,31788.583161323233,<3M,2.000614990936556,2.7915407854985093,25.53191489361702,0.0
pool146xm42jwhld6w3scv5axr8fg6kprycu2eq7vkhtxahhrvm6p3jz,51,51,51,0,660.925254,0.0,5386.674005509801,<3M,12.959318705882353,8.776078431372557,100.0,0.0
pool1kxfvv8e8u9crfgy3fp89hlchehutrjq9wv7hax7dxs3lsjuw9kc,375,375,81,294,657.71799,0.0,16030.503593506659,<3M,1.7539146399999999,0.15690666666666678,21.6,0.0
pool179mnckg6xz4w5x6k9056yl7r2ej8fd8uu68fc2vlsmulg7lzwhy,316,316,316,0,657.673828,0.0,57138.332373360725,<3M,2.0812462911392404,0.9999999999999926,100.0,0.0
pool1vve4vgd0ncyjvalr6xzeaxqmfzvkqmxfswj7lyae8qsgqhta9wd,316,316,316,0,657.162024,0.0,5555.085369943026,<3M,2.079626658227848,0.9999999999999926,100.0,0.0
pool1dhfz7yak8wqmpvm5luf8ey44aewa9hcrldz0ea3rhh97jmrru5j,354,354,354,0,657.159039,0.0,3285.1575568163785,<3M,1.8563814661016949,0.6610169491525422,100.0,0.0
pool176z7cx74266cfhrkfwwz4j5r6ew5yvfx34prxldaqsd9qel5pnq,28,28,27,1,655.937984,0.0,52133.238699821406,<3M,23.426356571428574,0.26785714285714285,96.42857142857143,0.0
pool14rtqs8ngz0re6av7egp93uhxwuwprt9pa66lyt470cq268grll7,51,40,40,0,655.9174,0.0,6546.9279180392095,<3M,12.861125490196079,1.0235294117647062,100.0,0.0
pool1jmpwcj5gcjnkcac0ll7lgshgurrmdd8wfw66qtzeuvywcltryu0,96,96,95,1,654.391623,0.0,7867.045769916675,<3M,6.81657940625,0.0,98.95833333333334,0.0
pool1jyn6ynmz6qcpr48et0rkdk9j4vuyn6d0qdlsahc0jls8jrs708g,316,316,316,0,653.700343,0.0,11806.569271082355,<3M,2.068671971518987,0.9999999999999926,100.0,0.0
pool1mxf3za99yc9lfnndjjesjla65rz9vln29y7wjx4p33u0cr84n04,36,36,36,0,652.827073,0.0,42315.452536694436,<3M,18.13408536111111,0.0,100.0,0.0
pool1v7d3mzskg7glyx444xnl6tyvlsgg7a426dgeztkggxz8ucj8yhj,117,117,117,0,649.414788,0.0,19158.436383606833,<3M,5.550553743589744,0.0,100.0,0.0
pool1nymz939x6qxnpddg24gysz5a8tmy4fyl4jg6v38f8ug8g7vwwda,32,31,26,5,647.735805,0.0,79880.29112390624,<3M,20.24174390625,0.1875,83.87096774193549,0.0
pool1wx9rs2z0nuzds7aj9dvptwcruxputh3dvvfcavnwr6hkjvly20w,346,346,324,22,643.805278,0.0,20819.65635889611,<3M,1.8607088959537574,7.7080924855491295,93.64161849710982,0.0
pool1ghsvu95fzl8f5gl7dc7vsxwdrzfa3s9wlefqjh54f3d6zcrc0nf,144,144,144,0,641.49243,0.0,58988.00726032636,<3M,4.454808541666667,98.99999999999989,100.0,0.0
pool1ept87cczsj37l6wuwem6ed0teuu5ed5ljp6kldusqnx7xhsp02p,150,150,150,0,641.47201,0.0,14490.931651820025,<3M,4.276480066666666,0.10666666666666672,100.0,0.0
pool1mmpcruumps75an6yeg3w5220gke4r749l5fqc4c0v8shwjg2y2k,31,31,30,1,641.38981,0.0,54467.138395032256,<3M,20.689993870967744,0.0,96.7741935483871,0.0
pool14a39gegmmc0xp7u3vr2lxggpphjm97nef6d35ytrukfwqvavj8j,152,152,152,0,641.328904,0.0,44707.26119423026,<3M,4.219269105263158,0.7769078947368425,100.0,0.0
pool1j5ryw364upcsyp2aeeasdnrgwf0vea662wcv494clezlwtdu75m,20,19,19,0,637.274905,0.0,57982.71228609998,<3M,31.86374525,0.0,100.0,0.0
pool1vswkxv0vfqersf2cfq5c9slr5fe6u960tmtxgxcx77evzv2hp3f,49,49,49,0,637.232194,0.0,226462.88455563274,<3M,13.004738653061226,50.0,100.0,0.0
pool1h4g295xugk46jdyxv4m55y9rp9kln0k5hy8fyk2kaef5u3gmt8y,275,275,274,1,637.219938,0.0,5994.4863068508785,<3M,2.3171634109090906,3.0000000000000058,99.63636363636364,0.0
pool14hk8kx2c8ukxcq7z3tqdedly9599f9sfhy5lfd3mp98txkdeevk,31,31,31,0,636.2142630000001,0.0,28056.300426225807,<3M,20.523040741935485,1.0000000000000004,100.0,0.0
pool1aj697twgk5kt7c6kjtkpwejqqhljvf3hzsmsamswzy42v24cw5h,361,361,361,0,636.024872,0.0,36072.34268342629,<3M,1.7618417506925206,5.000000000000034,100.0,0.0
pool1z075ym5pdu9cmeqzassp97z36ctkvuvg7pcxjzluyv5zqgau4xg,302,302,232,70,636.006363,0.0,19632.59008635768,<3M,2.105981334437086,1.2000000000000008,76.82119205298014,0.0
pool14exgv53wem2jwutrqpsdxtrl4hweefymltq02xt72z60x8ge4qf,305,305,305,0,636.001569,0.0,2667.606694337719,<3M,2.0852510459016393,1.9999999999999862,100.0,0.0
pool1r76pjed6q8k9y8lngcedqhv52zqzc2gczwzqc93x6kwq73xprtr,38,38,38,0,631.0917440000001,0.0,90885.96674852626,<3M,16.607677473684213,3.0000000000000018,100.0,0.0
pool1hlu9mdmcf0m9mqkq7apxsyalhd2nr07rqyhh8mgra3wzkva2d3p,15,15,15,0,628.477871,0.0,235079.76832546672,<3M,41.89852473333334,0.0,100.0,0.0
pool1jkxwcqkaaacvd77rf9lrj3qsgvtktqh7cglu3awsy34h5eava4d,5,5,5,0,626.316454,0.0,86094.9042692,<3M,125.26329080000001,0.0,100.0,0.0
pool12582dmkl7xanxlmfnwd4fepmx4tt5kkw327mmklcjdxngwaxvh2,20,20,20,0,625.9211310000001,0.0,107117.07519285,<3M,31.296056550000003,10.000000000000002,100.0,0.0
pool1w9u6rtvuzke9cq5q4x2r7g8xlt6lqmcd2tugzpjpj5w5xv0eyws,20,20,20,0,625.9211310000001,0.0,100597.26130505,<3M,31.296056550000003,10.000000000000002,100.0,0.0
pool1cauj94scz5wp58defdxqqgnujaalvxe388peyv2gx79y6suzl55,24,24,24,0,625.537296,0.0,235713.85168645834,<3M,26.064054,10.000000000000004,100.0,0.0
pool1szah3sjg5vhd09pa0y6fcsyja2rttsztdp0gj8jpngqxz9kj0a8,336,336,267,69,623.047413,623.047413,16703.951191621883,<3M,1.8543077767857143,0.07738095238095238,79.46428571428571,100.0
pool1nt9yd7xvt2k8xasttz990ulfdmn44fq4ldjwv997yfdvyx0227q,71,71,69,2,621.088506,0.0,19760.460464746495,<3M,8.747725436619719,1.4788732394366202,97.1830985915493,0.0
pool1jteau4duu849z6udwkam2jzppe2zd3lwlyp05r37lguj2c2v8hy,201,201,200,1,621.084465,0.0,36115.33610484083,<3M,3.0899724626865672,1.111940298507461,99.50248756218906,0.0
pool1kutdvmm36v63ndrt496pdj65w6xz3ykvkg44qkcevx996c9ykvz,39,39,35,4,616.142506,0.0,8680.648840769236,<3M,15.798525794871795,2.000000000000001,89.74358974358975,0.0
pool15mjms5g4g5662atrxy7ytc0hjds38kmstfpldavx8an2y950hxn,130,130,129,1,612.543846,0.0,34964.97042274616,<3M,4.711875738461539,1.888461538461535,99.23076923076923,0.0
pool1qhedx7fa6vyj7c2xj9jx0fjlswegnr4s4prs6kcshm0rsthj38k,19,19,18,1,612.424516,0.0,81212.95062863159,<3M,32.232869263157895,1.1315789473684212,94.73684210526315,0.0
pool1rzgmxrfvrp4ch9wj96rjun6f3959k0tu08xyxn8sf5zyz9qmzrl,68,68,67,1,609.912869,0.0,39739.568218720575,<3M,8.969306897058823,1.0000000000000004,98.52941176470588,0.0
pool1kkdlzwtsrwxd4ewfju397sudkasrauwelkdp7ckutqs7khlg8k0,152,152,152,0,606.049315,0.0,29892.85791172366,<3M,3.9871665460526313,4.999999999999988,100.0,0.0
pool1x08dl5dy0wsu6y9xp55drk4xeycgjnvutqdqm8wsqn5pwm6yx4k,269,269,269,0,605.722004,0.0,5650.777594215598,<3M,2.251754661710037,51.11524163568774,100.0,0.0
pool1dtjv7nyvny20plu7uml2z4s8cc9m7q2c3mkfetgs4ah9c5q2ur3,46,46,46,0,596.386925,0.0,56809.7906048913,<3M,12.964933152173913,1.0000000000000004,100.0,0.0
pool1jk9na2mu29wwap6pprs0c98j3rvh4jva95f5m3hxnwq86tk9c0l,404,404,404,0,596.207669,0.0,4366.110601450492,<3M,1.475761556930693,0.9999999999999896,100.0,0.0
pool16rru46dcyk2h5qjwq6gnxwumdj8zkjjnhxdtvpclyq8h6q9apua,312,312,115,197,595.785481,0.0,3105.409095634603,<3M,1.9095688493589744,2.9999999999999973,36.858974358974365,0.0
pool1uyttlymyw5t9jfrett3l9hdqr2623yads3z2zdjd6kyxkg8hpn7,46,8,8,0,594.421572,0.0,45504.42368773912,<3M,12.922208086956521,1.0000000000000004,100.0,0.0
pool10retvgthe4vymhaq8vr2734zladmeeuwy07rq8r5f690ydmz3vc,289,41,41,0,592.280799,0.0,16739.696448799335,<3M,2.0494145294117647,0.0,100.0,0.0
pool1n8nq690antqxcekkekzk07yp7y7psmm3v6ad6tmkm4v3ulyhz0w,248,248,23,225,591.637807,0.0,12497.911073048366,<3M,2.385636318548387,0.0,9.274193548387096,0.0
pool10rs8ty9j52x2p6gxqtaexx0pzact29hvxsu8ce37hk3gwkpz345,98,98,98,0,565.403092,0.0,13647.105740438772,<3M,5.769419306122449,5.801020408163258,100.0,0.0
pool1glxxd5ty7ldjtuaxvzj4t3ryhtdtuhgmgm6gc78dkxkzsfhljh3,136,136,135,1,518.480279,0.0,29626.164212669148,<3M,3.812354992647059,1.0000000000000007,99.26470588235294,0.0
pool138e249zh9l93azsf2pf7wyhxyayzcxdhsrg3vqpfx665c8xa348,406,406,8,398,503.464032,0.0,15915.3756684632,<3M,1.2400591921182265,0.9999999999999896,1.9704433497536946,0.0
pool19rs2895l5ghjn4d38c9qpqn2d44amqx7cqd3easdav5m786w6ng,233,233,233,0,497.992831,0.0,7150.517675905588,<3M,2.137308287553648,0.5643776824034309,100.0,0.0
pool1xfj4dazvq0fszalwm30zr85ka9t65mwpq3vfrprdw35mwan3vq9,206,206,206,0,473.515228,0.0,8637.497568563083,<3M,2.2986176116504855,2.500000000000003,100.0,0.0
pool13qppafmw3vq5rl4ewmxv7zy84x3rshx9sdczs0zq40cxu0dqkrg,319,319,319,0,441.278569,0.0,13718.543097018814,<3M,1.3833183981191222,0.037617554858934164,100.0,0.0
pool12rt30v5khmh2y9nap3ffe6envd89lq9qf8f4usr0enwwzzwktsu,315,315,216,99,430.148672,0.0,5266.080007399989,<3M,1.3655513396825396,0.0,68.57142857142857,0.0
pool1gg4vec4zld4fxyxxzg4ztz35wurgnwftyqrhgs8zslmh7e09laf,212,212,212,0,429.217961,0.0,15639.470205028296,<3M,2.0246130235849056,0.9999999999999996,100.0,0.0
pool1kxfg47ms0mlszthp5j8uqpmqp6575j0nfusqne5sd7ggy3ntlsz,404,404,404,0,422.717173,0.0,5959.487144987617,<3M,1.0463296361386138,0.9997524752475143,100.0,0.0
pool1mhu28x8s0ejrw40rz299msffjtjwjykpjgqzc4nmvqy8gfk8s2g,50,50,50,0,420.044872,0.0,4892.45484062,<3M,8.40089744,100.0,100.0,0.0
pool1rmxe8qcmqfgtxu9hcknv202hmhw278fnzt8pwncd4mzf54cuv67,26,26,26,0,392.023553,0.0,74006.74799838464,<3M,15.077828961538462,0.8461538461538463,100.0,0.0
pool1q7ukp0ajfusagaqy8arsxnkk97yl3tqa8aal3sts5tw8kuq4jlw,212,212,207,5,381.982575,0.0,25188.952559495494,<3M,1.8018045990566038,0.02830188679245283,97.64150943396226,0.0
pool1td7uzl5yfd38w682q6asnkdhpynlwj8utkfnk70nusnxck2acmh,6,6,5,1,367.038778,0.0,500485.5827236666,<3M,61.17312966666666,1.5,83.33333333333334,0.0
pool1kftku3r6truhvjm75gsh9pm33zfv7nuwas88m5sxqqknyyj82gf,82,82,49,33,366.778925,0.0,88231.52581668292,<3M,4.472913719512196,1.0000000000000004,59.756097560975604,0.0
pool1wlzug8x3xu6dy60pdj6mrkcpvc0fa0cjje6fzxegl4f8ua97dvw,75,75,75,0,360.171129,0.0,101736.29170937325,<3M,4.80228172,3.0,100.0,0.0
pool10mucfueg7nwruvagk0fnjcftcqktjvt6262xtsva46q5zg4utmg,285,285,285,0,360.08934,0.0,20261.8368506247,<3M,1.2634713684210526,0.0,100.0,0.0
pool1zlp4zm0pcw7uw0f72uch3sdypg7x5qut4tc9d70v0n5g5xuazmx,3,3,0,3,358.602475,358.602475,225459.77387533328,<3M,119.53415833333334,1.0,0.0,100.0
pool158je65d93ghx2sedvazczpxjvnx0k6mwxwup8vv6uxnz2x0xal4,68,68,68,0,355.267604,0.0,26262.568515073574,<3M,5.224523588235294,1.0000000000000004,100.0,0.0
pool1ux4es4p8kfq3u4nax564ukcte2vzepsz68dkgg24k7l7xh5786v,311,311,308,3,353.129904,0.0,7100.200842196138,<3M,1.13546592926045,2.405144694533739,99.03536977491962,0.0
pool1jtaquxknypnngdfuufgvx47pfvkkggvvnlwyxr62gcws7gym7nc,34,34,32,2,320.048564,0.0,82788.73273729412,<3M,9.413193058823529,5.000000000000003,94.11764705882352,0.0
pool1vn0mxlvhm4l8pcft3jp5pxh4nhh89qevdg2xu6s6sdqvvs4ft28,20,20,20,0,312.768647,0.0,79113.23789885,<3M,15.638432349999999,10.000000000000002,100.0,0.0
pool1g7axcymry0dz86usn9np76gm2tankhh478k2x3uc7v0pugcv2xp,85,85,84,1,311.085344,0.0,30447.470419176443,<3M,3.6598275764705885,1.6470588235294126,98.82352941176471,0.0
pool15huuvu26wcftnz0qmwze67nmpn6nu0rwvpgpgputy027kayz4x6,83,25,25,0,260.102321,0.0,74779.42698686747,<3M,3.133762903614458,4.999999999999992,100.0,0.0
pool1ctcsgxrmasyv3p7mzwrfuywy7t3nw9zk8pls8px529avg2rvqvj,3,3,2,1,234.546515,0.0,204689.7332413333,<3M,78.18217166666666,5.000000000000001,66.66666666666666,0.0
pool1x5jlxxqce4gkr4474q0gcsmu47wfqjt9mksv2w38ujpzgjn83ye,22,22,10,12,77.164142,0.0,62929.85741045455,<3M,3.5074609999999997,3.5000000000000004,45.45454545454545,0.0
pool1v6vwezcc9dzpy2k2747lemsa86fxd9gjlyefm5xv5cqfqmpeqtl,42,42,40,2,46.999544,0.0,42985.335205119074,<3M,1.1190367619047619,4.714285714285717,95.23809523809523,0.0
pool1az3ptfdwegesm20dzxys2qyke89a4rvxlmsajvlja2fm6sek26j,13,13,12,1,41.952185,0.0,341491.8876821538,<3M,3.2270911538461537,5.0,92.3076923076923,0.0
pool1qqq6qzgsa8n2uvy7pusk4fnxnwd8zx7xylycednw3ugmqxk9mps,6,6,5,1,0.0,0.0,2015671.2426971665,<3M,0.0,1.7999999999999998,83.33333333333334,0.0
pool1g60m45m23f5vta30x5z7e0n2gc02yc4wyz6darfeluy2kgu65fa,1,0,0,0,0.0,0.0,476640.502153,<3M,0.0,1.0,0.0,0.0
pool10zdg2macln78u7h2uh3jxudxam6y0an8sa4dcmm5k86j536cmqa,13,13,12,1,0.0,0.0,1282696.058074077,<3M,0.0,1.8999999999999997,92.3076923076923,0.0
pool1dvla4zq98hpvacv20snndupjrqhuc79zl6gjap565nku6et5zdx,7,7,5,2,0.0,0.0,922868.5524171427,<3M,0.0,1.0,71.42857142857143,0.0
pool1j2fvu8gh25ctsx7fkyvkxpjfllzukcvu9nlsc92uj4sjwy4qzdf,16,16,14,2,0.0,0.0,182400.42536018748,<3M,0.0,0.0625,87.5,0.0
pool13mgf226yj5a3kwcjfnguw2qpna2uv07w7gfn07g49kwd6tkmzsp,19,19,18,1,0.0,0.0,54937.15016910528,<3M,0.0,2.0000000000000004,94.73684210526315,0.0
pool1txtq2n2jefg7rqja2ls69qfc7tke2ll9xvxd3dwj3tcfstmjgsu,1,1,0,1,0.0,0.0,43869.958656,<3M,0.0,3.1399999999999997,0.0,0.0
pool19wr27r3dqt77nd0qv7zcwzajw8fl3y0v69x5pf63sznuugg9p35,39,39,38,1,0.0,0.0,204943.88176412825,<3M,0.0,1.5128205128205137,97.43589743589743,0.0
pool1vmj2h5vwgc369g9v4lym57rg84t8sh6twn2sc75cr3pdjcg90gt,195,195,195,0,0.0,0.0,1392.1121585897504,<3M,0.0,99.97728205128202,100.0,0.0
pool1fxl5v404w7rjk6k4xlhxqp2mcp7t6quu7amyddmnqhy5vn40h5y,9,9,9,0,0.0,0.0,254809.50670577784,<3M,0.0,3.0000000000000004,100.0,0.0
pool14ngh35fdapsa5sdtvr88vysakvafu0es9ltpquqzr6h56r6dh0h,6,6,6,0,0.0,0.0,127021.01415883332,<3M,0.0,2.083333333333333,100.0,0.0
pool1s046e0lj2tdmgydwye75h2yjgchzpa4q6jtemwds4wfh752gyr4,3,3,0,3,0.0,0.0,0.940433,<3M,0.0,5.000000000000001,0.0,0.0
pool1mu55cjeex6ft2pvppurt62gf5uxcx767ktkpj66696hpx6zhsed,6,5,5,0,0.0,0.0,302614.6307723333,<3M,0.0,4.25,100.0,0.0
pool1qqqg664ad0cd47787e9ksfnl2utwrxfdp6z9av3dq5r9k6qfurw,1,0,0,0,0.0,0.0,29092.516712,<3M,0.0,2.5,0.0,0.0
pool1dsqxx4ehzudlaygj5p75eptkdz3kzwcck9qrft4aq02a5vf8agf,406,406,335,71,0.0,0.0,133772.20563480235,<3M,0.0,1.9999999999999791,82.51231527093597,0.0
pool1y9tz9enfcrcvpxpga3qspfxx3xclns2g74ptqxftdmgq6ghyrn0,4,4,3,1,0.0,0.0,1024442.4125577499,<3M,0.0,0.625,75.0,0.0
pool18axt9r7z8eg0udd9xxzc4r2u9x322wfrtq3928jzye4ey3jytgq,69,69,69,0,0.0,0.0,72929.37734682603,<3M,0.0,0.9579710144927542,100.0,0.0
pool1hhlzudyzp80xch7r0vamq58hpdnspagutvgqwptsmr0tk2425vf,406,406,0,406,0.0,0.0,8832.148526221477,<3M,0.0,3.9999999999999583,0.0,0.0
pool1r4rwd64q8xk36m6w2vsq48zfcmfxj0dxypcqdpmy2hnwg9vwv59,2,2,1,1,0.0,0.0,41452848.74784,30M-70M,0.0,2.5,50.0,0.0
pool1qq3pt6j05tyz3v276dkr5jp53u706s8p4xwvm2u4dh3ev5k6x6q,7,7,5,2,0.0,0.0,337018.17906185717,<3M,0.0,2.1285714285714286,71.42857142857143,0.0
pool1svzk9ckds6r83nvg2k7w9hszza2haqd9zu7fuyg37e8gg3dylrf,406,406,0,406,0.0,0.0,97.62046600000025,<3M,0.0,14.999999999999902,0.0,0.0
pool1s7xvt9453rruhfdc90dy02xue82mnv2lzyqgzxx8ssmcq4fc3kj,1,0,0,0,0.0,0.0,769763.288056,<3M,0.0,1.0,0.0,0.0
pool1pgnhp0rwruxw8mz7z2k5273dyqn4aqpujmd6lqgf3dt5z333a9w,3,3,1,2,0.0,0.0,3393693.020895667,3M-10M,0.0,1.5,33.33333333333333,0.0
pool1mn0ydnu5tt4w80y3dxdsajddhdz03p6mudk8vlh55r5exqywxhh,406,406,405,1,0.0,0.0,1379.0075199729035,<3M,0.0,1.0090886699507284,99.75369458128078,0.0
pool1kh0cu3ka6f7twrv9fa22gyyfe5a8ks8ttmvzjgmd9mn4vd2t5ef,8,8,6,2,0.0,0.0,716053.5326280001,<3M,0.0,1.0,75.0,0.0
pool1wm8vnvdqpy0hhwrwfzru0lf75pknq6pnw6garlzzqks8x0ptz57,39,39,38,1,0.0,0.0,156558.96297976922,<3M,0.0,3.1153846153846176,97.43589743589743,0.0
pool1lyvtenf7325hsrtdgeqsv7yau6hyq7ztpdwwdeqcueh8s83h34l,406,406,37,369,0.0,0.0,15899.542721980302,<3M,0.0,3.3300000000000147,9.113300492610838,0.0
pool19kqzpht4lz9q0pc26f3nvw0ggwznv3xfhhvm2wlkxce4srjm5p8,15,15,14,1,0.0,0.0,1406771.5282157331,<3M,0.0,3.0000000000000013,93.33333333333333,0.0
pool1qeyjycp9ef0drrzaq3u9ylwclqa56zl5n4yd75txw92csug3mzn,1,1,0,1,0.0,0.0,17.647968,<3M,0.0,2.0,0.0,0.0
pool1tddw42ypqdhrrqjhsnugz9paa7tufvrtwgcj82g2mrqqjkfxa42,8,8,7,1,0.0,0.0,375027.935147875,<3M,0.0,0.8250000000000001,87.5,0.0
pool1ee5wnnx5cknsdhm9dcrrkq0veaadhsvcavvxw3tnnfavz6z60q8,5,5,3,2,0.0,0.0,2795547.1473982,<3M,0.0,4.6,60.0,0.0
pool1hm55kzfkyll747qqwe5wnlqlu75kt9hm36nj0eruhez7wqyd58p,406,406,0,406,0.0,0.0,2.460591133004926,<3M,0.0,2.999999999999983,0.0,0.0
pool1f5dhu20yuwwzw5he87euv2gx3zqcrrkppc6c50znfm635j8tsn7,12,12,6,6,0.0,0.0,983598.26566975,<3M,0.0,2.083333333333333,50.0,0.0
pool1ryqluw3z5nk8ma8snryl74kn5sxfh0cpqwyq4pfc6wgmvp7jd4k,7,7,6,1,0.0,0.0,1409088.6917724286,<3M,0.0,1.0,85.71428571428571,0.0
pool1h08araxldht60j00vp8lzllmwyevjwqd5zwyprc62536gk4s5ge,406,406,22,384,0.0,0.0,33638.987652421354,<3M,0.0,2.7598522167487576,5.41871921182266,0.0
pool14zhqqydr6xxf7qsy62gh4ger8hsrcyc6qn05jfr8wt6qscs76sm,27,27,23,4,0.0,0.0,40673.5495568148,<3M,0.0,2.0000000000000004,85.18518518518519,0.0
pool142cpn2gm89q72srv9pt7jtt7p7yg43a8ltfqhz3jp3t3xuh7x48,406,406,406,0,0.0,0.0,18507.421719982758,<3M,0.0,4.500000000000016,100.0,0.0
pool13d2tchandz87ux0pgkxjdxd62zkuj872tx5stpcth8f6xequ579,1,1,1,0,0.0,0.0,497.052375,<3M,0.0,15.0,100.0,0.0
pool1me4w8vugzzt5zqaf3kvngpwdzan79algtgyrs70exr0mjghf2he,15,15,14,1,0.0,0.0,891255.9361756664,<3M,0.0,2.5000000000000004,93.33333333333333,0.0
pool1488f5rzus7kpu3zr6zwyw8mdy0rj4m3knssv58enurgsx40msjf,406,406,406,0,0.0,0.0,1906.5952035098605,<3M,0.0,1.9999999999999791,100.0,0.0
pool1cact6224505keg4a4lysleec0mq5886rlzcr92q5ndftuntfe0y,2,2,0,2,0.0,0.0,11894333.658894,10M-30M,0.0,0.0,0.0,0.0
pool1zg0s9m7pzxmxkrgdh9k6cfc8aqqxwp53whs7nnx274m8xhdszkj,14,14,13,1,0.0,0.0,349417.8407810001,<3M,0.0,0.35714285714285715,92.85714285714286,0.0
pool1k8l84smxjczp2mpqmn7qsd23j7h4vd7rwagdscsrjecvgplkmw8,406,406,0,406,0.0,0.0,1.0,<3M,0.0,1.9999999999999791,0.0,0.0
pool1x8gasvy88cznz6u6fd2fv97ufguqka672scalsfaxykcsdn00tc,13,13,11,2,0.0,0.0,39255.41742,<3M,0.0,1.2230769230769232,84.61538461538461,0.0
pool1qatl6qf2zja8a3hyhn42ar5a54h9k0dn3hd2j4uxvz5mqn25zy5,406,406,31,375,0.0,0.0,19533.99952761823,<3M,0.0,3.0049261083743675,7.635467980295567,0.0
pool16z7x36urmpd2eczdjalrhumsldtztez9ydd7np6znn6ussjdkxq,6,6,4,2,0.0,0.0,10587360.107311334,10M-30M,0.0,1.0786666666666667,66.66666666666666,0.0
pool1sm5m0qqcjcd2qc4z6e4mxxwkfspptnvpukxy2umnwkm3c345neu,24,24,24,0,0.0,0.0,1526071.2089624165,<3M,0.0,0.7000000000000004,100.0,0.0
pool1cuzhrcpp676p4u9yk2vrtj7utmq2dy4ey56uw6znml2f5hrpgpw,406,350,350,0,0.0,0.0,60203.71922062063,<3M,0.0,2.6637931034482665,100.0,0.0
pool13m674m63damaz6rntcl03406p97f7n7pwkpmd6qecvfykeqtjgz,11,11,10,1,0.0,0.0,319399.52767972735,<3M,0.0,3.0000000000000004,90.9090909090909,0.0
pool1w3s6gk83y2g3670emy3yfjw9myz3u4whph7peah653rmsfegyj3,406,406,404,2,0.0,0.0,3885.1094074580906,<3M,0.0,0.014778325123152709,99.50738916256158,0.0
pool196e8g7evuyf84jz4gr6f4xacudmupxs3ad323krx9e4xse6cf8y,406,9,8,1,0.0,0.0,1852.8054438399001,<3M,0.0,1.9999999999999791,88.88888888888889,0.0
pool1yayk5ynr2ly74szrc4n4zprx0wwn2zwhjaa88hsccwku5qa4mzd,9,9,8,1,0.0,0.0,265801.6831442223,<3M,0.0,0.88,88.88888888888889,0.0
pool18en4vtxkjt3u5x6ctu9l3nqmr6pm3r7akxgu84450xdvkr4j827,406,406,406,0,0.0,0.0,9346.171577024554,<3M,0.0,2.999999999999983,100.0,0.0
pool1aksxtgqz36vtvnf3rrgrzz9qxrvjv4p2ukqcdyv5q66s5eqhql9,406,406,9,397,0.0,0.0,6227.0056064656565,<3M,0.0,2.999999999999983,2.2167487684729066,0.0
pool1k0w7n5rfxdzgfxpy8x6t7zfy6pfwrp54se7ezhxxed2x7mfmszy,406,406,20,386,0.0,0.0,16256.211706610848,<3M,0.0,0.04433497536945812,4.926108374384237,0.0
pool1u20lp8hgk5mn7cpna9e3803ywdxth4jyjf8t9zge6knvq3d7tp4,15,15,14,1,0.0,0.0,12751.09343099999,<3M,0.0,1.0,93.33333333333333,0.0
pool1fp9hnncyce577gm23qsgs2h9q023kl3fc5n3p5wcv7hd7jy77ne,2,2,2,0,0.0,0.0,25997.454085,<3M,0.0,4.0,100.0,0.0
pool1xk8xt05lck3sm86yzwu2xgrser0t7g4jzrvqhks9u9tg2tca52s,20,1,0,1,0.0,0.0,568.43866765,<3M,0.0,1.0000000000000002,0.0,0.0
pool1yqw3cxc8c9v34305ccz5sx5r4c7tx04ph4w2x8n2hczhurt9j0h,54,1,0,1,0.0,0.0,277.4732045925926,<3M,0.0,1.0000000000000004,0.0,0.0
pool1jcpwtg5ce6xr42v37nk3xahmduwrs87mvd6pkm92v7tj2ux8v5j,406,406,405,1,0.0,0.0,92.07301921921075,<3M,0.0,2.999999999999983,99.75369458128078,0.0
pool1ntyzyya7yde0yrna4q9n4g7m0gttpy35jzld9mckmtz0zfm28nq,179,1,0,1,0.0,0.0,7416.578778983271,<3M,0.0,3.0,0.0,0.0
pool10gllgflzl3ngg0fj2xas9hfww25zxn2fdwtc0gd44am92pdlr7p,2,2,1,1,0.0,0.0,235591.7645975,<3M,0.0,3.0,50.0,0.0
pool1m06tlj2ykawzvweacgmhxj43hykczgfuynk2lqzxvshm5lq2lyq,1,1,1,0,0.0,0.0,17285.034904,<3M,0.0,2.0,100.0,0.0
pool1x7c8t4kejq3apzeqq7px4tul6ff5lar0k7ac3ne2h36x7m9ayvq,12,11,10,1,0.0,0.0,119339.02981608336,<3M,0.0,0.5833333333333334,90.9090909090909,0.0
pool1a2cz3g3av9dmd5f7j349g94ssfe9lk260y2y5ejtnrsgq8ng069,15,15,14,1,0.0,0.0,5185.012850400004,<3M,0.0,1.0,93.33333333333333,0.0
pool1vangc0zxv7echtz9ztxcn84qfz6rgm0sfsqjg8t8nlpvxnsqy0p,38,38,37,1,0.0,0.0,31438.574800394726,<3M,0.0,1.0000000000000004,97.36842105263158,0.0
pool16veyvjd43dxaccwvvr4zq5s6cw7me2kgpmsyf2qel0l266kattr,2,2,0,2,0.0,0.0,2108.424787,<3M,0.0,3.0,0.0,0.0
pool14prutdqlndelj94pdz6h03yjh8c2qrmvgzrh4f46nryn2024u90,406,406,188,218,0.0,0.0,11491.733792226654,<3M,0.0,19.66748768472921,46.30541871921182,0.0
pool1f4lvg6px40kelh4kala6jxn6fnugtyhrtw6hgzgr7ar7ymtr7jd,142,142,141,1,0.0,0.0,27179.718547070257,<3M,0.0,1.0352112676056346,99.29577464788733,0.0
pool128sj7hpet8874ycvxml85wlv9eyd8pehjhnj3clcvhrr5g5s9qj,406,406,406,0,0.0,0.0,27380.077041866978,<3M,0.0,0.9999999999999896,100.0,0.0
pool1e5efe78z67djz6juekzw2hqpu3tn9eaqmekdnqn2am6j25kmrt8,406,406,406,0,0.0,0.0,12727.431644133267,<3M,0.0,4.293103448275861,100.0,0.0
pool1hvxm77j5xuuzx4avrn2jk7desqsr3pxqskfytpxz0e24qjtqayd,90,90,0,90,0.0,0.0,2.4721159666666703,<3M,0.0,0.9000000000000006,0.0,0.0
pool1lssudmnyy4vlzrvpmw4539xwklnx0lm2murc9t7n25u9sg2ce3n,406,406,82,324,0.0,0.0,35811.96424974137,<3M,0.0,1.9999999999999791,20.19704433497537,0.0
pool1jxnv58m436f00fs0k4djc0ap4ehpgnfp6p284j2tqaamwghujek,22,22,21,1,0.0,0.0,27716.923624999974,<3M,0.0,1.0000000000000002,95.45454545454545,0.0
pool1dgl9k0eq7hfj67unfj66sgqmg35pzed6fdrk7j9a2y6uuucfp2v,22,22,21,1,0.0,0.0,7250.395562363635,<3M,0.0,1.0000000000000002,95.45454545454545,0.0
pool1m5chjwkxs3w5l43uf4y9ys2pprqxv86ffdm0fr4n38np2c7mhg6,406,406,12,394,0.0,0.0,21419.719832189683,<3M,0.0,0.9999999999999896,2.955665024630542,0.0
pool1udwnjxxvwzv05cw70xgt4wedsl7lk8r4xgsw2ws9hmu46zaz2f9,24,24,22,2,0.0,0.0,159704.6815704166,<3M,0.0,0.375,91.66666666666666,0.0
pool1apts5675m9f6tkp4ed2jeu35azt7a0hxd3dypzjvwr2hxu6lg9a,239,60,57,3,0.0,0.0,4632.851903853509,<3M,0.0,0.700418410041837,95.0,0.0
pool16nnl8ymck6c20x86lfd5p9q3yp9w749cam26y985459ww6kjtz8,406,406,405,1,0.0,0.0,69922.06054369948,<3M,0.0,5.000000000000037,99.75369458128078,0.0
pool1lj9t0saaxejj6drmxefgejwuy47lx4ewwruwvn3uttyuw6f5389,403,403,0,403,0.0,0.0,11547.192425399193,<3M,0.0,7.982630272952772,0.0,0.0
pool1q2df2q5mra65jwt7uy7ll8yt25dvnvh43zm2e20w0gxtxh896gt,6,6,5,1,0.0,0.0,341135.537489,<3M,0.0,1.833333333333333,83.33333333333334,0.0
pool12t3wyzzmg5ms5tzz7w6evedrf7mh07m875r6dfk8xpmgzjc3d9g,406,406,0,406,0.0,0.0,473.8623058399016,<3M,0.0,14.999999999999902,0.0,0.0
pool18lc8uxyrnuurer7hr77xqh83cp667jazlghe2qetvzfqvxjtdqc,406,406,0,406,0.0,0.0,1304.8544190591408,<3M,0.0,0.7499999999999958,0.0,0.0
pool1qr6jmmu8q2u44gzy2xarmnkq70c0ggz72nnh77qmevl62th69k3,406,406,405,1,0.0,0.0,6104.7392565911105,<3M,0.0,0.05413793103448274,99.75369458128078,0.0
pool1l3rf0h8s6fdw8g4vy8qg7fw3wwj8jdm3hg0wwwycnvj8xcl2ps8,406,406,16,390,0.0,0.0,100912.66272133816,<3M,0.0,1.1746305418719152,3.9408866995073892,0.0
pool1rqmm9gmeldz4y9wh36we8chffma06fp3skd2hkefaxnnkydzwrf,17,17,17,0,0.0,0.0,2671.203292705882,<3M,0.0,2.5294117647058827,100.0,0.0
pool17krr8pnmagnrxhgj42263va3mmjmdx20l496c56gxafzqpq0ha3,4,4,3,1,0.0,0.0,52779.153241,<3M,0.0,4.0,75.0,0.0
pool1qwpkut3pgazgjssvuelqrjrrup6qyggdtzqjx2kyrmk87wgcvkf,14,14,13,1,0.0,0.0,53698.44856871428,<3M,0.0,2.3785714285714277,92.85714285714286,0.0
pool1xy24e74lkxnu0cm8hp70cfdkdqfj9qm2544wtmeh6swqssq6ltt,17,17,15,2,0.0,0.0,294446.9582681176,<3M,0.0,2.1388235294117655,88.23529411764706,0.0
pool159nu5jnr7jc58hqaw880qtpzsq72q9pc9w3r88reeuyh702apfe,406,406,0,406,0.0,0.0,0.0,<3M,0.0,2.5000000000000187,0.0,0.0
pool1yyxu7jlq8phs9rn8z6f8487uv358n5lkv3ccg88ff30r56c7ua0,3,3,2,1,0.0,0.0,103643.59638433333,<3M,0.0,3.9,66.66666666666666,0.0
pool1n7pwjvaxhrhyj528hm5dtyxmkdmrcmep4ljl06qxfkzx7l5thxy,7,7,6,1,0.0,0.0,360036.4584124285,<3M,0.0,2.0,85.71428571428571,0.0
pool12qr5swatvpn54yqqmnk58kphzl9dz7ugtdmrw7jtltdpuyy89dq,12,12,10,2,0.0,0.0,232011.19357408336,<3M,0.0,5.0,83.33333333333334,0.0
pool14gu2yv67enp56dym7ww2d0d72723kgrcqsuau5nxjv9ryt004rt,30,30,30,0,0.0,0.0,22548.117729266673,<3M,0.0,2.0666666666666678,100.0,0.0
pool1lenhysfdw3w6a37mukd4xfvsfssgvzlrnhk6v882j2kns6uyxd6,406,406,9,397,0.0,0.0,4710.630175438423,<3M,0.0,0.9950738916256054,2.2167487684729066,0.0
pool1dadzh387unlwu37ek693hy9a7w49r22mrmrl9y0fjfhhqe4qtpe,406,406,405,1,0.0,0.0,1377.9861669852207,<3M,0.0,1.9999999999999791,99.75369458128078,0.0
pool1c02sa4dg5m2dq7lspgwwea95j3zr7hzl4wsuh0a2tcly60ua59n,1,1,0,1,0.0,0.0,0.0,<3M,0.0,1.0,0.0,0.0
pool1ysnt75sjnlf0sfpj2r0ulld7kl0jw0fumtp6wymweu7e5k94tp8,82,82,20,62,0.0,0.0,18643.531675646336,<3M,0.0,2.1585365853658547,24.390243902439025,0.0
pool1g64l7ehy0cgvendsekuu7uy5s4zcl5yfqkt7jultw3y4x8qnlw8,47,47,46,1,0.0,0.0,208317.3167862981,<3M,0.0,1.0000000000000004,97.87234042553192,0.0
pool1h2l0q2ra0vh4ccguf69vjv7lyreex8rxx4l6qhqhnyn8c3syppn,23,23,23,0,0.0,0.0,59610.500404391234,<3M,0.0,0.5000000000000002,100.0,0.0
pool17w80nr9ujut4thwanfjstnvuwtwwk8luyln6vvrlqtv7sz3szeq,1,1,0,1,0.0,0.0,0.0,<3M,0.0,0.0,0.0,0.0
pool1wpp9pslecqwv4wjr4gfhcsv9hmagz882q6fl6umwup8guxy5whm,406,406,7,399,0.0,0.0,19428.88824284031,<3M,0.0,3.1415000000000304,1.7241379310344827,0.0
pool1vujjarchz7tgec2xazavrsa0r8trf3u6840lgnq2p4kdsg0830y,406,406,0,406,0.0,0.0,0.0,<3M,0.0,1.9999999999999791,0.0,0.0
pool10w8gmhnprfmhdlp6npjt8d3ts64ng4qxsu0mr33dhpxpzwn4rgt,406,406,0,406,0.0,0.0,2.916091167487671,<3M,0.0,1.9999999999999791,0.0,0.0
pool1sqxvayj9w80g42w7chla9x56atj75jwxvkrkrtkcvcyjcak9wx2,406,406,0,406,0.0,0.0,358.211522504926,<3M,0.0,1.9999999999999791,0.0,0.0
pool12n59qv09v4de7c703ka7xym2ggpa9500cnwst5evm7st6anvaj4,8,8,7,1,0.0,0.0,670671.7141507501,<3M,0.0,1.875,87.5,0.0
pool18mpdee3ank39c0azevd6auq6prs0d0zx2cpg2m3x84kwxuuulp7,8,8,6,2,0.0,0.0,44045.726094625,<3M,0.0,3.0,75.0,0.0
pool1dnwu5f8rv0p5vuxv55qellh2x3an3l38sgwsntaugky6jtpgnsd,3,3,2,1,0.0,0.0,230220.70989033335,<3M,0.0,0.8,66.66666666666666,0.0
pool1352aq7dqpuvp3qj8juy82paappffa8q84nscmcvnwhal7ejl60z,1,1,0,1,0.0,0.0,0.0,<3M,0.0,2.5,0.0,0.0
pool17k3hqyxk393mm7sxn6542ulyj0f5axz6tfdw5sa26w04q9567qm,25,25,24,1,0.0,0.0,251755.48988167994,<3M,0.0,1.2240000000000004,96.0,0.0
pool1am3frzvad5tnhr8gqmfmcza8wrsy75ljlcdhn622c0u9c3sr7v5,8,8,7,1,0.0,0.0,116932.29530762501,<3M,0.0,0.625,87.5,0.0
pool1xh4gz3yu408dv4u8km24kwdg7r50nl2qwu9we6tx4cuc7qn2jfx,1,1,0,1,0.0,0.0,0.0,<3M,0.0,0.0,0.0,0.0
pool10hz2at4lstff7n8ej4a02jf4fyy4h6glp9y6328kg6ctsn83fes,2,2,2,0,0.0,0.0,119.437805,<3M,0.0,0.75,100.0,0.0
pool1w6ez83j2lapmlzudtuuwygm9lwt23203keqj53n7yjdtwaamghr,406,406,406,0,0.0,0.0,1638.6346287315146,<3M,0.0,14.999999999999902,100.0,0.0
pool1hd0dnf3w025redyqptz7lyf9ex6m5aq885d9r2uczx04v755mey,5,5,4,1,0.0,0.0,717541.0777688001,<3M,0.0,1.58,80.0,0.0
pool1ypa0zl2q8lvvsujjfaust9jz0lla3mt3czzwhy58l0ku2r92rxn,3,3,1,2,0.0,0.0,533720.4070219999,<3M,0.0,1.3333333333333335,33.33333333333333,0.0
pool1vuv5ewc503j8fdfw7cwuvq33j784s47rq0wxm9mghu39zl47c8z,27,27,27,0,0.0,0.0,352440.5054352593,<3M,0.0,5.000000000000002,100.0,0.0
pool1clqktqscpp3zl5ps8vlatqx0vyn59ls6n9453at955mkcxx9kfv,7,7,5,2,0.0,0.0,34603.677836,<3M,0.0,1.4999999999999998,71.42857142857143,0.0
pool1hrn5rm7e02r90hvt5l5fwmujul39y0cpkxn2t7avn6hqwt3m9j3,6,6,5,1,0.0,0.0,162550.71233933332,<3M,0.0,3.250000000000001,83.33333333333334,0.0
pool18wrr36tcgywcvmkqa9wudc38r4cg6c665vmlrdenth0k6ue8geh,8,8,7,1,0.0,0.0,709971.8674369999,<3M,0.0,0.43750000000000006,87.5,0.0
pool12rv575nj9cfvy0r4th7jtz5x3nt6waht0qe5fdr58ucx77tk7pu,406,406,406,0,0.0,0.0,5871.054047487633,<3M,0.0,0.9999999999999896,100.0,0.0
pool1hsrf8xr4cysmyt0570yt25vjah86773vc99h8ps8r57yvfrf48m,89,89,0,89,0.0,0.0,3.8679236516853934,<3M,0.0,0.9977528089887647,0.0,0.0
pool1dkalquvvf6hxnr2sxwska29n78ynxndlld3qad8w9mcj2u3hgpz,2,2,2,0,0.0,0.0,497.444845,<3M,0.0,0.8999999999999999,100.0,0.0
pool1v5jj7xumvk4engwvqrxt0kfhpdkucqvydmmlwwq2x76hz99affw,406,406,406,0,0.0,0.0,7785.588722601132,<3M,0.0,2.999999999999983,100.0,0.0
pool1rwqzqvkykz3xqqqv7k3k5vxswjd64ez7jwfxymdw58xs2xtlx7r,21,21,20,1,0.0,0.0,90866.11610814286,<3M,0.0,3.238095238095239,95.23809523809523,0.0
pool18dqp26atwr6rd7z6suxjmguqy8zym5a3tgtveuazqsjwyeafrz6,406,406,406,0,0.0,0.0,420.90805575123477,<3M,0.0,1.8014778325123006,100.0,0.0
pool168uya457ggjnrmwzwlcz0ukc6eks44x65q6gf94xn39yxchqlhe,14,14,14,0,0.0,0.0,228836.98215642854,<3M,0.0,1.3928571428571432,100.0,0.0
pool18yvq2jh6z2dyx99fsqv68qfpeqgnkkvxeptkxmp4etnxjhfqald,36,36,35,1,0.0,0.0,26284.90999980556,<3M,0.0,0.6297222222222215,97.22222222222221,0.0
pool1llwfa6erdh7k87j06y2z9999jcc84cnezwhg9e2sulrgwzrsug4,406,406,0,406,0.0,0.0,4.613865999999967,<3M,0.0,14.999999999999902,0.0,0.0
pool1djx96zf5rdfcd40ytlkkr296v8gj8gnye7435cudgj902fw2ye9,6,6,4,2,0.0,0.0,3500.734562,<3M,0.0,2.0,66.66666666666666,0.0
pool1m9anzeagnnwhhtwh3vlkv83yhy64pkz24djvrjgcecjnyzwfk30,25,25,1,24,0.0,0.0,2766.6841813199962,<3M,0.0,1.4600000000000009,4.0,0.0
pool19x60wat4eu8sh42s05th8l4p6e9rmmnc6g2a64lj4npag7zj5cx,406,406,406,0,0.0,0.0,32190.490623246347,<3M,0.0,0.8349753694581288,100.0,0.0
pool15l8p8v8yzdjvl3vml6qafx0wgy4k6t938jl0qy24wslgw7xlhc2,390,386,69,317,0.0,0.0,2748.8338148257158,<3M,0.0,5.000000000000036,17.875647668393782,0.0
pool1f6cl4syj28u27xddddlqddcuhtgfm05fddypu3nslet9639sr9l,35,35,34,1,0.0,0.0,77609.30542225711,<3M,0.0,3.0000000000000018,97.14285714285714,0.0
pool13pgg603z5qz9q9e33lfpgc4d0p6w37t9rd47u29cr7rex87wcs6,1,1,1,0,0.0,0.0,44817.616418,<3M,0.0,0.0,100.0,0.0
pool1mczqhhwmf00wn8hs9x556wc9uuettxcyzwrvuhaw0fdksvgddfm,22,22,19,3,0.0,0.0,63635.1774586818,<3M,0.0,1.5000000000000002,86.36363636363636,0.0
pool1vgryztjlm0grah2g5gngd0vlmy4z3yrsm42h00hn967e5mqk4nq,406,406,406,0,0.0,0.0,197.43072099999839,<3M,0.0,0.0,100.0,0.0
pool1j3p0kuxz6krf5hh33k3zxayvxh9dgmasq5fvndfdl4rjgsfhmzm,25,25,22,3,0.0,0.0,61846.33236232,<3M,0.0,1.4400000000000004,88.0,0.0
pool1azvygjkzrjmkxpgzkj6te3xv6zlrs2pw60h2kdkzka07xpunagz,6,6,5,1,0.0,0.0,314456.36455533333,<3M,0.0,1.0,83.33333333333334,0.0
pool1d4387s7mszjkeg5w0xppzxdtzsj7aahfqdgeef24emyh70mccmw,406,406,406,0,0.0,0.0,46096.64639699996,<3M,0.0,29.94458128078798,100.0,0.0
pool1ctxzwfw9gxcrnv3l5rpm80vxxc264acvvpkv8gcj7cf3vk6uzce,11,11,10,1,0.0,0.0,123912.23370209095,<3M,0.0,1.9999999999999998,90.9090909090909,0.0
pool1ryvdvl9zagkjncx8glfdmfj5dufx8w3akvgwhnghwl5y27ryt5q,12,12,12,0,0.0,0.0,4319.9484664166675,<3M,0.0,0.0,100.0,0.0
pool1pzcv2snyufcnjvd6nhnn069ujxyagh4lvzvrewxu0c6hxdnw7yl,181,181,181,0,0.0,0.0,4349.8465962155005,<3M,0.0,70.35911602209947,100.0,0.0
pool1u9vgtxyupd36czsdvh3h9zr8eakdqesug8j6k2nw7nszy97z4m0,406,406,405,1,0.0,0.0,11526.455543780585,<3M,0.0,0.007389162561576354,99.75369458128078,0.0
pool1ax6nusmcp8h8alsqmueqvxu46h37fmvfyr2y6w9l6486cy2rq06,406,406,0,406,0.0,0.0,321.6243819999979,<3M,0.0,0.9999999999999896,0.0,0.0
pool1auannagxeukfxpeajkntk3dn2nmgts89lvthyugyltcp2j8vcac,59,59,58,1,0.0,0.0,35042.62346842374,<3M,0.0,1.2033898305084751,98.30508474576271,0.0
pool1lmefyx5kaah33e8hzpgm78fqthhgjjp6272l40g0dxulwhge326,50,50,49,1,0.0,0.0,8600.443029019985,<3M,0.0,2.030000000000001,98.0,0.0
pool1v46kmtavsty57aql824069j2p6wxpcpk3j25veqauu54kynydty,406,406,406,0,0.0,0.0,4471.448714842354,<3M,0.0,2.0073891625615556,100.0,0.0
pool1urjhx4j3v3phllg3uups6gnf2xuchsm3qpy4z75dx7grw5nt46f,3,3,1,2,0.0,0.0,132334.29424533332,<3M,0.0,67.33333333333333,33.33333333333333,0.0
pool1cldam492zgdw8tvay70f7yzre89syp74phgtapl5wtlzylnd20a,2,2,1,1,0.0,0.0,5023.814809,<3M,0.0,1.0,50.0,0.0
pool1rp8ekuv3027rw3ykufwn7z4vactnjzthvlezssfjk9gljcsafkf,70,70,68,2,0.0,0.0,61251.55659615711,<3M,0.0,1.0000000000000004,97.14285714285714,0.0
pool1ncnx4w3mrz2g70fun9t5c87h2rwl789n3x6cxjugzx8scfd95t9,8,8,7,1,0.0,0.0,211949.47162775,<3M,0.0,1.875,87.5,0.0
pool15ud5hthetfx6avs3ulm0w8gwga75p565zpphruyjl4k7sq3phlm,2,2,1,1,0.0,0.0,2933.8974445,<3M,0.0,3.0,50.0,0.0
pool12ka4j3et90wd8ffwy47pvypk37ye857tm09ed682zwq7vtetztu,32,32,8,24,0.0,0.0,139.27226556249983,<3M,0.0,100.0,25.0,0.0
pool1z36erp5vfg088ylf5ug86gvndng0nnz27hdc9s5c75leghwpf6a,19,19,19,0,0.0,0.0,37030.6062668421,<3M,0.0,0.015263157894736843,100.0,0.0
pool1xm4nalvh3yd7pzczlr84w4jlzymwqrnshlpv80u8s6zex997kc6,405,6,0,6,0.0,0.0,15.101367266666514,<3M,0.0,3.9999999999999583,0.0,0.0
pool1alxcfj0vr4lsxj5dtnhq2lazgm62z6vznrr0cqrpvf5lvsyuesz,2,2,0,2,0.0,0.0,0.0,<3M,0.0,51.0,0.0,0.0
pool1sxrkzy0ty37s2qx66cscqwucdqlvemtjl96ep36mqfrnku9lq8t,405,405,405,0,0.0,0.0,1043.4639849999949,<3M,0.0,10.000000000000075,100.0,0.0
pool163c5a24wgz0s69avpgjxze9jtpnamkmjxypg66tujn97ufpqasc,21,21,13,8,0.0,0.0,16824.74632461905,<3M,0.0,4.83809523809524,61.904761904761905,0.0
pool1w7axh547kcdznyjgnvl5sz86taadnsjkzf8tk8r25av6gjdwv9u,37,37,23,14,0.0,0.0,29890.452531594612,<3M,0.0,10.000000000000005,62.16216216216216,0.0
pool1hzy8quep7xkajxx8lep59y2erqll3cr440zm90ctej4hchyfedg,405,405,5,400,0.0,0.0,37.105191377777786,<3M,0.0,2.004888888888868,1.2345679012345678,0.0
pool13q8kl9s0kufpl0vjmnrk2f2nz9nle3k9l3pnzh4negaf7kmd80p,405,405,405,0,0.0,0.0,6423.548609701054,<3M,0.0,5.000000000000037,100.0,0.0
pool1ywtgcl95vtfy8jhhr6su09ulvpcyqg2842qsupatylz5k43epzd,6,6,6,0,0.0,0.0,31416.180221166665,<3M,0.0,0.0,100.0,0.0
pool1z0s54ay6htstx35zv856h9pccmcvc5f93a0va02j33c6xc4prjg,16,16,15,1,0.0,0.0,16013.338160562505,<3M,0.0,2.0,93.75,0.0
pool1uqkug3td82u2eyvk58qse7c295lrja4rnr4r2cf5sfjm7wnvt5x,12,11,11,0,0.0,0.0,6271.232193333333,<3M,0.0,3.7500000000000004,100.0,0.0
pool1hn84ecxekdpke5tpv6rvnr69sj6rwcrsfj2ctu0jprl6uurdeht,3,3,2,1,0.0,0.0,89401.41701766667,<3M,0.0,3.0,66.66666666666666,0.0
pool1y046n8u3uz552nmhz9wx7jv2gn9lytyvwlntetkyavvq52nzqzs,405,405,4,401,0.0,0.0,28142.32022135056,<3M,0.0,0.5172839506172785,0.9876543209876543,0.0
pool12x3493966tlzlav2vacw5vgdr6avnl5lreclgw53mrhn6s75vcv,57,57,56,1,0.0,0.0,127198.52258310521,<3M,0.0,1.0000000000000004,98.24561403508771,0.0
pool1377u7cfdm7mpw7e4xr77jz6l8k2ktlv40v5wuzycm6s6vluquh3,17,17,16,1,0.0,0.0,242370.05395700014,<3M,0.0,1.0,94.11764705882352,0.0
pool1hl9tn0qpujfss69h6jr3wepc0e7tuczchpfu7nu4ma006u5scfw,405,111,111,0,0.0,0.0,14803.019554738425,<3M,0.0,0.014814814814814815,100.0,0.0
pool19f6742plmyxw4w4tzhew003q67cf2w7c66v28mtk6f7fxf80ak7,405,405,405,0,0.0,0.0,516.4613890000031,<3M,0.0,2.9999999999999836,100.0,0.0
pool1ck5umzh4drjmsgj5nmzhf27wtgswqxxfg2yuqpp5sfsg2man62w,2,2,0,2,0.0,0.0,1.6554965,<3M,0.0,1.5,0.0,0.0
pool1tq03j8aa5myedlr8xj6tltstdsn5eprxq4cd4qr54mhv25unsyk,405,405,9,396,0.0,0.0,1420.6191929753086,<3M,0.0,5.000000000000037,2.2222222222222223,0.0
pool1rngj9v7vac3qgmgmrh2x5me6r5eemef8v44c3264594wg4ehrwq,31,31,29,2,0.0,0.0,135646.11936303222,<3M,0.0,0.5645161290322583,93.54838709677419,0.0
pool1j4kazqs4673dlq07pfwnqm6zmaga99as9ktv2h9k02f7vtrn85q,20,20,20,0,0.0,0.0,136708.81129919994,<3M,0.0,0.7770000000000001,100.0,0.0
pool19cafxx4elw5alcufxs6szdx4a0fsq4kgqp3xmh4q009rcweqk93,21,21,0,21,0.0,0.0,11248.350426095232,<3M,0.0,4.200000000000001,0.0,0.0
pool1cvc3grtt32r4vrlkkhy3jqc96x2gyulp0lenf4mq94mugnrywuu,20,20,20,0,0.0,0.0,892.0213823500001,<3M,0.0,0.7770000000000001,100.0,0.0
pool1naxfyh67j3dxre2prs527emmv3mkv2d5kfd76rgh6a2qxsgpswx,14,0,0,0,0.0,0.0,174128.5786727143,<3M,0.0,1.9999999999999998,0.0,0.0
pool1jrsmda62uar63wrndmdg3jupdtmmtsxmnqt66r3mm33wj2fd2yh,405,405,405,0,0.0,0.0,509.76641499999806,<3M,0.0,100.0,100.0,0.0
pool16rvwtsklkp3fdvsqw87hxefzf5fadeuum7j9zr2w6v2mgh983y0,6,6,0,6,0.0,0.0,17852.412853833335,<3M,0.0,2.0,0.0,0.0
pool1xg85d288a6snrc06j7qaqnwdq68xs94wp450rpxe4f2psaljdlt,12,12,12,0,0.0,0.0,3068.1701793333327,<3M,0.0,1.8999999999999997,100.0,0.0
pool1r9dfv5360alp5dh020k050d4n4yh9h4gms9lf0srm43z5zk4d3s,405,405,405,0,0.0,0.0,727.057273656807,<3M,0.0,20.00000000000015,100.0,0.0
pool152zrg07tzs7vjcw7q64r85egv6efr59lsyn4v5yqqxy0vspj26f,405,405,21,384,0.0,0.0,4020.0938255209853,<3M,0.0,1.9975308641975102,5.185185185185185,0.0
pool1fn2e64q388nustgn7ca0tangxa29ta5z908cq2c5nztj6sntdsk,405,405,22,383,0.0,0.0,55.684697422222214,<3M,0.0,3.9999999999999583,5.432098765432099,0.0
pool19ctjr5ft75sz396hn0tf6ns4hy5w9l9jp2jh3m8mx6acvm2cn7j,2,2,2,0,0.0,0.0,498.3630625,<3M,0.0,100.0,100.0,0.0
pool1lfhv4s9pp76krhn5hk2vzmhc5grjwf26nvg02m6f4dc5sk8akt3,24,24,23,1,0.0,0.0,88583.82746029162,<3M,0.0,3.0000000000000018,95.83333333333334,0.0
pool1nnfwte5lhr8rxjye4a8m8krt5fsu6fs2g39g6ccq09nqqf8sekw,405,0,0,0,0.0,0.0,796.2335732740637,<3M,0.0,3.9999999999999583,0.0,0.0
pool1dv4yvcrl2kefasd4qxf8pzu695npqqfdzvlyauh2xqfhgf6ng8d,405,405,26,379,0.0,0.0,5732.405784367916,<3M,0.0,3.9999999999999583,6.419753086419753,0.0
pool1jh4caf4afnjdgne8m95addh93e7zf6zlnx0pk5flcvylsps7nsp,405,405,398,7,0.0,0.0,14570.401150960519,<3M,0.0,0.04444444444444446,98.27160493827161,0.0
pool1rx2ce04meyzjfw7qtspzlk8h863kj5nhwkhts7ja4vtpsk934tg,5,4,4,0,0.0,0.0,509474.26235379995,<3M,0.0,4.6,100.0,0.0
pool1sk4s9cmjc9s5uw5zju76tnu3hjc7qj4geaeq7psy9yjay4a9nwd,405,405,9,396,0.0,0.0,1955.6384882543484,<3M,0.0,1.0493827160493714,2.2222222222222223,0.0
pool1czuxqfhx2fs6q6vw0z0u9c93eumvs45nm0cu65tqvaqq65zu9yq,3,3,2,1,0.0,0.0,2203102.0986943333,<3M,0.0,4.0,66.66666666666666,0.0
pool1yfxhjwwlzr5da82h77jy83nkuryh970ey6zypd89fy6qyuxfppe,405,405,4,401,0.0,0.0,22936.745331697955,<3M,0.0,2.5000000000000187,0.9876543209876543,0.0
pool1lvmhenv95a22ykn2jzscs36smkpggztk9dhgnll30y0c6sr250l,61,61,60,1,0.0,0.0,51879.568810721365,<3M,0.0,2.9672131147541005,98.36065573770492,0.0
pool15xfeh7v3kr5j4unyeszxnfvy349d4h8s92h4xdwl2hct6n0wgah,405,405,405,0,0.0,0.0,939.0842565234553,<3M,0.0,1.9999999999999791,100.0,0.0
pool17rtuu63tef9m4he2jt2zy0wvajvuuefdhleev9xz4ykmgujvl85,14,14,13,1,0.0,0.0,5354.272888857145,<3M,0.0,2.857142857142858,92.85714285714286,0.0
pool1w553dyngfgd853ngs8760v7xsv38cs3cq39lxw5kqqat7668rq8,11,11,9,2,0.0,0.0,83162.96537745453,<3M,0.0,1.227272727272727,81.81818181818183,0.0
pool19042p8xye9udlgxgxn6n358hx0u0mjuegcwpxradk3vpkqgf54t,405,405,0,405,0.0,0.0,2953.4845744197555,<3M,0.0,3.5000000000000115,0.0,0.0
pool1dm79803lhmu9h32vsg3cup5djkme9c3vjlngjx220tmkg78c305,1,1,1,0,0.0,0.0,47.441105,<3M,0.0,3.0,100.0,0.0
pool1fyz9d6sgww0zuzxzx70dmflvsrtk2te6wplkdnnvnyy87yulp64,12,12,11,1,0.0,0.0,172684.1487284167,<3M,0.0,0.4166666666666667,91.66666666666666,0.0
pool1qwn9l4vzm4rsrd5kexuafqlsgg4ap877vsunqpm4yq89crm4aqr,405,405,17,388,0.0,0.0,24934.684739892087,<3M,0.0,2.9950617283950454,4.197530864197531,0.0
pool1uqwtasd8pcf9elw6zejxsmapkfmp0f5djlx3l7raapm0k02l4tn,19,19,18,1,0.0,0.0,17095.92062868421,<3M,0.0,2.3684210526315796,94.73684210526315,0.0
pool183esrwfekmlk64djxcrmllhwwmsua2kd3kt5ghfcj3fpzymne0s,36,36,36,0,0.0,0.0,21871.85563158337,<3M,0.0,1.2708333333333341,100.0,0.0
pool18nx24xhkcewezxvrjgdpt9pgt69pefr85m8qa8fdjd4m6p7egw9,405,405,404,1,0.0,0.0,2161.397700987687,<3M,0.0,0.9950617283950515,99.75308641975309,0.0
pool1lr7pglmne4pgl4nynz398cuyjdfwhg0xxad83eqy2s6hv0cx3cc,405,405,4,401,0.0,0.0,269.5073621925926,<3M,0.0,0.9999999999999896,0.9876543209876543,0.0
pool1mtmjss36km0v4qzn4eqvv440ed9flwqtkp4g8lp0ueu8zy6hvpl,21,1,0,1,0.0,0.0,247.7973982857143,<3M,0.0,0.5000000000000001,0.0,0.0
pool197zgvtkuzhh6gvxa8ak9q4kmdxcuvah4uqz5n8jax9dnkq3uzte,4,4,1,3,0.0,0.0,6876.345180249999,<3M,0.0,2.0,25.0,0.0
pool1wunach3tra8tmaqgft9ryg6ndxt4y83z2vuzmaztwzdr5x7ylh5,405,405,61,344,0.0,0.0,75.70393251851846,<3M,0.0,2.9999999999999836,15.06172839506173,0.0
pool1nxjn62rdwqwefyaeq2mrz8r5vrekh6y43qn6nqsl3f0fzx4jpxf,1,1,0,1,0.0,0.0,6.899062,<3M,0.0,5.0,0.0,0.0
pool16zfptlhz8qd0zhufg5w09cp44rm50xt3mphwt28l4cxw55ewvh0,3,1,1,0,0.0,0.0,2891.1216136666667,<3M,0.0,15.0,100.0,0.0
pool1ag6ae29hrcjhcjaqp56hwhwj9geszjerwqrkjz6xndmcq3u9k80,405,405,404,1,0.0,0.0,2401.316174370384,<3M,0.0,4.497530864197546,99.75308641975309,0.0
pool1nq0jx33p0sfa2fux33yklkzssck4kfgaqlgnlc0a7a9ggqzhgnt,405,405,403,2,0.0,0.0,6281.7874199555645,<3M,0.0,14.999999999999902,99.50617283950616,0.0
pool1cnfdwkjgjd84jtd9sgajhf8wp7ak45j5uj7wydzjpy927fj86xf,2,2,1,1,0.0,0.0,250.289009,<3M,0.0,1.975,50.0,0.0
pool1zevtw8lsd6xh45v2mfw3ay5rqtgyt5dm77daglqwjnpgjgc0ynp,405,405,405,0,0.0,0.0,2140.028656224676,<3M,0.0,0.0,100.0,0.0
pool1mgpzhdjucv0hyyndzq08la7m5h645wmsat35gxy9fv6au9k7eg4,405,405,405,0,0.0,0.0,998.410888222219,<3M,0.0,1.4999999999999918,100.0,0.0
pool1wlt6unycrpygfxkc7jc23uyfaj7lyq39lmdx5cut6v8xqrf48m2,4,4,4,0,0.0,0.0,12658.839025000001,<3M,0.0,0.0,100.0,0.0
pool1fe2jaesv4elw6f9dhu8mlqy5fxpldq873d079ymec4u5yux8p40,5,5,4,1,0.0,0.0,613678.0352772,<3M,0.0,1.0,80.0,0.0
pool13ktnew2u3pmlpnupwsym4g5q9c06msc50flxwjefr05lqxnsszg,8,8,8,0,0.0,0.0,65730.993807,<3M,0.0,0.0,100.0,0.0
pool10t0wxwy9s0zsxaqkhk7zchnerjtd99whcdlpt946v85p2tk9z8f,6,6,5,1,0.0,0.0,23136.65517366667,<3M,0.0,5.0,83.33333333333334,0.0
pool17uppcdmn2c9m9rx4sfg2mmu53nu59a8nwnvngaguyr5gqslwdyd,15,15,15,0,0.0,0.0,68961.50135173331,<3M,0.0,2.0,100.0,0.0
pool1el5rysxar6ujhtpawwdj2597xd85hdlylsga0a06awrkjyzuzvv,3,3,2,1,0.0,0.0,165951.643214,<3M,0.0,3.0,66.66666666666666,0.0
pool102s2nqtea2hf5q0s4amj0evysmfnhrn4apyyhd4azcmsclzm96m,405,405,403,2,0.0,0.0,6821.877164143189,<3M,0.0,0.5444444444444383,99.50617283950616,0.0
pool1jssdknzgsg4fm3v70uvhrtfjtakwpr5q6x0dwc0fcff8wtd05f6,405,405,33,372,0.0,0.0,1471.5264867703697,<3M,0.0,0.9999999999999896,8.148148148148149,0.0
pool1qzlw7zfnvjhtjfaaggk8fwhfk8884tjwwvzhe7qz0nre7y7vv7a,1,1,1,0,0.0,0.0,80094.677084,<3M,0.0,1.9,100.0,0.0
pool10qv6jzdvmkulfs2zcmxjkrz345wwrwsj8d0lhvqf6tgjxlc7q43,23,22,21,1,0.0,0.0,27146.727300217397,<3M,0.0,1.4130434782608703,95.45454545454545,0.0
pool126r7el40r8k35lkzp2fn9luqezkkl3dva970kunk6ft2ycsmp2t,2,2,0,2,0.0,0.0,54471.730462,<3M,0.0,8.0,0.0,0.0
pool1v2q5w37cnu608tu0v8yjan0k3puzwa4mssyxl4wmq9z8ghneqnt,29,29,25,4,0.0,0.0,41482.06555503449,<3M,0.0,0.0,86.20689655172413,0.0
pool17yyawjkmefppu64v0xxqxecaa77ddgsdgxgmm06jdyxeslruzyc,1,1,1,0,0.0,0.0,201.02535,<3M,0.0,15.0,100.0,0.0
pool13qhkchlzakkjf4aaxj5ma2d5fcu9yr99ednxg75p45ctzdgrw95,8,8,8,0,0.0,0.0,52775.64892412501,<3M,0.0,0.0,100.0,0.0
pool18km87e0gdvzzdfv2kczcgryemjtn0uhmku66qunauczu7uq0h89,20,20,20,0,0.0,0.0,98596.39027445001,<3M,0.0,0.5,100.0,0.0
pool1guzmpktw0h98ezwgekzcvw2wgmf58a3egcjaecx2yv8esrtv8tw,404,404,0,404,0.0,0.0,0.7362760816831683,<3M,0.0,1.9999999999999791,0.0,0.0
pool1t7zqmrd87cpy332qjrw25vhxmu7lq3v9carjnuacw6upvcv4xc8,19,19,18,1,0.0,0.0,18910.786607526315,<3M,0.0,0.42105263157894735,94.73684210526315,0.0
pool1gpc08dtula7mpdzy3rnf9zfw8tp2n6c03ukj2kf5shqzca5ulw2,404,404,1,403,0.0,0.0,619.28320025,<3M,0.0,2.5000000000000187,0.24752475247524752,0.0
pool1pq2vemafqyec9j2p0x2csh3l9rkfs3fqlwda9xq2mvkpj082vt0,15,15,14,1,0.0,0.0,1867.330436,<3M,0.0,1.0,93.33333333333333,0.0
pool122fqhp7fkuw3f44z7l3zvfwd56myazkf4ysqrr7p3s236ehx59e,34,34,33,1,0.0,0.0,37793.51557626472,<3M,0.0,3.0000000000000018,97.05882352941177,0.0
pool1p8a3jea0k5w749jf0jtr7qeer8xth9r0zr8ktmp75heqx0ewyz7,404,404,403,1,0.0,0.0,51498.021487000115,<3M,0.0,1.9499999999999895,99.75247524752476,0.0
pool12yx6zskxnvkwajm22u823y5e77p5ysaz6p3tyx6x3d75xm0x45j,38,38,36,2,0.0,0.0,36382.56123415792,<3M,0.0,1.2631578947368427,94.73684210526315,0.0
pool1el3v9e8u9zg70p2uva8tuuxzfyh27z242lryjw8qudzqum80p2e,6,6,6,0,0.0,0.0,99492.90760216666,<3M,0.0,1.0,100.0,0.0
pool1v85cyfgtkhzw3pydfrnjwh2c4yxsy9480898dqc2k8shs6697aj,9,9,8,1,0.0,0.0,60543.07439433333,<3M,0.0,3.75,88.88888888888889,0.0
pool13e5pqvrqkvjet48w6znhf9u4k92a0y9etcrpt704vx9e7lpe68z,2,2,1,1,0.0,0.0,17740.715451,<3M,0.0,1.5,50.0,0.0
pool15r7dh7wlmu04xsva7rgcrljeqveevvkv20uusam0d6vhjvuze3g,25,25,24,1,0.0,0.0,6497.3491089599975,<3M,0.0,5.12,96.0,0.0
pool19xfzuf0s9tk763xwpp8cgts4d0v0lj98w0dsa6vshnh2yrzuclc,14,14,13,1,0.0,0.0,13689.519039357145,<3M,0.0,1.9999999999999998,92.85714285714286,0.0
pool1epss6343pw4x3rceg4rjygwpfg5tvtvuhyjxep907fgx7ynq5et,12,12,12,0,0.0,0.0,160171.0077175,<3M,0.0,3.9999999999999996,100.0,0.0
pool1x2a4fa5qty9es79kmrlzj5a99s8kv5ml6fdkxxzm5qwpqrak55h,57,57,32,25,0.0,0.0,160080.8100642804,<3M,0.0,2.000000000000001,56.14035087719298,0.0
pool15amxxauxh409wcuc87e0tusfzuka0wfvxhxmpt6vugqgsw6j4d6,404,404,404,0,0.0,0.0,3390.7830293192915,<3M,0.0,0.9999999999999896,100.0,0.0
pool1u0kgda0244uxl4rfs7mptfavxwrje4es5ph65xzmm92y29nlcmz,42,42,42,0,0.0,0.0,16221.473871142853,<3M,0.0,5.238095238095238,100.0,0.0
pool137t76wkjkytqrxlvc3hd8cv2qtpwc2qd34zcq0qlty4zcf3gtmr,6,6,5,1,0.0,0.0,100076.85885866666,<3M,0.0,1.6666666666666667,83.33333333333334,0.0
pool15730lwmu7vrffkl40wtjrnctsfd840fl5jmuw230r0d65a74k5e,404,404,404,0,0.0,0.0,942.8234110000034,<3M,0.0,0.4999999999999948,100.0,0.0
pool1s6297q2hjfgmjcg9twsam52dkmdfygp5h5mh7epuxcnyqa9a00m,3,3,2,1,0.0,0.0,216222.19375366668,<3M,0.0,1.5,66.66666666666666,0.0
pool1q56kkwncreqy3ygr995v4clwcaflcpvuy75fx2v6h0rtzh2xxmh,20,20,19,1,0.0,0.0,73153.3125826,<3M,0.0,4.581500000000004,95.0,0.0
pool13we2699vtullrq9vhcxnp7jtken3v2cjd5se4cena454wn4jn6g,27,27,9,18,0.0,0.0,5420.246215925927,<3M,0.0,0.1111111111111111,33.33333333333333,0.0
pool1np48ne5rqg4vtaa03fan3l3q8729t33nm9uptsg8ddpl6n38kml,11,11,10,1,0.0,0.0,9574.383930909093,<3M,0.0,3.0000000000000004,90.9090909090909,0.0
pool1ckh0a83mfrhuevhc2efpnqa5kfmjk5dwndqchnlqqmkm62wd3ut,6,6,4,2,0.0,0.0,9757.676327833333,<3M,0.0,3.833333333333332,66.66666666666666,0.0
pool15n83v7qy2pzd6fmh84mrewe70cmdr372wey48g8wjndrvxywfaa,37,37,33,4,0.0,0.0,15679.700130891886,<3M,0.0,1.977027027027024,89.1891891891892,0.0
pool15723rmfj9yw88yj3vjhh4f82xlwkqrwthmgw79zt6v7ukx3zv2y,79,14,0,14,0.0,0.0,1685.1673801898753,<3M,0.0,4.999999999999993,0.0,0.0
pool19upjnw6s32kyfrv863nxu08yw6fyvjz7j3p4c3zl95arytp068x,404,404,12,392,0.0,0.0,2642.689549519803,<3M,0.0,0.9999999999999896,2.9702970297029703,0.0
pool1kg7zjwer5uf5n4epd8yqf4d336mk5e3ncv7y0jus6ua8uqkc9y0,20,20,19,1,0.0,0.0,50586.16877905001,<3M,0.0,0.1425,95.0,0.0
pool160n5l9gss5yl8glnappkelxdnre9t5wuacacspyj4rjtc0ytn7p,27,27,25,2,0.0,0.0,24145.393569851847,<3M,0.0,5.000000000000002,92.5925925925926,0.0
pool14h9dm54ajt2nfr2znllm6cqan2q24f3s4t0m6mr8k633gz47mp2,20,20,19,1,0.0,0.0,56132.94787759995,<3M,0.0,0.1425,95.0,0.0
pool1aqqnzaw54l55nxp5uxtjg8hpwv6k38a5c03zrk5uvuetxavluyt,21,21,21,0,0.0,0.0,1026.753705,<3M,0.0,1.0000000000000002,100.0,0.0
pool1pr9sj3ptzgws7zt8pzrypfdnp9vkkcl62md5y6yk9u5usyyadxa,4,3,3,0,0.0,0.0,614482.0758065,<3M,0.0,2.2500000000000004,100.0,0.0
pool19wwn6spjswtvky7wnayh8v3v6gcuauztcxhqe3qhqhgmz2ry777,13,13,13,0,0.0,0.0,185089.63989576924,<3M,0.0,0.0,100.0,0.0
pool1vyn2m2ry62ayem2av9w3d8tvkdhv6zl5v9j6x8mcc9awc96ulrc,3,3,2,1,0.0,0.0,83495.91676066666,<3M,0.0,4.166666666666666,66.66666666666666,0.0
pool1thmyhzux99vty9h4y57dfc6mjwu80na79wyq33trc4z3qem7luu,3,3,2,1,0.0,0.0,100182.13803333334,<3M,0.0,4.166666666666666,66.66666666666666,0.0
pool1frxut5ury0r2clgpvr0dewlsvc233ft7g6v7vx8msepy5068evn,404,404,404,0,0.0,0.0,1402.9316432772284,<3M,0.0,0.9999999999999896,100.0,0.0
pool1dxq8g3qvz0een52jv8yzagmq8ym9lxq073yc40mhlvm5skffhfw,27,27,25,2,0.0,0.0,54151.25926933334,<3M,0.0,1.2592592592592597,92.5925925925926,0.0
pool13dt2mjr8m9hl04mh4r0s039j5zf4pljrnxkmxpn879m8q58ssn4,7,7,7,0,0.0,0.0,28256.24395671429,<3M,0.0,5.0,100.0,0.0
pool15m2c9krv4lvxrxzwcvlncjah4v0ps0g8rx4ujg63m5kaw8rfzz9,1,1,1,0,0.0,0.0,49496.654317,<3M,0.0,4.5,100.0,0.0
pool17kym2l9g5z4xyspp4fjw57vd2k3wrjjax2a4dfsw4acrkwpf6gj,20,20,19,1,0.0,0.0,4571.442162999996,<3M,0.0,0.1425,95.0,0.0
pool1dnj75akz3rcfldvrjxxmr5fycvnnpjsenmfk8cg7zxlv2ntsm2n,20,20,19,1,0.0,0.0,8123.799100750005,<3M,0.0,0.1425,95.0,0.0
pool1d8g436mpewl07wh9v3mgammupdft4z7n8v3sr6k0v23y6gsqq4x,1,1,1,0,0.0,0.0,49497.043135,<3M,0.0,3.0,100.0,0.0
pool1yu4ssvm9ts70dmdvhywdzd08h66q932dt5gh67gl33t9v2qzg8g,42,42,40,2,0.0,0.0,14633.930889595225,<3M,0.0,1.0000000000000004,95.23809523809523,0.0
pool15j6qxs750x0fchc52fcjyth3ws48ukah88j5usltn7mfqzzwaar,25,25,23,2,0.0,0.0,84368.05764384003,<3M,0.0,0.0,92.0,0.0
pool16qp00n6jkk6fys3yh90vprvsu8rctkh4hcsz7gyaqmqf58296hl,20,20,19,1,0.0,0.0,14716.185798100007,<3M,0.0,0.1425,95.0,0.0
pool1t0yyw270lyj70x2fdgxsl7re3rlc8q23fvy3gfpggulc5g6xe95,7,7,7,0,0.0,0.0,18321.423637,<3M,0.0,0.3,100.0,0.0
pool1qusmm0c4qndnn2ute6z97fvnypaa4ke4jhjh6wqm0yvn5r4488r,22,22,21,1,0.0,0.0,71064.76551163633,<3M,0.0,0.12954545454545455,95.45454545454545,0.0
pool158eksfhqe9wavsvrr3hu66vlpnt2xkn2dadhlyakhvar23st4c6,4,0,0,0,0.0,0.0,606177.8722730001,<3M,0.0,0.0,0.0,0.0
pool1elfx9vdtwpp90z8l67la6x305cakd7zs2lxxxum9ah8pvkd4v5z,5,5,5,0,0.0,0.0,507.7076556,<3M,0.0,0.0,100.0,0.0
pool1acra5tqm2p99tm84wptk48rqkw9c2zfrftxe5338xd4gxzp5xxh,9,9,8,1,0.0,0.0,3313.287594666667,<3M,0.0,3.7222222222222228,88.88888888888889,0.0
pool1wn7g7fs8nhqnkkzcafzucl6x6spa6rj980kkkg0rcnyajg62lur,404,404,404,0,0.0,0.0,498.4151228910857,<3M,0.0,5.000000000000037,100.0,0.0
pool1p8gda4td9882kcllejstrzfh84n8cxts0j67dyuuamzdg85cf3a,404,404,359,45,0.0,0.0,25976.42538756686,<3M,0.0,1.0099009900989993,88.86138613861387,0.0
pool1axgtae69sdv7tnqru3enjdln0hff9k7n8awlh9xxzq92cdgmq53,403,403,403,0,0.0,0.0,7.619999999999929,<3M,0.0,100.0,100.0,0.0
pool1cadtxkx0lkrq5refcn8p3ueujn4r0wvuk57f6efwflj22gg0qqw,44,44,40,4,0.0,0.0,35384.074322272725,<3M,0.0,7.704545454545457,90.9090909090909,0.0
pool1xs35sxgeq3phgfwhcp0pajejmpsc3hpnm09du736cexguej2hw6,15,15,15,0,0.0,0.0,3239.093427733332,<3M,0.0,14.999999999999996,100.0,0.0
pool1vgr2sfve7lj3dx4j7wzfl5r22zqrylxxxpg4c4g937ksydlyy5e,7,7,6,1,0.0,0.0,5962.597548571429,<3M,0.0,15.571428571428573,85.71428571428571,0.0
pool1pk62xccrvrgm5ndktrdyh3xj9epdwjql5q0cvgj0f32m7urkxva,25,25,23,2,0.0,0.0,70956.75378424003,<3M,0.0,2.76,92.0,0.0
pool19tdq6xzvtj8q3wpf7n38hr78mgvkltff4c6nsjw8suchvyzr8lm,8,8,8,0,0.0,0.0,42.416377374999996,<3M,0.0,2.0,100.0,0.0
pool16lp67ryj6lvu5psu7sazgzvmtap7qwr4shhq740fl46vkznc0gh,60,60,25,35,0.0,0.0,2825.0010755500043,<3M,0.0,1.1166666666666674,41.66666666666667,0.0
pool14nntqycjrv90n0v5fwh72jkru04rdkfgjhmr5emuh38pqwuuf57,60,60,25,35,0.0,0.0,20787.398656649977,<3M,0.0,1.1166666666666674,41.66666666666667,0.0
pool1r6lp6uumua0kvs069y0k5kh3t7acvv4pz9pfw3zs6rmmcs52z4z,403,403,0,403,0.0,0.0,3468.9894095930235,<3M,0.0,0.22208436724566077,0.0,0.0
pool1yx09rrl0r9y5mg2swvturgt3hajqywrmkj8vm4ufdzwqwsq70zp,5,5,4,1,0.0,0.0,4378.0145666,<3M,0.0,2.4,80.0,0.0
pool12ktymer8mcwuc0r89heh9zd4p9ef3y0glxt6r28s96crccm6xnn,3,3,3,0,0.0,0.0,1097.512156,<3M,0.0,0.0,100.0,0.0
pool1mjdhrfa93w25mdzpnh88twszt794p3gdz8f2dgawepjdxf6fxae,5,5,4,1,0.0,0.0,4408.5723948,<3M,0.0,2.4,80.0,0.0
pool1vl29gnur55qlzmfatu3cs30sxu4cgewvr2enqpdaeemk6ud63ue,5,5,5,0,0.0,0.0,517.5862306000001,<3M,0.0,0.0,100.0,0.0
pool10wkdt9egx9ukrehlkg85pa68q625556p6y2e7l3tuv4xsmzwf7y,1,1,1,0,0.0,0.0,93.878984,<3M,0.0,30.0,100.0,0.0
pool1zu8tgy3jwyvzltcfzzkpj4dydxdrplmurl85yu0rz0hcxu7zdd0,6,6,5,1,0.0,0.0,4130.322209333333,<3M,0.0,1.0433333333333334,83.33333333333334,0.0
pool10ttx2c9qzy8k7hj8e9wc04hc6cwraaxq8klqyynl0p9gspw9vxk,5,5,4,1,0.0,0.0,4378.0498844,<3M,0.0,2.4,80.0,0.0
pool13pyn4ph3k98x8gwhvhear62j60yskjnltpxvxpk90gwtjkzj88n,3,3,2,1,0.0,0.0,113942.40240233332,<3M,0.0,1.2000000000000002,66.66666666666666,0.0
pool1zx293a3jpjh9sln53uhlc34ccnppl6sze22rrcmt04enzapl935,403,403,403,0,0.0,0.0,300.8226690000008,<3M,0.0,0.4999999999999949,100.0,0.0
pool1xzf8epy6wa5cuvx74jq0llmwpuu48cre8ld67alwyyu7xjerfm4,2,2,0,2,0.0,0.0,419.7151405,<3M,0.0,2.0,0.0,0.0
pool17xnhw5wulmn8jtmwyhcj2uyj4gvvnrspxl56dfwylxfavd3kn4v,5,5,4,1,0.0,0.0,4378.0872702,<3M,0.0,1.7999999999999996,80.0,0.0
pool19u2lzwnmkz3gqqmx9sahhys8nqvwzkl8dqu7m474m0zsj3acjfj,403,403,401,2,0.0,0.0,530.1369204218341,<3M,0.0,0.0,99.50372208436724,0.0
pool1chn55g2hh8rcclznxd64k4tn9dz4rz2p6fgpha7hfh4x6pqufd6,5,5,4,1,0.0,0.0,4377.8627794,<3M,0.0,1.7999999999999996,80.0,0.0
pool1y0twtse3rr97hjvsd5kkycwg8gru2h2fay6k5ecx3zy8cx5mdwm,21,21,20,1,0.0,0.0,2505.2332608095235,<3M,0.0,0.09047619047619047,95.23809523809523,0.0
pool1cl5clj0cafajzcrrk5hvvr6lklfvl9tkyjeqygxcn36p6xs2m24,19,19,18,1,0.0,0.0,2442.396843052633,<3M,0.0,0.1,94.73684210526315,0.0
pool1lp4gmrkawmnfd0rcelgjltdwt0zpqypmry4jwfccxakuxz4rtsk,3,0,0,0,0.0,0.0,829.923076,<3M,0.0,0.0,0.0,0.0
pool139397tgncm6q29sjdt9cqeamdttlsnlrapy0wnrn26h6ct4hnzg,2,2,2,0,0.0,0.0,129.441589,<3M,0.0,2.0,100.0,0.0
pool10ev72gw38e6uvruqueczvaddcc7gwymkdewdww6lam0fy9e0a99,5,5,4,1,0.0,0.0,4575.994449399999,<3M,0.0,1.7999999999999996,80.0,0.0
pool1v0kxk4z5h77ts2qnes6ucfk22gax77zj9hy4k9zc9mc7shs9er4,19,19,18,1,0.0,0.0,2442.8268083684197,<3M,0.0,0.1,94.73684210526315,0.0
pool18e48wynvkevefs0c5yuh705u6tpy0m4xflg506kp0r6vga9gkmr,403,403,0,403,0.0,0.0,524.6663546029743,<3M,0.0,5.000000000000037,0.0,0.0
pool1hmqacjztzjdk6pesvaaa7pekpm2jd9guak9xtzvtjxjcctwcypz,18,18,17,1,0.0,0.0,25176.473899611105,<3M,0.0,0.05277777777777777,94.44444444444444,0.0
pool1ls5kdncky55up83lyh6430c56w9scdnnq8nu8a8ncmtd6txcz3y,2,2,2,0,0.0,0.0,1494.0397615000002,<3M,0.0,1.5,100.0,0.0
pool1xlz5ghvmqyd9lxaqu2tawcjq4254xcsn75uytf3u36r56fqlj9c,14,14,14,0,0.0,0.0,102.7898220714286,<3M,0.0,14.999999999999996,100.0,0.0
pool16dpg3zz0zahzpwz5mq59k2jyksjz8rzutkc92u3xdt3txsnwfg8,18,18,18,0,0.0,0.0,1022.2377771666664,<3M,0.0,0.05277777777777777,100.0,0.0
pool1q7n8hjmqqtr9xxr5clr0mdx06vkhetkt3p0l300gn0rd7r9nj4w,88,88,87,1,0.0,0.0,2829.025982784087,<3M,0.0,1.4152500000000046,98.86363636363636,0.0
pool1ztpwatlnzskuruwe7hxwvu6xjsv6l24835pyvpx7lslccy3xx9a,402,336,58,278,0.0,0.0,5206.726924776129,<3M,0.0,0.014925373134328358,17.261904761904763,0.0
pool16cpkmftdtt86a9fwg9pp56lrs45nf5dl7rwuucscma33kvppfky,52,52,52,0,0.0,0.0,18734.863249057693,<3M,0.0,0.5480769230769235,100.0,0.0
pool1zcfkct0ceppnf2wqtstdry7r7w8mswtygtc344j2rlp2wmgvxyu,1,1,1,0,0.0,0.0,0.0,<3M,0.0,1.0,100.0,0.0
pool1jxjshdtfcpks5fuvhwwt642pr9jcee74n64wd02530c9s5laa3w,35,35,22,13,0.0,0.0,317695.1411019715,<3M,0.0,2.8000000000000016,62.857142857142854,0.0
pool1rkaj2rvgc8adgz3savhu3nxkqv7u24qtlgw9qrfqncuwgfzcfyg,5,5,4,1,0.0,0.0,48032.484180399995,<3M,0.0,2.7,80.0,0.0
pool1s78d2ck2pt0yk8w5ssg5f8u9yqdhgx8jvp3z2ndllwflc0mxpr4,14,14,14,0,0.0,0.0,269643.16469199996,<3M,0.0,14.999999999999996,100.0,0.0
pool122e6s7cucm4jt32g0redkcgw4grwg4xe2f4r3qaxhdfvw5kxmkg,18,18,18,0,0.0,0.0,1022.2377771666664,<3M,0.0,0.05277777777777777,100.0,0.0
pool1ywnfn6dacddtyjw4kvn6zlxx9nn2g42eytl78s5zsjd4yaff9e3,1,1,1,0,0.0,0.0,1002.458265,<3M,0.0,5.0,100.0,0.0
pool1092quwhywgsjcnmjpd6w9lp90uxwwcedpv05fk645jdjqv5dmj6,18,18,18,0,0.0,0.0,14535.449630666668,<3M,0.0,0.05277777777777777,100.0,0.0
pool1u74dg47ljl9ccnrxnuy5t8nchzd8ywjk4ggg0klt60l7wxgrnhn,14,14,14,0,0.0,0.0,137.0179174285714,<3M,0.0,14.999999999999996,100.0,0.0
pool1j7mrvaqleuegtqnxahw9e05tkjparh08x7lxz2drvegw288g785,14,14,14,0,0.0,0.0,102.98977807142856,<3M,0.0,14.999999999999996,100.0,0.0
pool1gkv6unq28836849kqyv9qg2j09t0qx03hevusuh40nzw6wumhxj,17,17,13,4,0.0,0.0,17368.957563588232,<3M,0.0,0.3529411764705882,76.47058823529412,0.0
pool1uj0r26e5ymqgre7zxqsapl2stlh36fc8n6mvrcdzjn247u2cf5l,402,402,19,383,0.0,0.0,2181.6723952213933,<3M,0.0,1.9999999999999796,4.72636815920398,0.0
pool16g6ejlm5g0t5zqus7gwz38t4fz0wf3hmac2d32utypc0yj2t228,10,10,9,1,0.0,0.0,1093688.4276861001,<3M,0.0,1.2,90.0,0.0
pool1unn9ffvhwnnergwases7m0tklnl3pfjj0ucd5g3ehlq4qde4wpl,4,4,4,0,0.0,0.0,611.749325,<3M,0.0,5.0,100.0,0.0
pool15j9ztj028vzm8x7xzhhktf5xwrldv3j604wqh6ngrsyrw0hal9q,14,14,13,1,0.0,0.0,21712.766886642854,<3M,0.0,0.4285714285714286,92.85714285714286,0.0
pool1hrehmhknpv5j9eeuxtxtys94safytkd6kyayuyyrul2q7gxaljj,2,2,1,1,0.0,0.0,692.908999,<3M,0.0,5.8999999999999995,50.0,0.0
pool1g57ym845sgpj9jv4uepzkmcee69n4778x05fa95d584r2ew9k04,5,5,2,3,0.0,0.0,270391.17099739995,<3M,0.0,2.0,40.0,0.0
pool1clruldef450wxs48hqc5jzms224k0dyekeyl8ux4aplm2e4gd9e,32,32,30,2,0.0,0.0,112879.18426990625,<3M,0.0,2.000000000000001,93.75,0.0
pool120058hgkax8k3sq7dm3v2qken8hvf7l2ve6knkfgkh97wx5vgdc,4,4,3,1,0.0,0.0,374.801561,<3M,0.0,5.0,75.0,0.0
pool14rs7ky0p867k0fe9mk3uug9c6w0mwlz3sllh7rpwxcqacr70s8t,402,402,402,0,0.0,0.0,115789.04898183697,<3M,0.0,2.8999999999999924,100.0,0.0
pool1kv6qdpadzd8ttf7x60urh8vv3k5v2th4uss6szpp9d5cv7ylf6p,18,18,17,1,0.0,0.0,907.4039817777776,<3M,0.0,3.0000000000000013,94.44444444444444,0.0
pool17azkdj7a4p05clq3g538tspcxk57cxxvcc0wrq7pn2fjcpe985h,4,4,3,1,0.0,0.0,131395.62950225,<3M,0.0,2.0000000000000004,75.0,0.0
pool1r8fe9j8rkt55zh6pu7ctvdf8s66p3ezqllmxssp6p3vp56e0m2l,23,23,22,1,0.0,0.0,17895.77772486956,<3M,0.0,3.753913043478263,95.65217391304348,0.0
pool14w30uj9a4kqn357m3ucyxllhwqhznagyjfr52vk5vfd67vwmvcv,19,19,18,1,0.0,0.0,130938.51958257894,<3M,0.0,2.0000000000000004,94.73684210526315,0.0
pool1dkffyjd5qqxrg4r0ddky0jlc6hrap34udnnp4kzvhu2ljhukpkx,12,12,10,2,0.0,0.0,106920.95503975001,<3M,0.0,1.9999999999999998,83.33333333333334,0.0
pool192zx7kwq6lj5tt8k478awnawhuwfc7534nya0zcu6xz9sxyp5nl,34,34,34,0,0.0,0.0,7907.532861294118,<3M,0.0,1.0000000000000004,100.0,0.0
pool1gvydgpt2nt6zchvt6fyc5h3w5g24nrrw54tskm0mkc6hqh4ye5n,402,402,402,0,0.0,0.0,1073.6364897238777,<3M,0.0,1.9029850746268469,100.0,0.0
pool16p00fzpplvratuhgcjvqtmvfjtlxvr5exn9mamhrns8xwp76wnt,1,1,1,0,0.0,0.0,1007.627547,<3M,0.0,100.0,100.0,0.0
pool1xer708rvhnkqe5yut9v0jqzpvng7afruz2cg8ppnes50s4zskft,18,11,0,11,0.0,0.0,2468.8314732222225,<3M,0.0,1.0000000000000002,0.0,0.0
pool1rfwfql54dxqe2f3pht7c8xztq9c5wncdhcp542nk76dcgshtvdk,401,401,401,0,0.0,0.0,376.5186689999999,<3M,0.0,0.9999999999999898,100.0,0.0
pool1rsm2ara9zm9tq0gupcq4c7e3v7c8lwxlgjgh2zalgjf3669rlwq,401,401,401,0,0.0,0.0,967.0465990548685,<3M,0.0,0.9999999999999898,100.0,0.0
pool1w3ewp9s00evj200lnhwsy3dkn2yf3dg7zq7apj26a2dvv5r7hpg,401,401,401,0,0.0,0.0,2807.7095998453437,<3M,0.0,1.0648379052368995,100.0,0.0
pool1yz84yglq8uuaavqfhphr2k2cpnazhfa6tu26tscxvycsyzzstm5,34,34,21,13,0.0,0.0,64509.37845538229,<3M,0.0,2.682352941176472,61.76470588235294,0.0
pool1atw0jj9jwt6epkc6834aydrz2y3ezgq376c7evx730uuuudnrp7,1,1,0,1,0.0,0.0,0.0,<3M,0.0,2.0,0.0,0.0
pool130u9tm5kzsjkzlt4zq989s33fne5n9qahkdcmamh688wzrk78g6,401,401,401,0,0.0,0.0,2641.1984355436507,<3M,0.0,1.9999999999999796,100.0,0.0
pool1x688lcv2xedw5upej6079gs7uk3dcru9cxm29sttlf86q4wkh57,32,32,31,1,0.0,0.0,86861.77244218752,<3M,0.0,1.5000000000000004,96.875,0.0
pool1fwg2x8pwwxverf0wqtk3pnqtywlah9em3ywyvhskafvm5z3e7kr,401,401,27,374,0.0,0.0,122.0229983416454,<3M,0.0,10.000000000000075,6.733167082294264,0.0
pool1lll300yc7lf6v34agp6ctzxdwk6s96cu0lxq3kk0msgvzchq3f4,17,16,16,0,0.0,0.0,9138.084912647058,<3M,0.0,5.823529411764707,100.0,0.0
pool12mca6l778v2e5wq5a4kc08h6grcv9j6f7yykt9wyjttckfxksvg,397,397,397,0,0.0,0.0,1014.2712479999935,<3M,0.0,0.9999999999999898,100.0,0.0
pool1z59y9zk6kvyzl9fv7evxpnry8sk6ymxuee0lc6kw2rkvzh6f077,401,401,0,401,0.0,0.0,2.6232820000000117,<3M,0.0,4.500000000000013,0.0,0.0
pool1vtt4cne5wtrpehssda3hfy4q39t08e8m0dk6t9hrjs6rjadlge0,6,6,5,1,0.0,0.0,40701.930896666665,<3M,0.0,2.0,83.33333333333334,0.0
pool1jdugquum6gvjjaknfmpyte46cszneu8xar6wj6c4wsfaqlgnhxv,19,19,19,0,0.0,0.0,414177.82278784213,<3M,0.0,1.2631578947368427,100.0,0.0
pool1kntdmfas8khdxyx4g63xrdl6c6m049ukuzmy8rh8cx5rwjes8zg,1,1,1,0,0.0,0.0,37.270656,<3M,0.0,5.0,100.0,0.0
pool1j6uhjaue0vz4pns89m6m77df9e09k0rgd4grhm0tt8kuzc2kxpe,13,13,13,0,0.0,0.0,213.0844776153847,<3M,0.0,14.999999999999996,100.0,0.0
pool1adw9zkdz450vuuwedxa7xe3kh2dx0ujk78063q37lagm2jh0rn9,13,13,13,0,0.0,0.0,105.38879523076925,<3M,0.0,14.999999999999996,100.0,0.0
pool1tangq2rh7e7m06q84ktcxnqs9xdqk7h9jjlgnwnnrjet6zq64jx,29,29,26,3,0.0,0.0,111260.66668458628,<3M,0.0,0.0,89.65517241379311,0.0
pool1k0d5szkmzsw6035ytsm8dv75d4ewu5gkm7c7dhsjug9uvkaunz3,401,401,0,401,0.0,0.0,96.6353286159602,<3M,0.0,14.999999999999902,0.0,0.0
pool1kdr2k3mxw3zj405mxrfzly95mxqtegrk5d8zwx904plxvvk856z,7,7,6,1,0.0,0.0,59.14032128571428,<3M,0.0,0.0,85.71428571428571,0.0
pool1eaetnqdddl6pw3my4urw4nlcy004pjpgnt3fpypr36qt2v8c6ck,87,87,87,0,0.0,0.0,77.3811269999999,<3M,0.0,2.9999999999999973,100.0,0.0
pool1l6ag9a4teknjsds8qcqpxh3sdagprv65apsrys82pc8nspzrxtc,24,24,23,1,0.0,0.0,19434.410146000006,<3M,0.0,10.000000000000004,95.83333333333334,0.0
pool1gzlnkqfxv0g4uhtd3nmdlehahuf67pfm48gw7f02njhsgnwdjum,11,11,11,0,0.0,0.0,5062.156657181818,<3M,0.0,3.0000000000000004,100.0,0.0
pool1dde9jvej6nr4yqfnnlx5ydn036zv7yr098y4p2qs7cvn2l3kuj8,401,401,8,393,0.0,0.0,2869.9819453765604,<3M,0.0,9.955112219451447,1.99501246882793,0.0
pool1tkqjk8s3yqqyuspn4c44rjz7vgsu6kfxm4uvt89cejwryetpt6m,401,401,401,0,0.0,0.0,14751.904203518443,<3M,0.0,1.9900249376558397,100.0,0.0
pool1mskcczujzac6fy7nw7vv2ljg6ufm52n6uaw6mx82tsrhvm3qrgm,18,18,15,3,0.0,0.0,927.1785150000002,<3M,0.0,3.5000000000000018,83.33333333333334,0.0
pool13hqjq6yxcsk3wpygedcp04crk58qsc00gw4wf77q6kehxxagqme,401,401,45,356,0.0,0.0,4661.494377167085,<3M,0.0,1.9999999999999796,11.221945137157107,0.0
pool1x6ss3e75d375300w8xa95ydwfp7y3rxals33gj2u7km22ju7534,3,3,2,1,0.0,0.0,167019.25342766664,<3M,0.0,1.5,66.66666666666666,0.0
pool1k4e37vn00us00fk5s43apcte7yjvtylxh0hfj9yqvv2tu7c9uxt,7,7,7,0,0.0,0.0,55.23531014285714,<3M,0.0,1.0,100.0,0.0
pool1he2mzyycwk9hsp8hp2yr0fn808yzrs3xsdm6gr3qvfjm2z58zm4,117,70,69,1,0.0,0.0,24358.170842803396,<3M,0.0,42.87179487179487,98.57142857142858,0.0
pool1xmj8c7n0cpgzz68nf0hq5f7z8292cv80tkcw89wzjgm4c567lj2,33,33,32,1,0.0,0.0,18156.00866696969,<3M,0.0,5.303030303030306,96.96969696969697,0.0
pool1jg3utnyfpjlnudaz5575hrfvwe3rqw0kj7775qjexa595asvsqy,3,3,2,1,0.0,0.0,66999.70197933333,<3M,0.0,1.5,66.66666666666666,0.0
pool1hdhs8enev8my9cpfjcrdfde3v2zdsvvmlslm98tugj2kx0pcj8v,3,3,2,1,0.0,0.0,66999.70197933333,<3M,0.0,1.5,66.66666666666666,0.0
pool1gjgayacevj69akdgu92p0eerkuamrwwj5cwnj4wez7yyj4g2jcl,2,2,1,1,0.0,0.0,100250.566037,<3M,0.0,1.25,50.0,0.0
pool14zkvjsd7ny9dgc2d5faqwttzh2me0tzuk9xmf8vydxxcvqaaaya,400,400,9,391,0.0,0.0,9130.916091854993,<3M,0.0,14.999999999999902,2.25,0.0
pool17dx6ld5544pngfc4w6ere708zmjga7wmykeelqhqt4tpkjcpup2,400,400,4,396,0.0,0.0,1769.2822218800002,<3M,0.0,1.9999999999999791,1.0,0.0
pool126kcx3ve6xedpdk8gm9gtgs5x2h77tuwe5hjjcrp2nshu2xv8l3,400,400,397,3,0.0,0.0,5439.465271482519,<3M,0.0,19.72127499999985,99.25,0.0
pool1hwnl625swgnlp5w7e8dqz0chlz3kl05tm2lawwy8xq2l5uz5h0y,400,400,6,394,0.0,0.0,4184.61337528,<3M,0.0,0.0,1.5,0.0
pool1h5tldkcwftpnnwj4ygtfd8ts6mxkcv0qyes9tum9hxx27zrjzpf,400,400,33,367,0.0,0.0,16.68965397,<3M,0.0,1.9999999999999791,8.25,0.0
pool1e3tsasq5uc66hq99j82s0vz5tcrn7h5v3sqjul0fnszjc642vna,3,3,3,0,0.0,0.0,4059.1020913333336,<3M,0.0,2.0,100.0,0.0
pool175z3ap569cwxxt6jf3w7g37ztglfmyphkua5pnkxlh4gv02nuxz,24,24,0,24,0.0,0.0,0.07574079166666667,<3M,0.0,2.000000000000001,0.0,0.0
pool1auptz0hsvg3ks2w4vutc9z9cq7wt92fyqzrnflq8ll2msg0tecn,78,78,35,43,0.0,0.0,33942.250154358975,<3M,0.0,3.3076923076923044,44.871794871794876,0.0
pool1k8u78xutc6kvf2f7pme7e2s08r2wt9evketewje9x9kf6c2mp8w,2,2,1,1,0.0,0.0,5098.7224885,<3M,0.0,5.0,50.0,0.0
pool1ndu9fpv7prmp6r6k23lzx6fcpjlvh6upl3w8ghldys467u6vvrl,400,400,400,0,0.0,0.0,21960.816146195084,<3M,0.0,3.899999999999979,100.0,0.0
pool16rxms3u3ud3q7p4hwz7xxfgz48kv823ux9t2anyaty7akm0mtjx,34,34,32,2,0.0,0.0,118691.34497670589,<3M,0.0,0.05882352941176471,94.11764705882352,0.0
pool1ju00mkurj9t920staddyd3ln9r98kktx38jrer0zp82eg8x36jf,400,400,398,2,0.0,0.0,118.56159094499982,<3M,0.0,2.024999999999979,99.5,0.0
pool1qzk6qqw6xdgfhyksd0mxw0z6pzv2xg5eh693tvzjrl0lxn9k2tt,15,15,15,0,0.0,0.0,1000.0,<3M,0.0,3.0000000000000013,100.0,0.0
pool1kxzfswkhgcmyahh6lfjpy5uxh75qzsnlyprh3450av9jghsda89,399,399,399,0,0.0,0.0,1687.8237986065033,<3M,0.0,2.9999999999999845,100.0,0.0
pool1g36eg8e6tr6sur6y3cfpd8lglny3axh6pgka3acpnfyh22svdth,21,21,20,1,0.0,0.0,580623.9576089049,<3M,0.0,2.5000000000000004,95.23809523809523,0.0
pool179dpweul0jsfv9ls67ner4n286fh6hqtskaw6nux97t52dt5gxa,399,399,399,0,0.0,0.0,1389.5040873157845,<3M,0.0,0.9999999999999898,100.0,0.0
pool1rg4h4fc9j70w3jx86s3vc8vzd7hxwd4sz4j80d93hk7j7mm5dx2,399,399,0,399,0.0,0.0,27.617077999999943,<3M,0.0,14.999999999999902,0.0,0.0
pool12cr629pk4ppsc947d9ut2s7rvwadx50tklcnqyh306xvyz6tq42,3,1,1,0,0.0,0.0,0.0,<3M,0.0,0.0,100.0,0.0
pool1lm03avq3jxyl4z362d6sy75t3s92qh6nlulgyquljzdd79usuqe,19,19,19,0,0.0,0.0,1287.454144473685,<3M,0.0,0.7789473684210529,100.0,0.0
pool1a43a9m4jcus9hjc3kcvc8pnacgsy2m2j28h44fmrpy327kwz7dx,6,6,4,2,0.0,0.0,605750.4255035,<3M,0.0,1.3333333333333335,66.66666666666666,0.0
pool1qyceyf8sxhkk53txe6p6qxgvpc2t2c2j2j53vpd6fq6dszga2mh,65,65,19,46,0.0,0.0,3846.7434886461547,<3M,0.0,4.999999999999995,29.230769230769234,0.0
pool1ml8hj9zhv5esld4dwuxrkda0ktclw4g5xfggg86nw3majud2uf6,399,399,399,0,0.0,0.0,548.6063399999986,<3M,0.0,14.999999999999902,100.0,0.0
pool1dmuaa0wmqrwwx467p48fu83y5w7wdkxf8xlgymmfc73kjy3vxg7,399,399,398,1,0.0,0.0,235.01738615788912,<3M,0.0,0.11528822055137848,99.74937343358395,0.0
pool17037mqf5k46e6jpaue46lfy55v827re9cgm3qp8vsp33q8zufvy,399,399,23,376,0.0,0.0,962.8162983959757,<3M,0.0,3.5000000000000115,5.764411027568922,0.0
pool1vy0ctj8d8dwvmyn0hxmqp2mxmzchextyzpv6pu3hc35h7t8ykde,38,38,36,2,0.0,0.0,13932.26726726316,<3M,0.0,1.052631578947369,94.73684210526315,0.0
pool1enc9l2nealzp9sr7n77032rc593879faj6hqeny6f6h052eaaxh,399,399,24,375,0.0,0.0,6687.716139491241,<3M,0.0,0.16651629072681706,6.015037593984962,0.0
pool1m259r7trzx4tk5j275f77frn4hnt5qyy4r732akywcuwsmx0q8j,14,14,12,2,0.0,0.0,23639.90121321429,<3M,0.0,0.0,85.71428571428571,0.0
pool1j3azwphh66wk6efre3ezjjw8mqljqmnxe5qr9tyfmjdq6eqe5fc,398,398,398,0,0.0,0.0,177.93575800000022,<3M,0.0,4.749999999999973,100.0,0.0
pool1js763t3yw63ffsxqpume8974z03hdlm4nddnezhfla6dskln37v,398,24,24,0,0.0,0.0,2707.0003555251305,<3M,0.0,0.9999999999999898,100.0,0.0
pool1zjjr7qm06ywwwd03fpc40u24uxt3kruesr6knpmdzj3ejxytjf0,4,0,0,0,0.0,0.0,144.705378,<3M,0.0,100.0,0.0,0.0
pool16m3cpra28g00t2hsfm4cj9twl4y0jsf3us2zd6nyjpz5yuagmkn,6,6,4,2,0.0,0.0,993.9525716666667,<3M,0.0,3.0,66.66666666666666,0.0
pool1hgmjxwpx35lhypdmyx4l40p3ay5hnq6rtendk397lzhg6e9r4sc,36,36,35,1,0.0,0.0,271324.8228356109,<3M,0.0,5.000000000000003,97.22222222222221,0.0
pool1vhsjmemxqg3ktv4hwqc09cxhhg6td86n9p3qwg5t5y6xc4dcddp,398,398,24,374,0.0,0.0,8832.921761097996,<3M,0.0,2.0301507537688233,6.030150753768844,0.0
pool1ech9hwhqe2j3gecdv08a45cj8fwn9nmuxl0c0tw45rm47hluyng,2,2,2,0,0.0,0.0,6260.425221,<3M,0.0,5.0,100.0,0.0
pool1jq4r0fq8ntr2flwv7kcv2n0zcdumqrc8n2dn7rcf44pv6ljfl99,9,9,8,1,0.0,0.0,88381.70653922223,<3M,0.0,0.0,88.88888888888889,0.0
pool1ajrl335z92udy65gxlgsrvthf9esfksp6m2yf3y7qcn7jqp0zsc,398,398,4,394,0.0,0.0,2308.800612155779,<3M,0.0,2.9999999999999845,1.0050251256281406,0.0
pool1s679peru5lc03a9urdvkntsc3snfjnuwfc7vh42lnu395af0m9v,2,2,2,0,0.0,0.0,322.6484795,<3M,0.0,0.0,100.0,0.0
pool1nms3yppslynx2etssx3sslg0mzpc345wzynf64lzjmfyg6ghj9t,2,1,1,0,0.0,0.0,78495.242824,<3M,0.0,5.0,100.0,0.0
pool1cejaj3e490r9ejf854k3pw0kagglczuaqp69g6g5jzyfxjxgn4h,397,397,397,0,0.0,0.0,1325.5498299093217,<3M,0.0,0.0,100.0,0.0
pool15lv8dzefc22k53cadcn8cmuqzwp688gjp8dfjsrmtdd9qstqcf5,10,10,6,4,0.0,0.0,69796.92550639999,<3M,0.0,1.7999999999999998,60.0,0.0
pool1tn49xn2jpq62uwff9lt8d25kfzhu3nzjkkytq8pc062n6c7h6tg,397,397,1,396,0.0,0.0,353.9165570428212,<3M,0.0,5.000000000000037,0.2518891687657431,0.0
pool1sk6hq70zxu9jzxxpwzdrgvr8ckqhnpernh7t9hvxd2hvuz35j8y,7,7,6,1,0.0,0.0,5092.082117428572,<3M,0.0,1.0714285714285714,85.71428571428571,0.0
pool1p4s6gafaqd2w2dft5c5j2zj6grudvmpwsyx9gumzunak688x5tj,397,397,11,386,0.0,0.0,2059.228654372796,<3M,0.0,0.11335012594458438,2.770780856423174,0.0
pool1njs6ejpvdkt3cee7u8ekqyunmufm82jjrehtg42xd28m7zhzn5v,397,397,15,382,0.0,0.0,202.24465778085744,<3M,0.0,2.9999999999999845,3.7783375314861463,0.0
pool1x5wcgdf9d2ml2cp92dpd63j000k03cauf7tkurvq4y80jp3vrel,190,0,0,0,0.0,0.0,11777.677596457816,<3M,0.0,2.0000000000000013,0.0,0.0
pool17ywx7vha7t8snj3xzwm9863lvnpke0ufqjtx94mh49sf28srg9m,397,397,0,397,0.0,0.0,874.9472719168757,<3M,0.0,14.999999999999902,0.0,0.0
pool1w0uxzaev9psncnhw6ez22cucdafr84r9hh9pdxaxsrhxjgxv692,6,0,0,0,0.0,0.0,11723.697587666664,<3M,0.0,5.333333333333334,0.0,0.0
pool1n96ql32ct37n8w0l9ddhnc2t8tv0uyd6kuhzua8uxy63xs35wgl,397,297,0,297,0.0,0.0,11755.258801974662,<3M,0.0,2.0151133501259237,0.0,0.0
pool1qpslr7cprup7jtg2c7lax2rhq0fttqxxyf66fpgjz5mpqckfwv0,2,0,0,0,0.0,0.0,18762.549649,<3M,0.0,4.1499999999999995,0.0,0.0
pool1l4gza884cpv5868j2rjfvxmg795u0p4sgsf5cer4nv88k8gu6wv,71,71,70,1,0.0,0.0,2564.2499238450664,<3M,0.0,2.000000000000001,98.59154929577466,0.0
pool1su9cep9a3x8650smt53qnywkdqzvqjucg2jrzgt8r5gu7z34838,1,1,0,1,0.0,0.0,0.0,<3M,0.0,6.660000000000001,0.0,0.0
pool1u4708qd88n0ux2capce6gz6zcjvtwfsfpdu28h6kkh5yskg9eck,396,396,395,1,0.0,0.0,497.42033699999774,<3M,0.0,0.0,99.74747474747475,0.0
pool10s5f70f8lpjvpklls9xzn2xuczt7ky6l5v2ea5wjjf6gxw2a5yj,6,6,6,0,0.0,0.0,14497.397358833334,<3M,0.0,30.0,100.0,0.0
pool15czumuw320hrsluyszr76w8f8zmdh5lkfmrexqzk3cgcwjt89q3,6,6,6,0,0.0,0.0,4997.418698833332,<3M,0.0,0.0,100.0,0.0
pool1ap6fj6xllhlc3xuuq7uvz0ed2wjws08f7h680xcgq47qk2pvnme,396,396,5,391,0.0,0.0,256.64266876262633,<3M,0.0,0.8000000000000005,1.2626262626262625,0.0
pool1nj89n6nsqjj3l9fkgfjn6u9ff5rxxkdem4hxg949gv8lx8cftz2,2,2,2,0,0.0,0.0,11.824136,<3M,0.0,0.0,100.0,0.0
pool1twh3y6ymylxp02khg2pc3p4525qjesep9c55ewnlh5tjz7ns6a4,4,0,0,0,0.0,0.0,6063.89778,<3M,0.0,1.25,0.0,0.0
pool1w304gh8xwdcjxumdl5yhvu28j6eax9sf08tu98cp5eth27vy6ez,18,0,0,0,0.0,0.0,589717.2435485,<3M,0.0,2.0000000000000004,0.0,0.0
pool1tz9k09jylmnk74z74v2t384smfypr7cwpzvs5sd2w537wu5jlrk,58,58,4,54,0.0,0.0,58.008972655172535,<3M,0.0,1.577586206896553,6.896551724137931,0.0
pool12e9v4gw0w59pez0tkewzdxr2794fc8ql42dd32ln77ggssl9nq0,4,4,3,1,0.0,0.0,75810.868756,<3M,0.0,4.0,75.0,0.0
pool1gx0p2l057j7pkrcft7sccvqag5ccyjhrjmc4vhn7g2w366u8ye0,59,59,58,1,0.0,0.0,88.89914062711865,<3M,0.0,0.0,98.30508474576271,0.0
pool1ylzc40wnpl263rf9z3ynwjpvu72pnhr2l4msaydq7agwxurl2du,14,14,14,0,0.0,0.0,1004.7942812142855,<3M,0.0,3.0557142857142847,100.0,0.0
pool1f2pqecfn9x8kzgjeecyjk7cnqj0nyu84uaj2ptr0xdjr5w9qepc,395,395,32,363,0.0,0.0,818.9021823164545,<3M,0.0,0.15924050632911393,8.10126582278481,0.0
pool1xcy8wtzrmzdhr2sqjjm8qe0hrxr4dc23zsv9mdfegahv5t0jud9,395,395,0,395,0.0,0.0,2.4506529999999906,<3M,0.0,100.0,0.0,0.0
pool1lf3kn4ykqqrany9jwhzr28wmsq76xr5xx3gq206lwn7ugln9ul3,59,59,48,11,0.0,0.0,83.46470881355934,<3M,0.0,0.0,81.35593220338984,0.0
pool1vaf2w4qhlpmns9dsh259wlmx57whddfxsn6vuu2uekvn6uvltug,11,11,6,5,0.0,0.0,5528.321075636364,<3M,0.0,3.0000000000000004,54.54545454545454,0.0
pool1e8m354jtgel03n7ex86cf4qj7tqlhjkh80z6axexwph6zz0m6l5,3,3,0,3,0.0,0.0,9.830067,<3M,0.0,15.0,0.0,0.0
pool1u976wy83cyu7f2kdcr07w0pmudsua7tamu74a9c4cep8sw5utyw,3,3,2,1,0.0,0.0,68751.12516133333,<3M,0.0,0.3,66.66666666666666,0.0
pool18dz2gcfv62znv5gpkn5ejwl2e782dke07fffyn70rv0l66gclrt,2,2,0,2,0.0,0.0,2.5513205,<3M,0.0,1.7500000000000002,0.0,0.0
pool1k0h45kcsfynjfyplgn6qpaw40n3cvlcrdryez04x40ayq6w9dgh,395,395,4,391,0.0,0.0,18.095839334177185,<3M,0.0,19.962025316455843,1.0126582278481013,0.0
pool1q8m5662ttt0zsrtfmp68q9wvv9lsdd502tl5drf2843px92x3gs,3,3,2,1,0.0,0.0,1198.1729413333333,<3M,0.0,1.0,66.66666666666666,0.0
pool1y90zp3ysrwzttwqhm2gjc7gp4d7tg2n6zsw3sp3lyk7vjxc56d6,394,394,28,366,0.0,0.0,7803.107970073602,<3M,0.0,2.5000000000000187,7.1065989847715745,0.0
pool1cl9scs64uu6u9ppuptmqj5cgd9ncu27mkxh9u6jf4stzut9jxg2,31,31,30,1,0.0,0.0,10245.49337264516,<3M,0.0,3.0000000000000018,96.7741935483871,0.0
pool1aknnep2aqnqtwkzqqs4jm863zl9l6j226taxxsp0x4jwsqmmuga,17,17,17,0,0.0,0.0,19278.841053176475,<3M,0.0,1.5435294117647067,100.0,0.0
pool162x4qrsr0fkd8nza078vzn97csjzqfl03wcx3c65s2mw7vhr2xj,10,10,9,1,0.0,0.0,301927.5656214,<3M,0.0,1.6500000000000001,90.0,0.0
pool1yxw56fdlgnf6ee7gfcd8ruu3hss5wvh9m3ru0l2ltaz3v2pqf7k,6,6,6,0,0.0,0.0,29626.405370333334,<3M,0.0,4.483333333333333,100.0,0.0
pool10l55ku75rrntva736tk2fxu4fkkym9s98gsujlfek8pw54x28tt,4,4,2,2,0.0,0.0,251.41446249999998,<3M,0.0,3.0,50.0,0.0
pool18ml3ex5ra5wkv00vxx0mw876s2xe0058z37mpzv263872nasmv0,394,394,7,387,0.0,0.0,1785.6709148781572,<3M,0.0,2.9999999999999845,1.7766497461928936,0.0
pool1t6mnkhwj99hm0ckt8fkf85r84le9p95v2a3l874vfn947g5ajmu,394,394,33,361,0.0,0.0,1253.6757898401015,<3M,0.0,2.8045685279187804,8.375634517766498,0.0
pool1jxddxmgd8w7wv5tqjuv7cmh5qyegwwzt6sxjt0pw4ayn2u53ret,69,69,68,1,0.0,0.0,498.6034841304344,<3M,0.0,9.739130434782597,98.55072463768117,0.0
pool179c3gnrnya94luqf58wmwnqh943s6lvu05c88ekkflqwu3m6unj,42,42,41,1,0.0,0.0,2689.9203205952385,<3M,0.0,2.0357142857142865,97.61904761904762,0.0
pool1trwmfmrg882w8d5mwvaft5tmw645f68ajwdm0tcc8lrn5xcmy9j,11,11,11,0,0.0,0.0,2.0,<3M,0.0,95.45454545454545,100.0,0.0
pool1tg90tjqwmpzkkxpvs8nrl3383g9numsp380rzsmnp6d2jv525le,109,109,61,48,0.0,0.0,1326.782386018349,<3M,0.0,7.509174311926606,55.96330275229357,0.0
pool1lwp660axwpdvsttmcka3pfax67fdjexj54d0h0jpnkw5cjqqn68,12,12,12,0,0.0,0.0,1100.0,<3M,0.0,1.9999999999999998,100.0,0.0
pool173f5kzeuz485kshvga3t7un8u699w2rgn77apjx078xd73kzj6y,393,393,393,0,0.0,0.0,347.6203340000031,<3M,0.0,0.9999999999999898,100.0,0.0
pool1kpzak79fd84mvntd88r8yu0xc624kfaadkyflnvppvx367pympx,22,22,17,5,0.0,0.0,149.26638272727277,<3M,0.0,0.7500000000000004,77.27272727272727,0.0
pool1v26c2xjq37hz6fhc2p324q9gy887ccv238dyz73r4s0cq8xxwxd,22,22,17,5,0.0,0.0,584.5755919090907,<3M,0.0,0.7200000000000002,77.27272727272727,0.0
pool1h5xdez7j0ncewgxs4m8fykjt9jzuy86t8e0m7m7m2l79w4jzzk2,392,34,34,0,0.0,0.0,207.8107028214294,<3M,0.0,100.0,100.0,0.0
pool10p7hdyghmkfuuxep4slslvjs2fk0hechqwadc2348e6g2x8hta6,393,393,24,369,0.0,0.0,2673.2140093155263,<3M,0.0,14.999999999999902,6.106870229007633,0.0
pool1sgm50zlvluzvherlmej0wd733fl0ew3y2564twmxnhn5j5q325s,10,10,9,1,0.0,0.0,16255.987520599996,<3M,0.0,1.5000000000000002,90.0,0.0
pool18tdd78q5vgr9qy2lun7m8srmnuc3h2mg6vqe66gezjh4glujje3,392,392,1,391,0.0,0.0,774.5310301352041,<3M,0.0,0.004591836734693878,0.25510204081632654,0.0
pool12akphrukmx74qj4f6w38rln95dn8aw6lmdascktv2c09w0srxw0,10,10,10,0,0.0,0.0,120897.07986900001,<3M,0.0,2.3,100.0,0.0
pool1mzf0vc58p7ktgs5gqzqrcwtrs4xnlpd5v9thzl7gahqj7f7aqye,392,392,2,390,0.0,0.0,411.04629080612403,<3M,0.0,3.0306122448979433,0.5102040816326531,0.0
pool1kllc67fn00yqpffw8e9dqnlcaa733h9u5nwx97vhtjlw2t5e56j,392,392,16,376,0.0,0.0,3235.8120690305586,<3M,0.0,1.5676020408163176,4.081632653061225,0.0
pool1jqdvgk0csfnwftkzn6vyz7fq8s3606uu6k7wa9xrn0jpzg4r304,392,392,45,347,0.0,0.0,17879.41104639265,<3M,0.0,0.11224489795918366,11.479591836734695,0.0
pool1py5y4uqukj777aj0ax0dpc7tchcl35dax5rxppuwfj0wkg3km82,392,392,1,391,0.0,0.0,35.703339459183674,<3M,0.0,7.499999999999951,0.25510204081632654,0.0
pool19tgayrt6zusdfjgtpga5mxjh6s4ep7t7es8t5d6ee4u5qtf65n4,80,80,27,53,0.0,0.0,44103.40557113744,<3M,0.0,1.0000000000000004,33.75,0.0
pool1fqz8zaqraqe3eyv9lqhldezftljshsnr0g580ykjprjaw0h9lmu,9,9,9,0,0.0,0.0,1311233.1286723337,<3M,0.0,12.000000000000002,100.0,0.0
pool1zqum2d8muc3wju35d3uwpvkkfmdmms6mzhfuvpd6hyvx624qwwa,1,1,1,0,0.0,0.0,111.887886,<3M,0.0,20.0,100.0,0.0
pool1q34qp4ckh590gt99eadtz8w8ag3watavf5adj8qjs7guxmkgk8g,392,392,392,0,0.0,0.0,1054.3111724336663,<3M,0.0,0.99999999999999,100.0,0.0
pool1cvn8p93zzvargt6nh0s40fua8sf6t858d83m005haqrax6n4hyj,7,7,7,0,0.0,0.0,494.2562981428572,<3M,0.0,15.0,100.0,0.0
pool1thnpsffmkus3ssq4zpy8j4q5s2xccl0rlv8y95stwt5xu8msyq6,1,1,0,1,0.0,0.0,492.270588,<3M,0.0,3.5000000000000004,0.0,0.0
pool1tqkcxvrfa4hu8q6mwvt8pqhleyddjgn5dnr5vy093qfgqnffexc,85,85,84,1,0.0,0.0,6264.912599599997,<3M,0.0,2.000000000000001,98.82352941176471,0.0
pool1zhjkw2483h5hn0d998angqyfqlaf7ycrgqhk3ae8vj0qwe9kelq,31,31,31,0,0.0,0.0,130100.78456832249,<3M,0.0,94.99999999999996,100.0,0.0
pool1x3wuw3ungmrq5padffsqne82fx5uesy6dc2qmj83xyanq4rgnz0,391,391,19,372,0.0,0.0,32042.542858902863,<3M,0.0,3.010230179028118,4.859335038363171,0.0
pool1l54esv8h5xjry9ms3jq4mnf49vwt3yuxl5fdudp7jpdx2swuaah,391,391,0,391,0.0,0.0,44.77580137595971,<3M,0.0,1.0358056265984548,0.0,0.0
pool1rg2pt0fqslda6cz6kxr0tqrjdj596sk8uu2swm33yvm46awgew7,5,5,0,5,0.0,0.0,7.3463886,<3M,0.0,27.990020000000005,0.0,0.0
pool1fn9qvckxd53hsuyv6ve0r88rtaw9xguvaamhsa3snyak7n34lyn,2,2,2,0,0.0,0.0,48.469221,<3M,0.0,6.0,100.0,0.0
pool1rgwdagtx4wchgp5rnqt5gs7w9u4tl0x6krsf4d7jjc4lk8ywjmv,2,2,0,2,0.0,0.0,411.729429,<3M,0.0,1.0,0.0,0.0
pool1h8hmvm4sajcze3cqu5jpla8gfjdzwf8ksd6d5q7v08laxahp5ym,7,7,5,2,0.0,0.0,1457.6284432857142,<3M,0.0,2.0,71.42857142857143,0.0
pool1av0amckqhv85qxctwg2hj4jcgdgfhpmvvw3c5evrkg9a76tr7jh,4,4,4,0,0.0,0.0,583.1955005,<3M,0.0,2.0,100.0,0.0
pool1vjyzfzlhvjcty3uxd9hzpjneys5z2f2u7au9yg7gj5e56h0k2zg,3,3,2,1,0.0,0.0,13964.995828,<3M,0.0,1.0,66.66666666666666,0.0
pool12fkrc4rwjv064vvcup7ypd7ffwemv7uctmc3dj3zazu0qjyh7hm,23,23,23,0,0.0,0.0,3605.8616160869556,<3M,0.0,1.5217391304347831,100.0,0.0
pool18yyhlrl22zagnnlunl5f7xtuw8vpcqf67lhgcvtu3vzkxuaqqzn,20,20,18,2,0.0,0.0,9275.798987999999,<3M,0.0,0.3485,90.0,0.0
pool1dqq4ugkrkpwhray2z8jvk8nvnpnq3gm3g2stz4wmusap6tkuclw,389,389,1,388,0.0,0.0,34.277782341902316,<3M,0.0,2.9999999999999853,0.2570694087403599,0.0
pool19tkfl9x2dkk07z43rvamftvnyu5vtcfatdpsag8phzqvgpdklqq,220,52,52,0,0.0,0.0,1963.018683131823,<3M,0.0,5.00000000000001,100.0,0.0
pool1hazdxxruhhvgwnw2rac55cg8hm4xgf6ny2zfp0qzersrskv27tf,3,3,2,1,0.0,0.0,400.69205200000005,<3M,0.0,2.5000000000000004,66.66666666666666,0.0
pool1qppf7z3733ydv39fk3d6h5ymsmpk0ml8gk34kv03p6ze78glq8e,3,3,3,0,0.0,0.0,4.546177333333333,<3M,0.0,5.000000000000001,100.0,0.0
pool1r04czz6aq4qnd8a3x2klzd6g20mrxns0ksrac0z0jn7uycgl7l2,389,389,23,366,0.0,0.0,2503.950959097686,<3M,0.0,2.9999999999999853,5.912596401028278,0.0
pool14jvknxnz7zmp9mgmxmm5nmm5r0fsqcpnjrwes0kuq5w3uy3nxa4,2,2,2,0,0.0,0.0,36.5365715,<3M,0.0,0.0,100.0,0.0
pool1x3vyp80hxtepp22pn96g8m3eetjlm95pv23v7j77wdudzcnn5s7,7,7,6,1,0.0,0.0,267279.4972657143,<3M,0.0,2.6428571428571423,85.71428571428571,0.0
pool14tdqa54j9kwhxpx3q55zrgt2gc8lqk9trkhfe7m36fhp7jjzf6w,32,32,32,0,0.0,0.0,2659.790487875001,<3M,0.0,100.0,100.0,0.0
pool1cg90yrzsj6mk84jzqt6sg3mg9gxx6f40tk7fk2v7uyp5cxw02wf,88,0,0,0,0.0,0.0,8108.737300159092,<3M,0.0,2.9999999999999973,0.0,0.0
pool147t2chee9vcyjxtafwd8emkjj88f9dra0xa2clgwlr6m7tzdzvz,388,388,21,367,0.0,0.0,4216.271050935544,<3M,0.0,2.999999999999986,5.412371134020619,0.0
pool1pfnwehsa6a52p3fdyn9pus4weqr27nxatcu2f79dtj686whp3k4,5,5,4,1,0.0,0.0,877.4841904000001,<3M,0.0,4.6,80.0,0.0
pool14xjty7qx6unvqfwlf6rz3gkjgtpph5vuvynrcl05yvh4k8attw2,3,3,3,0,0.0,0.0,392.48850433333337,<3M,0.0,2.0,100.0,0.0
pool1lyytj00rq6h39sg3kmjer5ce0p99s5qw5qrht38gf6lgq7tfmp6,46,46,27,19,0.0,0.0,85968.41862347831,<3M,0.0,2.0869565217391317,58.69565217391305,0.0
pool1mqwmpu2ykr6q52tut4y3fuzd2lufhs7zxkhzzfpunk2y2j9kjdw,4,4,4,0,0.0,0.0,170.2272945,<3M,0.0,1.0,100.0,0.0
pool1qw72znud2zwfp68swy2rec5uh85mc4w9v52gna0zjv0aytl6dqm,2,2,2,0,0.0,0.0,30.338092,<3M,0.0,7.000000000000001,100.0,0.0
pool14cq225dlh7qy7tcc35fgrkr9yyprlk4cppytjmdv7e0gwm4w9q6,11,11,10,1,0.0,0.0,110674.29129181817,<3M,0.0,0.0,90.9090909090909,0.0
pool1z44fjvz77atzgwcwmwtls7skggnczlx8e30pugqn6ugajjrzgc3,387,387,387,0,0.0,0.0,27.6248219999999,<3M,0.0,5.000000000000036,100.0,0.0
pool1paxzxl23ygch4ad08m8zu477atpfumdeg6uyrvg579eawvsy77z,387,387,39,348,0.0,0.0,1158.1273561059356,<3M,0.0,0.99999999999999,10.077519379844961,0.0
pool1ph2devyhpvlppszssfckmrayg63h0gs54ax9gz8h3zvcgtm043e,7,7,7,0,0.0,0.0,2046.53983,<3M,0.0,6.0,100.0,0.0
pool1m7mmef85qylqdqa3skut8a7akklp5myaanrn0gqzsfg37j3vms8,23,23,23,0,0.0,0.0,30440.417521000014,<3M,0.0,2.000000000000001,100.0,0.0
pool15kadh4379tcywja24yk2cnets3lskveksxk4xf2z20nuvl8xfqt,39,39,39,0,0.0,0.0,123.68746041025649,<3M,0.0,0.0,100.0,0.0
pool1j6cd4sk3mfaydm690363y95xevyr7kfzylx5znswcyutsqwgyt4,39,39,39,0,0.0,0.0,15689.29401184614,<3M,0.0,0.0,100.0,0.0
pool1650tqxalcy5w24a4r6ssfxpacwp9e4e7z8apcvae2rrx7u2pqh9,39,39,39,0,0.0,0.0,2030.8041210512847,<3M,0.0,0.0,100.0,0.0
pool1n7vnacld8jac06qfvu6m4e5jjl8ngurwypeqvq4pspypqfntvct,39,39,39,0,0.0,0.0,291.3992931282051,<3M,0.0,0.0,100.0,0.0
pool1fn8stmr6vfrq8p9f28zepevvw222jqcnp8grsd8rf9hn2zte0hq,39,39,39,0,0.0,0.0,374.9851998461539,<3M,0.0,0.0,100.0,0.0
pool16qfhnv7uw68vu2397tpqk66rf4uaekdmz6ckgh56vt2sqn44jya,39,39,39,0,0.0,0.0,126.8332686666667,<3M,0.0,0.0,100.0,0.0
pool12v3gg565p4qept6v4eymucxvd6ppj6pwes4mhnkhmreqkc6a3xx,39,39,39,0,0.0,0.0,130.41767758974362,<3M,0.0,0.0,100.0,0.0
pool1yrtj6js86tse28varme8k6at8jqsg3xkv7cn8pl2azwhwdtujgl,39,39,39,0,0.0,0.0,135.59222705128215,<3M,0.0,0.0,100.0,0.0
pool1xf2upc9q7eemp80xh45dmgamxxnul3u4ncckjvry9sg8ulyppr7,39,39,39,0,0.0,0.0,17004.5464791282,<3M,0.0,0.0,100.0,0.0
pool1sg0qtk948wg5nt7san3uazseyn9tf5g79ewddtx9eychs2j0kk3,32,32,32,0,0.0,0.0,1007.5937499999995,<3M,0.0,0.0,100.0,0.0
pool1jsk6dursz6xj65mpm3ryvqlw0eu0zx90k2weqnw89nndk50rpys,32,32,32,0,0.0,0.0,1007.4000000000005,<3M,0.0,0.0,100.0,0.0
pool1aj9sfmx5g4kahf6rgt9qszt4kqunathmgk6p4qzjp5pqqlgmxxz,7,7,7,0,0.0,0.0,2.641366,<3M,0.0,2.0,100.0,0.0
pool130qxwfrm32z4qr2q67ah3t75me49lmfvlnyzexuu9752ymhj6sx,3,3,0,3,0.0,0.0,2.2158903333333337,<3M,0.0,2.5000000000000004,0.0,0.0
pool174y84uj6uea6geud2scajyhsk4q9qc25gleln8myhv86xr22jrd,19,19,19,0,0.0,0.0,496.44898242105273,<3M,0.0,3.0000000000000018,100.0,0.0
pool1c0t0xzlpu7nhprxhnlepnapek47waww3m54ek6gaufnpjrl5j0m,386,386,28,358,0.0,0.0,39114.497739616665,<3M,0.0,14.999999999999906,7.253886010362693,0.0
pool1v63kdlt3ce5p4mdpn74tdmjzjtfnkmd2w98nm49qvqgxs0vhhyl,11,11,10,1,0.0,0.0,1133.2189100000003,<3M,0.0,1.9999999999999998,90.9090909090909,0.0
pool1qtjashqul0anspjxcks7h6tdnk225hwd8lhlczv47vaauvwwvn7,11,11,10,1,0.0,0.0,1087.9133453636366,<3M,0.0,1.9999999999999998,90.9090909090909,0.0
pool1rzlg6gtquajeyzpn5whh2alqzgdpy5ugha275z2haq79glqze85,386,386,1,385,0.0,0.0,6.6349902253886,<3M,0.0,14.999999999999906,0.2590673575129534,0.0
pool1kqha463tw6z2dz39a64dm8mpxk5tsdtqkt39hepu8v7k2tc83pu,3,3,3,0,0.0,0.0,2.5817973333333337,<3M,0.0,20.000000000000004,100.0,0.0
pool1acla9zgs6u7av3mtfekw9gqdp8xf50ruc9tz62ylr7yaszn0zsy,17,17,16,1,0.0,0.0,26101.598540235293,<3M,0.0,3.0000000000000013,94.11764705882352,0.0
pool1wvccajt4eugjtf3k0ja3exjqdj7t8egsujwhcw4tzj4rzsxzw5w,3,3,2,1,0.0,0.0,1931.0380936666668,<3M,0.0,2.5000000000000004,66.66666666666666,0.0
pool1v2kae5nwe3g6lrttykwvzr9exdepf65v5vgfvjcxgw7nvue33lt,4,3,3,0,0.0,0.0,125739.4312785,<3M,0.0,2.0,100.0,0.0
pool1rr24uyrqx6rqdsqcqwh6w5tgxwdec8xn4pn7p7t869sw69pddv9,9,9,8,1,0.0,0.0,22264.868757666667,<3M,0.0,3.0000000000000004,88.88888888888889,0.0
pool17d6yemu3wsv9t3lf507z6vuu00slpyw3qstavfdtztjjy42qcp7,385,385,0,385,0.0,0.0,99.2808839999998,<3M,0.0,100.0,0.0,0.0
pool1nfdx3fdeng9cs4pz6ug3lm6phc4vxy5n8tvah88sjf3rjv3tr63,18,18,16,2,0.0,0.0,119513.9435537222,<3M,0.0,0.0,88.88888888888889,0.0
pool1esvefse6m77u5nwetxjz82rh77062htxmdcfa4h98cx65gjg8zg,385,385,0,385,0.0,0.0,0.0,<3M,0.0,0.9999999999999901,0.0,0.0
pool1cax4yzzzsluaknn9y7wdxhvslzsr3shyrapmj0cw25csw20wzc5,2,2,1,1,0.0,0.0,348.5391515,<3M,0.0,0.75,50.0,0.0
pool17jd40ujddu4vt3ggr8qjde9mu42kwgmm5z899dwkksv2y5zww5h,17,17,17,0,0.0,0.0,79917.03413958824,<3M,0.0,1.6470588235294115,100.0,0.0
pool1l4jajh4a9rnafhg055uf7fu6s7rrrr9hugdp8tw0l35luhlpqlw,35,35,17,18,0.0,0.0,6516.716319971426,<3M,0.0,0.0,48.57142857142857,0.0
pool10yn7pv2l2y0pnfgdmuzxhlepxcl5g0g5ruagzl3jeqx7ytvrlyx,11,11,4,7,0.0,0.0,14105.59095336364,<3M,0.0,27.27272727272727,36.36363636363637,0.0
pool18m2k3fzjjfrp9czjjw0h2q9a0lm6ueljm39dewfdve8e6f6wzsk,20,20,0,20,0.0,0.0,27.823411000000004,<3M,0.0,5.000000000000001,0.0,0.0
pool1pnpdsl0cungyn362fgp0lk8wt34xh68fywljnvtq9dtkk2sd8qv,385,286,11,275,0.0,0.0,208.4979426571429,<3M,0.0,2.999999999999986,3.8461538461538463,0.0
pool1wamhqzxcn7psr3rrqvg35wwjwmj8qktnvgyncj2vzyaqx9hkmsz,385,385,385,0,0.0,0.0,143.1374484571444,<3M,0.0,2.999999999999986,100.0,0.0
pool16zxqdp63nerpvrh9vns9fyw7sc0nk992z5vnhqk6dzm7gwmkvjs,8,8,7,1,0.0,0.0,14272.390377,<3M,0.0,2.125,87.5,0.0
pool1a6vz9r8h48r889pd2yfkak84vxrwnxm6ldzca4trhhphy3jvt6p,2,2,1,1,0.0,0.0,500.052837,<3M,0.0,0.0,50.0,0.0
pool1j9ze7q33a349acqgqrzu9ypn38qjcp8fwajwhacgsdulgp2cn3r,2,2,1,1,0.0,0.0,500.052837,<3M,0.0,0.0,50.0,0.0
pool1g4kugh3wm9xsye2ld7hnzhpcsgcdv9p0ekerpp2ldhg4v0xzxjq,2,2,1,1,0.0,0.0,500.052837,<3M,0.0,0.0,50.0,0.0
pool1rvp3ery0n5c0h89vz03u9pcnz5rk7mffe323yr2z6hhn2s3e2tr,2,2,2,0,0.0,0.0,745.052837,<3M,0.0,0.0,100.0,0.0
pool1c2hg4uh9x9lfljxsf5ufppwg72p3y5gu95zskmpvdmyf70w6g6v,320,320,13,307,0.0,0.0,11196.273218237506,<3M,0.0,2.999999999999996,4.0625,0.0
pool1tw3q5fl37dpr5v69vdy4vpe9nsryrs9sev89u3rprel9v9vf8fn,201,201,201,0,0.0,0.0,1273.621028283578,<3M,0.0,1.0000000000000004,100.0,0.0
pool1wtdqwgzawrx4376z9suf9tfu6tq8msazheecm0hhcprtx59as37,67,67,66,1,0.0,0.0,1258.6885656567163,<3M,0.0,1.0000000000000004,98.50746268656717,0.0
pool12j2umr85c59j9tvktgtpswettgh59hlffa2xge3y9a58cdj99ex,67,67,65,2,0.0,0.0,1206.079611179106,<3M,0.0,1.0000000000000004,97.01492537313433,0.0
pool17fe35dqnr3cletecgjwaewvfq00ykwnd69elgtk87ncxjyr72dx,67,67,66,1,0.0,0.0,1258.6885656567163,<3M,0.0,1.0000000000000004,98.50746268656717,0.0
pool1drxprf675xarfzwwa4wvmwzjy0vadksczs9er7rpssemxdg7gdg,108,108,108,0,0.0,0.0,1273.4823403240755,<3M,0.0,1.0000000000000007,100.0,0.0
pool1w2nfwaxwzhh6xcnftvswd535s93shteqxncf0rnjdd8rskdl9pp,67,67,66,1,0.0,0.0,1297.968981865672,<3M,0.0,1.0000000000000004,98.50746268656717,0.0
pool1gpvmemj3xvl3ecqewr53a7vfg5ahemare9lpu0jm052y2zpweyd,108,108,108,0,0.0,0.0,1273.5412723240754,<3M,0.0,1.0000000000000007,100.0,0.0
pool10ehxcuxmryvg5ae6g8krdvhaj3m07a6rzdtv8a0grtxpv7fnrpu,15,15,14,1,0.0,0.0,177030.9520782,<3M,0.0,0.8666666666666665,93.33333333333333,0.0
pool1yl6w8scfvk0cyspx3yacz8wkuupn9zqcvl9jewjfwsv3cprqmwz,2,2,0,2,0.0,0.0,7.5345475,<3M,0.0,4.0,0.0,0.0
pool1hlmx2f5jk7swklpvpvw0j4vpxzx7zfx6aes72z9g9ff26ycgpjj,1,1,1,0,0.0,0.0,982.070112,<3M,0.0,9.0,100.0,0.0
pool1uda4kkzqn52fuyrwuchjxykdly8vj46yv3rc2h4zp9raunz4sgl,384,384,0,384,0.0,0.0,97.62473400000023,<3M,0.0,20.000000000000142,0.0,0.0
pool1pujegnn8qf7xux6tkx2mj2qdn9jf0y4z0t6nma97wdgqudlc9ww,384,384,384,0,0.0,0.0,640.9420709999981,<3M,0.0,0.0,100.0,0.0
pool1c9awkz57mqx5nzajrx047vqz0p6y3mr0tz8ce0kkecawwuakske,15,15,14,1,0.0,0.0,22094.2946582,<3M,0.0,3.0000000000000013,93.33333333333333,0.0
pool1egk840wdl48juzzmspuwj7wql0dauwxqe6qlx5svnqc7kvz46a3,33,33,32,1,0.0,0.0,4901.123584030302,<3M,0.0,0.9393939393939397,96.96969696969697,0.0
pool16kja6em4zlu8cmlr5la32yrsx5jqpejdqktadw9nv3cwx2s6ccf,384,384,16,368,0.0,0.0,535.8311205755318,<3M,0.0,2.5000000000000178,4.166666666666666,0.0
pool1hwa8vs4m7urnxpfn9jve8a4papex85ylzjz46v9stkrvuwqakkv,3,3,3,0,0.0,0.0,201.5740746666667,<3M,0.0,0.0,100.0,0.0
pool1rdlpngqqd54x2ek7s9m8hl5yrc7dx5mlm9wtdqatldm5jfrcgqt,383,383,383,0,0.0,0.0,13755.939890414904,<3M,0.0,0.00783289817232376,100.0,0.0
pool1ww2x7t5u6vvfs0z7s34p6hcts29ynytgvxnw5szmqazhcq928vp,42,41,37,4,0.0,0.0,9195.512173452382,<3M,0.0,0.0,90.2439024390244,0.0
pool1wrwjj0mc3pcrfynt3vr80yfhuleyvzeq3w9287euytarz8tdzxj,68,68,68,0,0.0,0.0,8575.440966617633,<3M,0.0,0.029411764705882356,100.0,0.0
pool1j3dx8yfue0756ll4cz2rrd3c9nllz8vh44trflqudq9p6enaj66,19,19,19,0,0.0,0.0,6162.798418894736,<3M,0.0,3.631578947368423,100.0,0.0
pool15wxeypcm9kxvkpv3hcqtpquawymy4ppw6ec35uxy0lk0wayd43h,1,1,0,1,0.0,0.0,50.620642,<3M,0.0,0.0,0.0,0.0
pool1vw0rqsvfx0ngct7gfmlz5j2e4gap6sd9pwrmemhd488eyxvm88r,383,383,6,377,0.0,0.0,551.3763686527461,<3M,0.0,2.74999999999999,1.5665796344647518,0.0
pool1tlven0zskw209sky204w5h03p8598lvf93l5hrwddyapje8h32v,15,15,15,0,0.0,0.0,83.31812513333333,<3M,0.0,2.5000000000000004,100.0,0.0
pool14mumny7t9l4ydjkqkllylxzzvwf0s5te9vujqet82eszj3d6ccm,383,383,6,377,0.0,0.0,589.2678656840778,<3M,0.0,2.74999999999999,1.5665796344647518,0.0
pool18pm5pc63xnkyqg4s3s9jyyyzkgqj05uyukk8yrhc7q4nw0gp6en,6,6,5,1,0.0,0.0,41749.005827,<3M,0.0,2.0,83.33333333333334,0.0
pool1q4zgzrq7wh90arjnv3rnxjw82x8dphhh5xv0xj8eay4uvfuzf4p,184,184,184,0,0.0,0.0,1502.6000000000026,<3M,0.0,100.0,100.0,0.0
pool19htgqp804d3v22clhv7wnx0wfzh0uhrcu95yjkhag0xwgwnv2t7,184,184,184,0,0.0,0.0,1502.6000000000026,<3M,0.0,100.0,100.0,0.0
pool18kntpr58f3pgs5wmzx84jrxq3tvt28aums9jsftyzzzfu579m2s,184,184,184,0,0.0,0.0,1502.6000000000026,<3M,0.0,100.0,100.0,0.0
pool1dwzuzhw50z4y5a8uqptupy4ju05tsm4ywelf9eqzgz6d50n03g2,184,184,184,0,0.0,0.0,1502.6000000000026,<3M,0.0,100.0,100.0,0.0
pool1qvag0mdsg785wvvzzznm8z48krxdknrauu72vp248mdzv0lns4t,184,184,184,0,0.0,0.0,4026.22526806521,<3M,0.0,100.0,100.0,0.0
pool1dsvgajygznqg9eleau5nxzku08w6mdegswwgrw94u8xtwy5vcdv,18,18,0,18,0.0,0.0,8.011698555555553,<3M,0.0,20.41944444444445,0.0,0.0
pool1rre0auq6rws88qn73fk2asp27vh3xzjs5wcj2nd9qz2mzz798dp,184,184,184,0,0.0,0.0,1502.6000000000026,<3M,0.0,100.0,100.0,0.0
pool1ucfv0vzhaa32j6ph972fm4qu3se9qmdaycc4wr288lyjurcl9a4,2,2,1,1,0.0,0.0,2501.4253365,<3M,0.0,100.0,50.0,0.0
pool1m2tgjxn880a3v6w4v3uf3kz9kduhvtr97slmpwnppd6r63230sm,382,382,6,376,0.0,0.0,1969.4689095000163,<3M,0.0,0.0,1.5706806282722512,0.0
pool15jzfzmh3s4vnhm2qm3p5e0632kv8nuw2luxarqrzpa8a6cgnthk,382,382,380,2,0.0,0.0,9320.433068636305,<3M,0.0,0.04712041884816754,99.47643979057592,0.0
pool1cz363un29lvy8y3cxfy9fgn2fdyfvu7gvt7atvlddess20ja4qj,19,19,19,0,0.0,0.0,10822.669848684207,<3M,0.0,3.0000000000000018,100.0,0.0
pool1nuutgcjkvyp0ax7pqcgnru5czex4r6j5ge9dnpx5sm8gwczcrt8,18,18,17,1,0.0,0.0,4962.343662611111,<3M,0.0,0.8500000000000004,94.44444444444444,0.0
pool1v2krnfyc32ej3rdxewnwp09ngjagz5q4qc22r7e2p8e95sx2f4s,9,9,8,1,0.0,0.0,3620.8778768888897,<3M,0.0,0.0,88.88888888888889,0.0
pool1ma9vrewvklfmvw9wwrwcxhe7pdalrdmt9cwuhv6vn49pylkyccl,2,2,2,0,0.0,0.0,499.74181050000004,<3M,0.0,1.0,100.0,0.0
pool16lrwu7y643tuexwkhehmzmqvagvm2ln3eesrqm9e6z9juq0zkpl,8,8,7,1,0.0,0.0,3527.2855205000005,<3M,0.0,0.0,87.5,0.0
pool1ejdd4vtnth6d7g3rsmxrm88xh39g2u0gx6jdps57k28rv7j9kup,1,1,0,1,0.0,0.0,0.0,<3M,0.0,100.0,0.0,0.0
pool1jz4vmzq5zkedem6wep8c99fxatxgvymlvdzs9qxxn7xsuv4m8um,381,381,43,338,0.0,0.0,448.0476909606229,<3M,0.0,1.0367454068241364,11.286089238845145,0.0
pool1kqthennwuuc2l2h6qy9u8jzcn0akh5fssut5lr2769xjuj2m5zl,7,7,5,2,0.0,0.0,62713.01853614285,<3M,0.0,29.714285714285715,71.42857142857143,0.0
pool1eawhurxhjnsl4jqgvvl43yrskm3hup3t2yr644sjk7mkjgrg4l7,18,18,15,3,0.0,0.0,190.32240799999997,<3M,0.0,1.462777777777778,83.33333333333334,0.0
pool16vsl464q00g9c448k8pru9hngywrqrkr5wanemafrnrcv2frl0e,23,23,23,0,0.0,0.0,1140591.7922036091,<3M,0.0,2.500000000000001,100.0,0.0
pool1q8dkhw2uxtpqq2j26v2ula23yqzu650l3nzt6lzr6tw3kdu63w5,31,31,31,0,0.0,0.0,10660.365227774195,<3M,0.0,1.0967741935483877,100.0,0.0
pool1uawms4xh0c5xhkrw7kw0c62x987apacw0a7cf0vcmrx4x8qck2g,10,10,10,0,0.0,0.0,79693.62952280001,<3M,0.0,0.0,100.0,0.0
pool1lrd3lza7r2a3uf4z9y52zf792kmmgqpxgl8suaz88g7fg7sdw3g,381,381,1,380,0.0,0.0,121.02953032020997,<3M,0.0,1.9999999999999807,0.26246719160104987,0.0
pool1l3ywt4zwrglkvtgzyknkt3htqt3r09q86ds7nvchufzmx24xhnm,10,10,9,1,0.0,0.0,135944.33160960002,<3M,0.0,1.9999999999999998,90.0,0.0
pool1ka8q6my2a5fennpr2nmrj5yzma27d2fkev8lmpfq90kxzjszwgm,381,381,381,0,0.0,0.0,1909.2147707926429,<3M,0.0,1.9999999999999807,100.0,0.0
pool1ccrah89lv0q8fqjd0vrp70zvw0e2742j9v2vxafqy8vvya49vvx,28,28,14,14,0.0,0.0,2990.1886906428595,<3M,0.0,0.17857142857142858,50.0,0.0
pool1570hpvwg22nm8uat505mj5hm6p6z26528nuwvrr7r5nh6yavdqt,380,380,16,364,0.0,0.0,633.7687997052631,<3M,0.0,1.2605263157894584,4.2105263157894735,0.0
pool1lzksz7rqjwamyqk6dvy2eda5403yyp888fj5qxa8t4pd56tve5t,6,6,5,1,0.0,0.0,8797.357552666666,<3M,0.0,5.0,83.33333333333334,0.0
pool1pgdw8zfuwjkqhkl5fycfkdplkwqkmwvx7gsr2rkvvpnf23wwg8r,380,380,3,377,0.0,0.0,4356.125439726309,<3M,0.0,0.004999999999999999,0.7894736842105263,0.0
pool1x8npyvl6a8efl62xkngwmqs4xwejv3k9vhnh6702xv4uz06qhal,10,10,8,2,0.0,0.0,1740.756911,<3M,0.0,1.2999999999999998,80.0,0.0
pool16lp0hduhg9r4wdg5uyk6h0tgzdeurndfshekmhaj4dwj25y4gqy,19,19,3,16,0.0,0.0,57214.89120000001,<3M,0.0,5.000000000000002,15.789473684210526,0.0
pool1l5tmww2aqkhl3lfcrced6xpsd30pzx65p6v4e48v29g4jtlvf3d,380,380,0,380,0.0,0.0,101.16237390526375,<3M,0.0,14.999999999999906,0.0,0.0
pool13z7wkesw6fm7r2ea7pwuuqc968d0rd620t47sfyqg2c0v0k67ak,12,12,9,3,0.0,0.0,25461.00072166667,<3M,0.0,0.9999999999999999,75.0,0.0
pool14gzj8a99u43j2gu3z0wcyedvdca27m2lx7msqxywl3lrcyrvmys,380,380,380,0,0.0,0.0,312.71270710526187,<3M,0.0,0.0,100.0,0.0
pool1e68hwymvfqxss0v29tgu95j0q8rv79z76l54wm4s0625klfq6y6,380,380,10,370,0.0,0.0,1365.2239621184208,<3M,0.0,5.0000000000000355,2.631578947368421,0.0
pool1g0fvxf4ewt0j3hplp09dv4ak2uv5ay3ftw8upk80d8kx2ca5syn,380,380,380,0,0.0,0.0,150.84115138421075,<3M,0.0,0.9999999999999903,100.0,0.0
pool1w0kw6q9mrus4sn65hgzdk2fmkj37qhcc6uggp208mr6l2xc5rky,1,1,0,1,0.0,0.0,21044210.64,10M-30M,0.0,100.0,0.0,0.0
pool1n2yl5u5ycyp07aj6np7clwhwdh7v734swrrpy2hcvmhhj953awm,7,7,6,1,0.0,0.0,56461.39525042857,<3M,0.0,0.4285714285714286,85.71428571428571,0.0
pool1yztpevpmfyyz2eu4dklmgfx8g0q0vme7ppdsnawcpnwxs3vfxy7,379,379,379,0,0.0,0.0,44.4540849999998,<3M,0.0,5.999999999999973,100.0,0.0
pool1n23afht28n820rd4tcngqq00crqzvyepxa7v9ty23hyhgwmhhse,5,5,3,2,0.0,0.0,35071.128194599994,<3M,0.0,2.0,60.0,0.0
pool1ep0p490n32rxkv8guqxrqxyr96swuajmstrzv7qpxzm0uvypwnr,12,12,11,1,0.0,0.0,9647.171157333332,<3M,0.0,1.6250000000000004,91.66666666666666,0.0
pool1gcqq0gt4hmgvq942x0s57lf3f4mhtexuuzgjrsmtj0kmsmqz32z,379,379,30,349,0.0,0.0,5311.852643411612,<3M,0.0,0.9160949868073885,7.9155672823219,0.0
pool1rvl8zyf24nk794gyvn6phmq67hh8zl25m66yr3p9vdts6029z9l,76,76,76,0,0.0,0.0,534.7483435921058,<3M,0.0,0.8236842105263148,100.0,0.0
pool1mwv76cr0znehqxe23xk4ylhr0j6gwsjxf2cvwjxm0ewdgcjzw3e,378,378,15,363,0.0,0.0,16928.878978677265,<3M,0.0,14.999999999999906,3.968253968253968,0.0
pool1aey2mtlcrqmkgdal4n70acwdg6zv2katqfqefeh2r4q62k56sr4,9,9,8,1,0.0,0.0,55704.31710977778,<3M,0.0,1.7777777777777777,88.88888888888889,0.0
pool19kzem4wxy08yt4wn643hf5kgxwtmvtcw64pfuyu2pggucvtnd5f,48,48,33,15,0.0,0.0,1995.2391764583328,<3M,0.0,1.5000000000000009,68.75,0.0
pool1zafqrgf3e4nzz8kxplgujxmcztzj30kk6zjzu6glgc0wsqe8vp3,1,1,0,1,0.0,0.0,0.0,<3M,0.0,10.0,0.0,0.0
pool1awejjpdudmemtp93umupmelpggqnv24qf5gy9yfrl6m87astv7w,2,2,2,0,0.0,0.0,100.3406665,<3M,0.0,0.0,100.0,0.0
pool10lkxgdrsupu4gvn0kq07dvjc9rgdaxlcnx0y45kcjga9c0c766u,2,2,2,0,0.0,0.0,100.3406665,<3M,0.0,0.0,100.0,0.0
pool17v0lxhlmyyjlhrtpu25uz828ympa29y3qkjlqc6z4qpyknf89y9,23,23,6,17,0.0,0.0,1320.1151512173913,<3M,0.0,1.0000000000000004,26.08695652173913,0.0
pool1fuaj2fz0wq8rp8pz9455d78pgvedjyuf48gl5y6d7h72st5wmy9,104,104,104,0,0.0,0.0,2060.1839154711574,<3M,0.0,2.538461538461538,100.0,0.0
pool1fdffujslx04rz3aas4rxcednlq59ducq7rp0t56yjsxp589ylkw,2,2,0,2,0.0,0.0,4.810717,<3M,0.0,0.0,0.0,0.0
pool173f8ahpcd88flq473gc5aeqtp3myt2xzq42a0nyrpyh45z2ps09,5,5,4,1,0.0,0.0,136370.47680140001,<3M,0.0,1.0,80.0,0.0
pool1ldwl7ureu5hyj9cxzkkaj79zwyh4ly789jcjy9dygam7vl4n28d,7,7,7,0,0.0,0.0,108.59626985714286,<3M,0.0,1.0,100.0,0.0
pool1qd3hwt2hvkt2jn9lktcjqpdk9cz0mk8qdue35x00p7ud5g0268s,377,377,0,377,0.0,0.0,479632.6970862803,<3M,0.0,14.999999999999906,0.0,0.0
pool1teg62xfrjvgahfukqhgd0q4wrkn7k0ee03tnju3klt63ws48w50,377,377,9,368,0.0,0.0,2528.158462652531,<3M,0.0,5.000000000000035,2.3872679045092835,0.0
pool1tseacydhjcj6hext49ehs9zc9lea83azc8t7k9rqqqq0w5xhcky,377,94,94,0,0.0,0.0,687767.4756085302,<3M,0.0,2.999999999999987,100.0,0.0
pool1qkvt06tjvd5mjf3yms9y6hp22uedn5ys6384pn8k3d4tz3d7j2z,377,377,377,0,0.0,0.0,497.43239299999743,<3M,0.0,7.499999999999953,100.0,0.0
pool10kz2qk2d5zxl4c5u3pv5n0uwrvz7h804tza9r03w4tgggl7faqa,18,18,18,0,0.0,0.0,24368.77590222222,<3M,0.0,3.0000000000000013,100.0,0.0
pool1yw8qh0jnnl6eumgzt77fulfhgmyzda39zcndgvyc27ffu6jeh5w,376,376,375,1,0.0,0.0,35.20383265957426,<3M,0.0,0.9999999999999903,99.7340425531915,0.0
pool1aupuaddm9ac3g0y37wrkqe33ufe4u7a2uacfe5xudw8ruhtav0m,66,66,66,0,0.0,0.0,1768.2129471212118,<3M,0.0,100.0,100.0,0.0
pool1lraqs7kh85s95en82jxk2lh659dhhgl3x494mgc5swkp5y7e8d9,4,4,4,0,0.0,0.0,23856.99553525,<3M,0.0,1.9999999999999998,100.0,0.0
pool1254w96veuh2unfwx3d3tq7lgha79xc7dce32n8rklgutsjmrthz,2,2,2,0,0.0,0.0,787.964782,<3M,0.0,8.0,100.0,0.0
pool1n8xmcjuadnkn8kk9axtjt3ahx5amj4nc8446grdjzfdrzl77xh6,376,376,376,0,0.0,0.0,148.43587799999872,<3M,0.0,14.999999999999906,100.0,0.0
pool1lc4yn2hew7nquk5gfc8k8cs6d7hee4a9hc2hauwj7dv759zzek0,376,376,4,372,0.0,0.0,1223.2285029414893,<3M,0.0,2.029255319148916,1.0638297872340425,0.0
pool1lz20wqv0u3y3klddcx0ag09p4ejrj747ycnw44s902q4zy4257y,2,2,1,1,0.0,0.0,4049.851731,<3M,0.0,5.0,50.0,0.0
pool1zd728035u3406eff69h9a8gj8tg927qe62xwvg4leghwvs5hhmv,375,375,375,0,0.0,0.0,670.0843666880003,<3M,0.0,0.0,100.0,0.0
pool1qyvcqcg3g5m3jx8hx28y5sgkqvm9le97y7xfzhuu45t2yjednzu,8,8,7,1,0.0,0.0,3221.2962957500004,<3M,0.0,1.0,87.5,0.0
pool1vdly044nj2r3vnghwq4s0z0uragd307wnsnsj4usdh3fu8jx6nt,375,375,0,375,0.0,0.0,0.05251070133333333,<3M,0.0,14.999999999999906,0.0,0.0
pool1f5ml07llzd2ndk5mrdl0gvtkkaq72v2hxusla795ksnms4tae66,375,375,5,370,0.0,0.0,153.25676257866903,<3M,0.0,3.0239999999999867,1.3333333333333335,0.0
pool16jm7s99tyfsvvvnyhpsfm4ghlhpfnczeaxgtx3psrt6ujc5xva6,5,5,3,2,0.0,0.0,40003.928414,<3M,0.0,1.0,60.0,0.0
pool18n7gadrjk8ul8syhstgpeajd59f4m78e8ktrxh9m0fa5j6x8lty,5,5,3,2,0.0,0.0,16994.7920064,<3M,0.0,3.2,60.0,0.0
pool1pvxsyzqze90jyyqqewg5spkh6tst0cwyvtvh6qfsn6xx75p2vk9,375,375,375,0,0.0,0.0,4.116593317333386,<3M,0.0,1.999999999999981,100.0,0.0
pool1098vxc5r287wuac36fkmuyzcfqu8vpz3qflxccs4s2smumhujtv,20,20,19,1,0.0,0.0,79148.54701804998,<3M,0.0,2.0000000000000004,95.0,0.0
pool1ecu8z5eg9t8dslhv88py5ll8s2d7sk0xgdzc57drpjpuclj8tek,6,6,6,0,0.0,0.0,45562.45148516667,<3M,0.0,2.75,100.0,0.0
pool1aaa4rk9exk0scgjh7a247p4hdgkuq887kau8vnf9c6xqcjwca7e,374,374,0,374,0.0,0.0,79.75310524331567,<3M,0.0,2.9999999999999876,0.0,0.0
pool1hxz3fwmu3l5wl2n8vtt2aqg66tam0qm98aa0r2ap9w3qzla06xk,11,11,10,1,0.0,0.0,225.92418181818178,<3M,0.0,1.8181818181818181,90.9090909090909,0.0
pool1kcwfpv65agclgu9p6eetn6x4q0zexzgr5v2cl9255qlwjjqr56v,374,374,16,358,0.0,0.0,2593.064153278034,<3M,0.0,1.0080213903743218,4.27807486631016,0.0
pool1xjlu0k6spdhzkm0n4lr64pq8k7w8s67czxj92wlfju7t62d2pgd,1,1,1,0,0.0,0.0,4157.940173,<3M,0.0,3.0,100.0,0.0
pool1madkc465h6e9887ctj2adnky2t46km277wt3rs97hlzukzl4rx9,374,374,374,0,0.0,0.0,524.7452675588254,<3M,0.0,50.26737967914438,100.0,0.0
pool1rlt5seljt6dv6e3kq6nvp8xt0cgqqzv8y344jxk3n0v3wzedrpn,45,45,44,1,0.0,0.0,3029.513394022223,<3M,0.0,1.0000000000000004,97.77777777777777,0.0
pool1pnuluy36ukdzv369d4zee8rarpw2k8ukwe5kkdmh06t6y78cyrr,374,374,374,0,0.0,0.0,1368.214795478605,<3M,0.0,14.999999999999906,100.0,0.0
pool1wzfcap7fzvmjthvu570qtmw0qexkucy9jq999hg42kw8j6dj0k0,12,12,8,4,0.0,0.0,278787.06809824996,<3M,0.0,3.166666666666667,66.66666666666666,0.0
pool1t3xele4dr85qz797gv9n4gdcwtcmsv9wvn9jyavxhpc3qzu50fx,374,374,10,364,0.0,0.0,1196.5809834812824,<3M,0.0,1.4999999999999938,2.6737967914438503,0.0
pool1edhwgzj677reyzdlm98p3l8pzg80uu5gf7hmfwus38wgs3vjkzj,29,29,28,1,0.0,0.0,14354.706161620685,<3M,0.0,3.0000000000000018,96.55172413793103,0.0
pool1zh0yljk0dl70hxjceychv4urugsuvtfkkmc2rw9jpwmrqlhwgnp,12,12,12,0,0.0,0.0,7190.045205916668,<3M,0.0,14.999999999999996,100.0,0.0
pool16zymwv7r24sgcxg43z4ce0g0mw0yt6zdxehcgwyksj456y0ef4a,374,374,374,0,0.0,0.0,507.2384332406426,<3M,0.0,0.0,100.0,0.0
pool163zjztxp65euqyrv3w2zernnuh6khqx85hydrwenyeqvvw8v636,79,79,79,0,0.0,0.0,1875.0025742531652,<3M,0.0,1.869999999999999,100.0,0.0
pool1ccft00hnnzvc4ywk4jzeh9r9nw2lkdqdketl8mdxyevl2c57l4q,37,37,35,2,0.0,0.0,377488.0967500542,<3M,0.0,5.000000000000003,94.5945945945946,0.0
pool1wsnn5e6wfq28eqg3u74v8tnzzwxw9sfl2upqj83c78eecqtl5d7,3,3,2,1,0.0,0.0,6924.325867,<3M,0.0,0.6666666666666667,66.66666666666666,0.0
pool13lz5g3f0kef09j5jvlw4t0dq7ejugl5q8sh0r8yyaxhdu04z560,373,373,0,373,0.0,0.0,3608.028663718498,<3M,0.0,1.999999999999981,0.0,0.0
pool1pvlxma2ezs4yf3e5e2sjzty8n85jkqzphj5r6zsn45e5gwrm4fv,9,9,8,1,0.0,0.0,8213.885673999997,<3M,0.0,4.333333333333335,88.88888888888889,0.0
pool15ye3lm5r2wd2taualxz5hxp2gqsdp9aptperx4xzj3tv74n36yj,17,17,5,12,0.0,0.0,58295.262099705884,<3M,0.0,3.5294117647058845,29.411764705882355,0.0
pool10uqmvhr7uys3uqu866phsysrv257nje52jmay255gdps509jj5n,14,14,13,1,0.0,0.0,67251.036787,<3M,0.0,0.9999999999999999,92.85714285714286,0.0
pool1n7zhzk2zyvqywfj476s4xk9h0xzncsq37469d8cyg37lsngvvqp,373,373,372,1,0.0,0.0,168.54272190080383,<3M,0.0,2.7672922252010697,99.73190348525469,0.0
pool1sglu6degtjuefywdfakt9kc2c2suvjlcchrq8s7m3ydjuf22kwv,12,12,9,3,0.0,0.0,28282.998255083337,<3M,0.0,1.1666666666666667,75.0,0.0
pool1pgxhjjyxs7mcyzu09w2ghnpaed4t28d3thfmrqp7mtwh78rn9jn,2,2,1,1,0.0,0.0,248.5469115,<3M,0.0,1.0,50.0,0.0
pool12e0k8wlangsc2069vx47ac0w9uz5drupcvmsqgppwewtx6dzmxd,14,14,14,0,0.0,0.0,32269.646476571437,<3M,0.0,0.010000000000000004,100.0,0.0
pool1tcuqfr33yzphqwfsf9x9kku6k3nxnm9cxqucgrzcpzrg2gca9rn,14,14,13,1,0.0,0.0,147546.04793221428,<3M,0.0,3.000000000000001,92.85714285714286,0.0
pool1lqukx9x2k456l62lak7dwux9h73rqwr4m65e2377qgjrsszjp5k,93,93,93,0,0.0,0.0,1097.6225040107513,<3M,0.0,1.0000000000000007,100.0,0.0
pool19yzav2l45q4gcwa53mh9ga6pf5c45t75qtqu6usfzup27qk27j0,373,373,9,364,0.0,0.0,137.87795453619302,<3M,0.0,1.0026809651474435,2.4128686327077746,0.0
pool1ja9sd7ycccxv9wjm6v7juqjqzhqyghu7vh3t8ejjvv9xwsdd3pd,9,9,6,3,0.0,0.0,19944.765970888882,<3M,0.0,1.0,66.66666666666666,0.0
pool14qacykhn8lzvltxrntkfvzakdn3acyj2m28lfc8q02gzylu8l9a,6,6,6,0,0.0,0.0,6252.763052333333,<3M,0.0,2.85,100.0,0.0
pool1van29pcguetr6gwnyfwd2g4f68rt3vkgtvu9wjdj0xwpylngsdk,372,372,372,0,0.0,0.0,245.05939534946333,<3M,0.0,3.999999999999962,100.0,0.0
pool1rxa0gzdzxx4zjk5pl2e204ewnvhnhps94jadpep87g3ks88ym72,9,9,0,9,0.0,0.0,2.604990777777778,<3M,0.0,0.0,0.0,0.0
pool1khwvmpepwln70f9yqfcj858mud577tg5j8rg559m2k49z7xj5lg,49,49,16,33,0.0,0.0,2868.0729921020375,<3M,0.0,3.0612244897959195,32.6530612244898,0.0
pool1e837lddlxe9k8wd7czkx6wmf9qrsesz6y6qg8gj5fudmv9yg7h6,1,1,1,0,0.0,0.0,87.622094,<3M,0.0,0.0,100.0,0.0
pool1n63w8h83hutkw6kww4hvewk30ljvvylfw4lv7y59ynd25a8yfqp,236,236,231,5,0.0,0.0,44450.68697196204,<3M,0.0,2.0084745762711806,97.88135593220339,0.0
pool1pxmu8ycr3ry9rh9sw7nrayys3ucq36wyl7ap52as27lugrm538k,4,4,4,0,0.0,0.0,33796.990755,<3M,0.0,78.75,100.0,0.0
pool1ame92htqwhpe8v03h7zyd47pz7urstdhs56fnms65rsmysevs9m,14,14,13,1,0.0,0.0,5827.597409928573,<3M,0.0,3.421428571428573,92.85714285714286,0.0
pool1xyapxnmfuwwkk9ur6k62pt2w74l94lng4ltlj7g22pseq2ufgdr,8,8,7,1,0.0,0.0,35568.87621775,<3M,0.0,2.750000000000001,87.5,0.0
pool17f450fgggph94ectjspqersd3u88cggvf3nu45k3xj2fwdqxjpp,372,372,20,352,0.0,0.0,1154.9562455107327,<3M,0.0,2.9999999999999876,5.376344086021505,0.0
pool1ayh2sa55gtswjdsy5eyrp5rlzvnmmdwmtwse7veyjrks2hu2vrc,16,16,15,1,0.0,0.0,101.34560631250001,<3M,0.0,0.0,93.75,0.0
pool1g637quu9s4v8e30s8y2jg8zfejsne9s8mg985q62y8jfu4khtqg,372,372,372,0,0.0,0.0,220.8455248655892,<3M,0.0,0.005994623655913978,100.0,0.0
pool13682rvnneuwl5j7tfh0zfp2t808zujjdrw499qkahuxd6zqxz00,372,372,0,372,0.0,0.0,9.138557607526883,<3M,0.0,0.0,0.0,0.0
pool1d84ma9ssangjw5swgn74j0lmv44ysjftglsjatllv68hytgekht,45,45,43,2,0.0,0.0,17798.840387444463,<3M,0.0,5.9999999999999964,95.55555555555556,0.0
pool1thm2d7er0er7xx7guuxsu82g70yrcgspserpd75h8au8wl2fmtv,6,6,5,1,0.0,0.0,34578.08659183334,<3M,0.0,1.6666666666666667,83.33333333333334,0.0
pool1c5ntzp7mm3rgmyxugx96eecycjupu8v3mcq9wylzxjgsujrj98j,371,371,0,371,0.0,0.0,0.0,<3M,0.0,7.499999999999953,0.0,0.0
pool1crtytpgtaph34d69rnpdgycw7glk9pee9at542h7053g2hldt3l,6,6,6,0,0.0,0.0,11790.274056166667,<3M,0.0,1.25,100.0,0.0
pool10perrupl4vf6340qrwjpyhrvqn02x04rdtv3d903v62dkx7vgq2,26,26,25,1,0.0,0.0,35734.02046046152,<3M,0.0,2.0000000000000004,96.15384615384616,0.0
pool1wqccvmzeaylvx4rrkxh2wc08x3gxl3stscyjgq48umpdjl5zey6,19,19,18,1,0.0,0.0,11099.718662052634,<3M,0.0,2.9473684210526327,94.73684210526315,0.0
pool1qdctnx6w6yga0wgylajaspf474zha2f35lfr3g69dgd2gr64j7l,4,4,4,0,0.0,0.0,412488.857298,<3M,0.0,2.0,100.0,0.0
pool1ln2899n8knvks7j6qh5j7852hn4850p5kucj5cgtj767s86gd7d,9,9,8,1,0.0,0.0,12382.117653111112,<3M,0.0,0.3333333333333333,88.88888888888889,0.0
pool1kqgccwtkhw7p0pk86v9ua9ag3q9kpkytwpmf3jruqlaq62pwwc9,3,3,3,0,0.0,0.0,151.04682833333334,<3M,0.0,0.6666666666666667,100.0,0.0
pool16g8283t79gs6823s49awn2ewnzwgkm94dfxd620dz7pe7cuas0l,3,3,2,1,0.0,0.0,1569.0572933333333,<3M,0.0,5.666666666666667,66.66666666666666,0.0
pool10h6v4zk95z9nckm3c9qhvz0he7a4f9ydk8ry5gnpp4cqz94uaeg,14,14,13,1,0.0,0.0,227664.14548985715,<3M,0.0,0.8428571428571433,92.85714285714286,0.0
pool14as6j8nxp5zwxh599jm4jhvn06p9arexazcjf24vpeajcesxeja,36,36,24,12,0.0,0.0,367437.87572711124,<3M,0.0,3.013888888888889,66.66666666666666,0.0
pool1mgd8j96nt5jfxsyrkhqt4v2k2zhg04pkej0da2uxmcfm5jmp4cy,5,5,4,1,0.0,0.0,114545.29955840002,<3M,0.0,1.0,80.0,0.0
pool1je3fy0vvwd73aj2ejeh58mzk02hsu9pywgcye0actwdnqytenz9,17,17,17,0,0.0,0.0,8936.345227529411,<3M,0.0,3.0000000000000013,100.0,0.0
pool17qv6evwlzcp47gc36fpw49rwtjzklq02fuw5qq4qcxu8q5rp8rk,10,10,10,0,0.0,0.0,101.88508699999998,<3M,0.0,7.000000000000001,100.0,0.0
pool1m72aev9redfms3u6x5qu8405kdxfhdd05zj8qcpwqj8p6cytqpg,43,43,41,2,0.0,0.0,47874.65534816282,<3M,0.0,0.17674418604651163,95.34883720930233,0.0
pool1zw3zga7ssyg7lzqq8hrfvatl3rxd5hkc7m7xd07gs5q6zk4ptx9,6,6,5,1,0.0,0.0,23091.864111833333,<3M,0.0,1.1666666666666667,83.33333333333334,0.0
pool1l3nglypcrr46sjclnvcekc7z8qq9hym792zgtx8xqxxqy6g5pkm,10,10,9,1,0.0,0.0,4594.3655016,<3M,0.0,2.2399999999999998,90.0,0.0
pool1f8selx8g7gwdy3htr0u2crc6zmvn0sytjd8rglxsj37as8y60gt,20,20,18,2,0.0,0.0,92576.87699305001,<3M,0.0,0.0,90.0,0.0
pool1ft890pqh62dh0nnnc3rqn9mh83293l4j8xzyld2atcsj7qkfdr0,6,6,5,1,0.0,0.0,4321.31983,<3M,0.0,1.1666666666666667,83.33333333333334,0.0
pool1dhxeyc86s34zly5nsgylra8xc5tajdch59tg2dkzc5782qpmhv3,3,3,2,1,0.0,0.0,67332.66666666667,<3M,0.0,5.000000000000001,66.66666666666666,0.0
pool145jmeyyer5qeqwta6ezghfwxuvn46eudkghjw4zzwr79xj3cxqc,22,22,22,0,0.0,0.0,2792.725444409091,<3M,0.0,1.0000000000000002,100.0,0.0
pool1ee0lf26d6l5k66sx83zxer7frrmkxqm730fjhuzpscujkuaa6vc,8,8,7,1,0.0,0.0,1947.1265803749995,<3M,0.0,0.5,87.5,0.0
pool1p0xjqgxu29kulxusvhtal2julsr6fyy9p5xj4fjqgtjyxnus9p0,16,16,13,3,0.0,0.0,166.66011156250002,<3M,0.0,2.3750000000000004,81.25,0.0
pool1ceuqt0yvqytd2jkw9h5lstvxuhy3pr9f3j2wzw0c4wnjwn5z26g,1,1,1,0,0.0,0.0,521481.465776,<3M,0.0,4.0,100.0,0.0
pool1ktmkc46nvn5m4uxt94jm3pq9y9mxzytkjcjjkk6887tnjf7atqy,5,5,4,1,0.0,0.0,48124.0805454,<3M,0.0,15.0,80.0,0.0
pool1dn4xscej3mjk08sdljure20vmfftxurhmm9jmzf352yygrkzajq,31,31,17,14,0.0,0.0,19664.84727280643,<3M,0.0,3.387096774193549,54.83870967741935,0.0
pool1rqwhzyfvm8uh6qseqpkkz2uvga0ufr0aaavrw7nynytuxy9uj6c,370,370,370,0,0.0,0.0,598.6149659999958,<3M,0.0,14.999999999999906,100.0,0.0
pool1snauzgh8r7tww3emfmdt58dt4hpvyjc23j0nj3h0ql2wwzgdkp9,370,370,370,0,0.0,0.0,400.85872801891765,<3M,0.0,0.03513513513513513,100.0,0.0
pool1nwprvltjclgtw7s99nvca3tyunp3t5qxrhfjjz0502tpv6ujlrp,14,14,14,0,0.0,0.0,1816.706067214286,<3M,0.0,0.9999999999999999,100.0,0.0
pool10usr6ag036ujwhmm85km8w0skjn3fp3dwnktt8sje4lfvwhu40u,370,370,1,369,0.0,0.0,780.0492997648666,<3M,0.0,1.900000000000008,0.2702702702702703,0.0
pool1vhusc9c38uqkuspnecq6clcqadx86g8wpxfaadyxfwdrukh0kg0,370,370,5,365,0.0,0.0,11187.591660429824,<3M,0.0,1.999999999999981,1.3513513513513513,0.0
pool1ysf2cvvju686v9uu5w5yel9ssznsqln633y43hyu93xhyghspxs,321,321,321,0,0.0,0.0,517.0728568224293,<3M,0.0,0.07476635514018694,100.0,0.0
pool1cw0hfeh282xcxtlkzg67ctrt4ly7allvmky2p5d3tlf36z8kp4u,6,6,5,1,0.0,0.0,5506.831823,<3M,0.0,3.0,83.33333333333334,0.0
pool1d09rylh8tvkz3mt6uql73jfzrydq3j6ezswxp9a73vm95e3659g,9,9,6,3,0.0,0.0,24707.939359777774,<3M,0.0,2.0,66.66666666666666,0.0
pool1wud8dcer9darujx2tms69x4g6tvfknkds2mq3wx9fm4tqavag7k,17,17,16,1,0.0,0.0,795.2694641764705,<3M,0.0,1.0,94.11764705882352,0.0
pool1p0jc0n0sqhj7fhm8sng8086akyyrsl085cvd6ewskhhly9tn3d0,369,369,0,369,0.0,0.0,100.2575199999994,<3M,0.0,0.0,0.0,0.0
pool15xy7ljyr733vtpvh65mpaq0lt5u9jqsr6u8urmjq7rxh6ne904c,369,369,8,361,0.0,0.0,21439.266154395667,<3M,0.0,0.9999999999999907,2.168021680216802,0.0
pool1muqaevafaztxkcmkumndhpeellmjedmf5w63w3ek2g965mp6ne7,42,42,42,0,0.0,0.0,23839.51398007144,<3M,0.0,0.0,100.0,0.0
pool18z3vwrdpyxnpg7l7eqknsp25uksl6m2dnk8mr6y60jr9sssea0w,2,2,1,1,0.0,0.0,47180.022043,<3M,0.0,1.9,50.0,0.0
pool1ytx6pf99xwa9m68ueakap9u6dxwqdvvx4dkcfupzethqqc5kpny,2,2,1,1,0.0,0.0,8986.8281275,<3M,0.0,0.0,50.0,0.0
pool1s7t7mfc89syw93h07aammaccnua66yn6d4l0mqt7zqurz2mczvq,23,23,22,1,0.0,0.0,40615.70135069564,<3M,0.0,1.81304347826087,95.65217391304348,0.0
pool1ymtvm8nt2g2kkgt84c50eyvxza8chftz6jj87w84yt9fva56wf0,5,5,5,0,0.0,0.0,3440.9609028000004,<3M,0.0,3.0,100.0,0.0
pool1kxedw6c34730h344lz0s0z6848005qrs096l8l2whcwly3rcl27,369,369,369,0,0.0,0.0,155.72746333875338,<3M,0.0,7.499999999999953,100.0,0.0
pool1856hr68ypjteu686stdagfpv2sxjzguwzjxu946v8wdqzn0f67s,369,369,369,0,0.0,0.0,1026.040854821142,<3M,0.0,1.0176151761517518,100.0,0.0
pool12w3uc9j9u47dd3ucau05g4nhs0r0uuvuzayl822a5pxajuwasp9,17,17,17,0,0.0,0.0,36746.1834872941,<3M,0.0,0.29411764705882354,100.0,0.0
pool19qtdcswwfvuvqvr95yfpk68nhmulpe4yh6xg482v22q6ut0m9hl,5,5,5,0,0.0,0.0,21384.039112399998,<3M,0.0,30.8,100.0,0.0
pool18f5d53qv77aawudfthjp8gk9cvg836aevzjf2ywfrm26wc0vcrs,18,18,18,0,0.0,0.0,2873.386286722223,<3M,0.0,0.0,100.0,0.0
pool1h6xjscpyekfvc8e8udgluvyqmz0etgy8dakuxu8apw0a5yxfzyz,57,57,57,0,0.0,0.0,1867.8545858421069,<3M,0.0,0.991228070175439,100.0,0.0
pool1kn059wyuuff0srprtvufv327th542l4c25e5hhcmwlsjymwr32d,369,369,369,0,0.0,0.0,6734.386839379573,<3M,0.0,1.9999999999999813,100.0,0.0
pool1futpazj04ukh0754m6wexrr9gdezmrl6e0pksyhpc9gjql44l0y,369,369,369,0,0.0,0.0,2566.946737745269,<3M,0.0,0.04065040650406504,100.0,0.0
pool1whzghlghkuqn8qf3ehpm3a4rugv0xxmgzau43zqer2awy2rngef,369,369,17,352,0.0,0.0,40382.18708384255,<3M,0.0,2.999999999999988,4.607046070460704,0.0
pool18gxqszcsk9yt0jsnzc293556x5t0cd0xdepr69wta9rh23349j5,345,345,344,1,0.0,0.0,5261.250917252194,<3M,0.0,14.999999999999911,99.71014492753623,0.0
pool1tk2ghnep6a4q84e0gcz69kafpmqqea3qpmrenn6pfwkzyn3sul5,1,1,0,1,0.0,0.0,2.278445,<3M,0.0,0.0,0.0,0.0
pool1kqycer0lf7t9g44tqn94dlrprxelw2kj88j88a02wejtkcnsse8,22,21,18,3,0.0,0.0,16592.475522772726,<3M,0.0,0.8636363636363639,85.71428571428571,0.0
pool1wyysgmppml940qv5pt5sr0ddda8jrvluwpnh0nzfvk7hxazawwa,25,25,19,6,0.0,0.0,1251.0763130000005,<3M,0.0,1.0000000000000002,76.0,0.0
pool1pqtc0jpjsaawpqajdlj6adl7rk7rz8h9aszl9u23q2sjyyxp9r4,13,13,8,5,0.0,0.0,15935.669882076925,<3M,0.0,0.23076923076923078,61.53846153846154,0.0
pool14cx2egf7wfe6fsc6r7fna7sjj6zuxa0q0rlg2cf8tqy06w0pej3,19,19,18,1,0.0,0.0,5571.089901000002,<3M,0.0,0.3157894736842105,94.73684210526315,0.0
pool1h4sevwr2tr3zyq954scr3camvk9ujhpq5jwg3je07eysxeguapd,12,12,12,0,0.0,0.0,574.77210675,<3M,0.0,6.666666666666668,100.0,0.0
pool1qynvfq3g8hu7dylj3gjlkls2mzgdkk3xn354xcgxnh7gz4zmct2,4,3,2,1,0.0,0.0,18755.20700525,<3M,0.0,0.375,66.66666666666666,0.0
pool16n6l4np4a0zlnzs5aln248gmxkmkvhvnky044r4jcyuy787nw05,3,3,0,3,0.0,0.0,0.0,<3M,0.0,5.000000000000001,0.0,0.0
pool19gspsgyjq9hdkm9crrr7n00fn5p62udpcujw5mjv86u0xua9yxr,368,368,12,356,0.0,0.0,33.835603500000005,<3M,0.0,0.9999999999999907,3.260869565217391,0.0
pool16wk6a0rmwplcv9wm6x8cyv6e77ey7zgluzne5jzqdqmfq52s69q,13,13,13,0,0.0,0.0,5015.042949000001,<3M,0.0,0.0,100.0,0.0
pool1eccm33ewu0jnl6ksct64wphz305k8zql6t0th8eaqchu7z7254t,3,3,3,0,0.0,0.0,5720.135514666667,<3M,0.0,1.5,100.0,0.0
pool1s4ve6tap62x9khdvhkk9f8fj74ks5txuygsnu7wkujk3jd2c0jh,368,368,13,355,0.0,0.0,1323.3226993451315,<3M,0.0,0.006793478260869565,3.532608695652174,0.0
pool1ma472xwxkcsagcff388vspvz60dms4lujr27f0ma4jegqmtqhh7,55,55,55,0,0.0,0.0,2505.179044163638,<3M,0.0,0.03636363636363637,100.0,0.0
pool1mc8jmrky5sreadzyxlk0nphcqhawryr6h32yapep54wvu9c0g2r,28,28,28,0,0.0,0.0,7.609499964285719,<3M,0.0,100.0,100.0,0.0
pool1262pmdwe3vkr6egdsfrs267apw564e47vzfy6fa8cc5lwq387wm,14,14,14,0,0.0,0.0,497.0119664999999,<3M,0.0,0.9999999999999999,100.0,0.0
pool1a8mnzapyyd88dyf67tlj9ut0h38jnr9wnr8jea55066z2pntpnm,1,1,0,1,0.0,0.0,2620.721439,<3M,0.0,15.0,0.0,0.0
pool164g26r07tugjhpvj94n6v29gtrg4pu6pjcyf6lq4j670u990ztk,39,39,38,1,0.0,0.0,883.6906577435899,<3M,0.0,2.000000000000001,97.43589743589743,0.0
pool1xc4lghvqtllp7jqql7c5vjqp5qfqnp6de3rwvrxvv9nukn200fv,12,12,12,0,0.0,0.0,4195.356230416668,<3M,0.0,1.4899999999999998,100.0,0.0
pool17m6hktta3ahcj5vnld730s0ry43ta2y306vjnr3pju3h6yyzj25,4,4,3,1,0.0,0.0,50.06479075,<3M,0.0,1.2,75.0,0.0
pool1u6r6439cne2ymaa2sn98c4l8wqkgcsg6pj3wr523j92f6744qcu,367,367,23,344,0.0,0.0,515.0868350190742,<3M,0.0,1.0217983651226061,6.267029972752043,0.0
pool1p785fdtz5w4unjt4el8ajdezgq23rj9ve3857v7d06yqytpyvtk,12,12,9,3,0.0,0.0,381.10582433333326,<3M,0.0,0.0,75.0,0.0
pool1m9wry4wyr95jcjmqmwqphegawffy63c4y2jrwfnqeyc5x87d7m3,67,67,66,1,0.0,0.0,13579.253564791059,<3M,0.0,1.7014925373134322,98.50746268656717,0.0
pool1we48gzta2wkn8h49ye5qxlpnx2mmhjj5jv6q6vdse4ysu6avzmx,41,41,40,1,0.0,0.0,584.8011014634143,<3M,0.0,1.0243902439024395,97.5609756097561,0.0
pool1ppa3vmkff3g4nk22hxudv8sw5nmthkpl5rwt5vjxtq5nukj6tts,42,42,39,3,0.0,0.0,768.2275898571429,<3M,0.0,0.0,92.85714285714286,0.0
pool1lgwu4clm2wqehr32tlfekt9ky0a3adsfrw3yp7m3v0k5wsuas5r,8,8,7,1,0.0,0.0,52264.0722985,<3M,0.0,2.0,87.5,0.0
pool1nhstzc6dk7d04k83yfccyrylzewhpd422kall4u6a5ck5c0pw3q,367,367,362,5,0.0,0.0,1290.0164282207054,<3M,0.0,0.9999999999999907,98.63760217983652,0.0
pool1k9xjmvud972vng83669mkveaedteaprnfflqv047y66ugtqjyyq,367,367,367,0,0.0,0.0,1302.1736883569495,<3M,0.0,14.999999999999906,100.0,0.0
pool1fzstwf853vlft2xenu7dh9jrg5hphfqk9x4uuml9njd5ky3qgdl,34,34,33,1,0.0,0.0,1891.1138624999971,<3M,0.0,0.0,97.05882352941177,0.0
pool1p9njaxdmjd5w4k85ywp9ytw769wtdnfrdagavydxjjrysnaj3gu,1,1,0,1,0.0,0.0,1.0,<3M,0.0,0.1,0.0,0.0
pool1g2csq8jamtsrl94lqxp88jka56qzvtahpk8p3dcc95c8cfxc2a9,9,9,9,0,0.0,0.0,9873.614303555552,<3M,0.0,7.3888888888888875,100.0,0.0
pool1fxm9hx6n5lahvlp3rrkvz30j2e3x4a08q3cu78678g32zqfmv4a,8,8,7,1,0.0,0.0,94484.991923,<3M,0.0,2.3125,87.5,0.0
pool19z6leg6c87h9gmyytk3pd7d6v0wv0jemc2aytksyvqs4c34kadf,6,6,6,0,0.0,0.0,1114.3438164999998,<3M,0.0,3.333333333333334,100.0,0.0
pool1twtstcaw0rfc8mqlk4ppt67wk5neqkrwlvds78eyrqa4y2fxwkn,15,15,15,0,0.0,0.0,349.8755771999998,<3M,0.0,0.10000000000000005,100.0,0.0
pool15jlf23neurgga440wxfux2g4pk0pwjm0t9mvvzvs0npvy59mdpn,367,367,32,335,0.0,0.0,264.47405585013666,<3M,0.0,2.0926430517710966,8.71934604904632,0.0
pool1tuux2sctklrlzsh34w4gquz2wtundky30fvrn0qky5p7qr5n00d,367,367,1,366,0.0,0.0,5.739777013624041,<3M,0.0,14.999999999999906,0.2724795640326975,0.0
pool1p09vyzyuukzfhwc79y5nckhzkrkzjqzfwhxttemj7t0kx00fucf,38,30,30,0,0.0,0.0,11062.67625228947,<3M,0.0,1.0000000000000004,100.0,0.0
pool1m7ktgvf3w6msp6xwpw5gwv496avrw3kvlt6c90gjp90aud72642,7,7,7,0,0.0,0.0,25729.20307114286,<3M,0.0,4.2857142857142865,100.0,0.0
pool1ypjd5wznrkknyuf4ahvcqqcr9nh6qkwyerzsc2cygrrr6md3kqv,73,73,72,1,0.0,0.0,137.1559581369864,<3M,0.0,1.0000000000000004,98.63013698630137,0.0
pool1ncst8jldzmwa4s874u3x4q7seqjyq3njc89a2w2056m2ywktd6w,367,367,367,0,0.0,0.0,240.56185083106203,<3M,0.0,76.26975476839267,100.0,0.0
pool1tvjhf5wlshemugs94y4668t4a0ppcj5t9s7x2vy7654azm79hwr,14,14,10,4,0.0,0.0,14980.878325928568,<3M,0.0,1.714285714285714,71.42857142857143,0.0
pool1t43yn87sndljw5ytlar3xta7mrryltgevsh0c5k9parnvn4x33u,14,14,13,1,0.0,0.0,14181.70695557143,<3M,0.0,1.714285714285714,92.85714285714286,0.0
pool17m6ue6rcq7fmvxpvr22s9umscgzlw7fuy9ywrkzr2trncnj5nx9,2,2,2,0,0.0,0.0,2695.2814625,<3M,0.0,15.0,100.0,0.0
pool126ut5j5qz5wg09sjxrjugmjhqyslgam9cyj7a275y99l6n3gql0,367,367,43,324,0.0,0.0,19047.89668895901,<3M,0.0,2.0163487738419428,11.716621253405995,0.0
pool17k4x40zw7x8qyjfdw22m4f73222y5ewge5xdekvmf7eh5mql26m,2,2,0,2,0.0,0.0,26.299013,<3M,0.0,5.0,0.0,0.0
pool1jpf30a2f8t7vsshs5f4whty8fy0rcah8cx5qw0y7hjaj73aulwe,51,51,50,1,0.0,0.0,8114.344591117644,<3M,0.0,2.098039215686275,98.0392156862745,0.0
pool104yydru8l6rjg0c9jryy9luw2s7r9ye4u5x835kvhkngy24986h,39,39,38,1,0.0,0.0,7940.823462820509,<3M,0.0,0.6410256410256413,97.43589743589743,0.0
pool1sa0uepv2uzwd0g8sh5lkjzgwkcxrg3z4m5wyzgfh93pnwupsm8g,367,157,157,0,0.0,0.0,1391.1389174168946,<3M,0.0,1.4999999999999942,100.0,0.0
pool1jp2jxrx93vdvduaha2re6c67gkj0972s98kgq9ksp5evqn00tpp,8,8,1,7,0.0,0.0,605.914408875,<3M,0.0,1.0,12.5,0.0
pool14g7yxpecpp2vt25nc7mjtf8q5g8n362wxksvpxz5fht35khqs0t,367,367,367,0,0.0,0.0,1184.2938426158032,<3M,0.0,10.00000000000007,100.0,0.0
pool1ws2zt52xctlyh87vmc2gysngkgeu6ymw4ekjaptnlmq76mzvqay,34,0,0,0,0.0,0.0,2494.406665852943,<3M,0.0,8.823529411764707,0.0,0.0
pool1zgqkgsmmskrhsgkv29qm4snfhefj2n305kxw7my5ywxuwf7pxu0,24,24,23,1,0.0,0.0,1692.1970065833336,<3M,0.0,1.7500000000000009,95.83333333333334,0.0
pool1w50f20mpxwtal3plsqmgrx2xxlg84hn7ep0fhlcajkhu77k8tfp,366,366,366,0,0.0,0.0,2440.325690150254,<3M,0.0,2.7459016393442273,100.0,0.0
pool1pfxcaewcrl3uzn5dnnqcnwxmtv8dl3lq6fl27g7jasajjke2zfw,15,15,14,1,0.0,0.0,21352.557681733335,<3M,0.0,0.6,93.33333333333333,0.0
pool1ret0s9eqs27nvw0k7y6vvv7nzfhpx3a86qyjnl4np79sk29q8f8,195,3,2,1,0.0,0.0,28312.268608861577,<3M,0.0,0.047948717948717946,66.66666666666666,0.0
pool167sj6agas2g83hlzh79p5uzmrv8dr7k2y9jx9akx456es867vyw,8,8,8,0,0.0,0.0,290.02173487500005,<3M,0.0,2.5312500000000004,100.0,0.0
pool15e9fqsw4rdkc2ehwrzegzts99gz70x54gnpxkqnlh9gz6thpuqv,4,4,2,2,0.0,0.0,6589.1867409999995,<3M,0.0,0.95,50.0,0.0
pool18xqt8enh3fcqq9jvczkmcyaxzapyg7yp9najj96gg0gmxjuglyx,59,59,59,0,0.0,0.0,20537.05039869492,<3M,0.0,3.966101694915256,100.0,0.0
pool1axeed9wqmyvm8ttgdkpazx5dr0e6ezhucnzarpua0zpdg8ycqwl,366,366,366,0,0.0,0.0,161100.3458708672,<3M,0.0,2.9999999999999885,100.0,0.0
pool16ga833sw8tzuvv83gq2gp6zyuwhj3lka4nevnauj5grpuq8y2al,366,366,366,0,0.0,0.0,660.9149753278641,<3M,0.0,100.0,100.0,0.0
pool14pp4yawyt9nqqzles0azyel4smzcy55ath07zzt4pk9pw6t8vwx,53,53,52,1,0.0,0.0,10612.55766973584,<3M,0.0,2.867924528301888,98.11320754716981,0.0
pool15ngqkccnl4pe35xldrmt6m6q6fcqcnyjvhdac20600gwxdqhr4w,17,17,14,3,0.0,0.0,39711.50929841178,<3M,0.0,3.8,82.35294117647058,0.0
pool10nug2zc80t6tz64awqr0362kfsh6yvje6xz2a6appzhzwe25nc5,366,13,13,0,0.0,0.0,1562.2592101038326,<3M,0.0,0.00819672131147541,100.0,0.0
pool1r427cwyqcz0smw62rgxlac0qltkzrqzk8rv58rypg47h5tuz9dz,3,3,3,0,0.0,0.0,316.622358,<3M,0.0,2.0,100.0,0.0
pool18m6dvfkxqex40geqnvtyavhadzwja9mcnhwuy035u69tydec784,136,136,136,0,0.0,0.0,3576.9070672058906,<3M,0.0,0.014705882352941178,100.0,0.0
pool19ghp59ea95dd9v86lzq6k2xl65ftmg5a578zq8h9d0ptwu4dekf,2,2,1,1,0.0,0.0,1230.2248215,<3M,0.0,0.5,50.0,0.0
pool1gaq7x3ejv47cykw2wrcyt99f3gcy3ayyuxsf6gqvd8j2jf90w4h,366,366,5,361,0.0,0.0,574.6906009726868,<3M,0.0,2.5000000000000173,1.366120218579235,0.0
pool1rpdfq9gm9ls0q8tnc2ssnpg5av3hm5ehktul7cfznjvjxyku2k6,366,366,366,0,0.0,0.0,5448.29443354918,<3M,0.0,7.499999999999953,100.0,0.0
pool1zathzhawnnqx094p72a8ls7w63ss4p77rzdz4zt7wcjd6jy7045,16,16,0,16,0.0,0.0,0.0,<3M,0.0,1.6250000000000007,0.0,0.0
pool1wkk7mlwet6pgqk9gd706trlw25vnu9a7ygvrugap0swjcfty7vd,366,366,6,360,0.0,0.0,100.73558896721268,<3M,0.0,5.000000000000035,1.639344262295082,0.0
pool10va4qwg48m3kg3km7n4wnk3n2xlaawyykhx38t77lsptsc27cz7,1,1,0,1,0.0,0.0,1.264956,<3M,0.0,0.0,0.0,0.0
pool1c74xtnj5zlfmve7rvcd9xexd75gpxkdczv3u8muv542a2qgth4x,6,6,6,0,0.0,0.0,11159.925817666668,<3M,0.0,1.0,100.0,0.0
pool1m0xww4fsq5s5xladr9xuy6rjc4va5gg0w67qll8rkhp9k89u7hk,3,3,0,3,0.0,0.0,16.607041,<3M,0.0,1.8499999999999999,0.0,0.0
pool16qfw9n6z20psdw96hhxa3aujxuwcq5h65nllztsd3mcnzflrpm8,5,5,4,1,0.0,0.0,1526.5065128,<3M,0.0,0.0,80.0,0.0
pool15xdvllxmlzhz0ct3u35wv3gmzxym06zwg3l6ltuqmcsmv9jq527,366,366,0,366,0.0,0.0,25.75469818306013,<3M,0.0,14.999999999999906,0.0,0.0
pool1gccvexsjcp6z6aua47cdpwf05jz5s8vj58amyl7k7e4lyzy67e9,42,38,32,6,0.0,0.0,46930.84041647617,<3M,0.0,1.0952380952380958,84.21052631578947,0.0
pool1grvc8ee54v6hm0aynfdqanugez2sjjdaya2fxcug7lhu73dnrl7,18,18,17,1,0.0,0.0,43570.758628055555,<3M,0.0,1.7777777777777786,94.44444444444444,0.0
pool1p3f5paefq8jzgzdwuk5sw0pql4azfc07jg38pfldp9quuxfd6zk,1,1,0,1,0.0,0.0,0.0,<3M,0.0,4.0,0.0,0.0
pool1ek4yc2mvmettdmkl7wjfpcjkp60xssq2urr9hc8ffx5ss73wdm0,366,366,26,340,0.0,0.0,2147.419277510939,<3M,0.0,5.000000000000035,7.103825136612022,0.0
pool18y056s0echkc44dwnnd0hwanmrlnecxvkluwn339ukhnwnaz5v6,366,366,365,1,0.0,0.0,99.72677595628416,<3M,0.0,14.999999999999906,99.72677595628416,0.0
pool17290z8gu8ztt06ee66s02awgq0l3ptmmdsvylcxr7def2j0a7dz,19,19,11,8,0.0,0.0,8172.293523473687,<3M,0.0,1.0000000000000002,57.89473684210527,0.0
pool166qqgum2m453zv7g5htx9caqvvl6q56v73hpt60nxwp7wttq4zf,35,35,34,1,0.0,0.0,17515.655020085724,<3M,0.0,0.0,97.14285714285714,0.0
pool1g27ut4c2jf7dq87hu5ne7ra9p8mc9wwv9pc4fu9pegvju62lvgc,2,2,1,1,0.0,0.0,2553.750138,<3M,0.0,0.0,50.0,0.0
pool1nqveuw4q2yw9u9x6yzy260skdwc309krsx32hmgvpyp962mu996,366,366,366,0,0.0,0.0,806.8160294262378,<3M,0.0,0.9999999999999907,100.0,0.0
pool16jczz0dlv557vgywgftd4m3vwnwjnl38wpn7wu5gqryz7aedahd,366,366,2,364,0.0,0.0,533.8966941284145,<3M,0.0,1.9999999999999813,0.546448087431694,0.0
pool1mvvak29dklyz0czja55me0c5lak2kgnjke0hkt8ys5zgul9yptu,23,23,23,0,0.0,0.0,1182.6560211304352,<3M,0.0,2.1304347826086962,100.0,0.0
pool1gkwkr5cdhynmr53kf97km52ykqfcfn9hqf847fupt7jfcf97ewg,34,34,34,0,0.0,0.0,5583.777874470593,<3M,0.0,7.235294117647049,100.0,0.0
pool1y75j30mj2cwdw0cgcvthkcu7vxu592xenxzt8c50zxhqzf3xncg,15,15,15,0,0.0,0.0,4020.803263999999,<3M,0.0,0.0,100.0,0.0
pool1jqfk2y5wked4sjpx9sqxn6dmut8hq2n9qlreymqtpxuc5l38fl0,366,364,35,329,0.0,0.0,12288.36285056832,<3M,0.0,2.0081967213114567,9.615384615384617,0.0
pool10ez5uusmzx7ep6pee6hmqr79z5ee0lhgzdelzgptexh9xq3ar4e,366,366,366,0,0.0,0.0,384.568242079235,<3M,0.0,3.0655737704917905,100.0,0.0
pool1n5ng0s3y700htn79al64xjx8e6eu28n2x68e2kfw5kxa7adm2xf,10,10,8,2,0.0,0.0,3138.8958491000003,<3M,0.0,1.6,80.0,0.0
pool10h9j9hazmtszyfyty7e6vj3usr6v0jdzvraqcxxs27rtqp7hsgc,365,365,39,326,0.0,0.0,110.44897536164342,<3M,0.0,0.9999999999999907,10.684931506849315,0.0
pool196tul7axlt0qzqvs7rx4glfdkpsjlsh68tdkl7y87q3uztcvd5k,365,362,361,1,0.0,0.0,12394.316178748319,<3M,0.0,1.4999999999999942,99.72375690607734,0.0
pool1sxhe2036yj3r6mvyhjx6g9xyj447nnxld6rytarprylmk99lsvm,8,8,7,1,0.0,0.0,20579.993962125,<3M,0.0,4.250000000000001,87.5,0.0
pool14ffaj5n5dafz64r3c7m9ckxspuk7g4qg6vadyw7rd8xucggnx0s,18,18,18,0,0.0,0.0,2404.9361059999997,<3M,0.0,0.0,100.0,0.0
pool16arep9k87sf5f3k3y8287jh7tfd73r9acu7ql3mtl3ply52ywnm,18,18,17,1,0.0,0.0,46927.59526883333,<3M,0.0,0.05555555555555555,94.44444444444444,0.0
pool1kck3hegpzrc96s29x8egn6jmrajdrvslqldyl09sntu2sw4urst,97,97,71,26,0.0,0.0,21210.589601309282,<3M,0.0,1.1443298969072173,73.19587628865979,0.0
pool1kqnkeu8uyxg3welmvk9w8046dg8xs4qq77s70ljr2zsegw8lwr8,62,62,62,0,0.0,0.0,1066.8293948870944,<3M,0.0,0.09677419354838718,100.0,0.0
pool1n6ucm4xz5cn6nwexcwlwwes965t4g6fxklpk05uhsjr8zx9ks0p,18,18,18,0,0.0,0.0,1680.4337735000004,<3M,0.0,0.0,100.0,0.0
pool198ju5qa0gc57dl6c0gd8td343dy2ravfy7hcz0rck97jwv35csh,31,31,31,0,0.0,0.0,10021.912514806445,<3M,0.0,0.4838709677419355,100.0,0.0
pool163q9zuwpt9wr8rruuhw2mz6w6em25mhtrv58f8nz9aywj7vzer7,365,365,70,295,0.0,0.0,129.94945184931348,<3M,0.0,1.0054794520547852,19.17808219178082,0.0
pool196fz9gd7n0jnn2rwpcqqdyf9j5q3na6qwhhy0k6j9ysx5f3u7r4,365,365,365,0,0.0,0.0,1553.9924350109316,<3M,0.0,1.9999999999999813,100.0,0.0
pool1ype75xven042a8mwzpkxq5l02a2dkxqu098favvapr8vcjk36s0,2,2,2,0,0.0,0.0,2696.56191,<3M,0.0,2.0,100.0,0.0
pool13ygs5zpxe7j6c7zh2u3tcgyrhm03y6lpjpwgra6v8ykszrhvzyl,4,0,0,0,0.0,0.0,250.0,<3M,0.0,15.0,0.0,0.0
pool1n2frucxzmppz6vaagt30wnqn4m64qu96ruaset67nlgwscxrtlu,2,2,0,2,0.0,0.0,6.772976,<3M,0.0,1.5,0.0,0.0
pool1x9kerklpmyrzx22z944l9n8x9gn8s597vqy4hsllujetue8e5g8,365,365,21,344,0.0,0.0,1052.9546655506883,<3M,0.0,1.2500000000000087,5.7534246575342465,0.0
pool198wj6nckft025tvkthdpamw6xxwdftactw34fag60d2xxa2qz7y,365,365,0,365,0.0,0.0,0.0,<3M,0.0,1.9999999999999813,0.0,0.0
pool1fu86pxxs3c9sgjkmpwx8d2udckt5y9ycg7ampdf894l0cuv787y,3,3,2,1,0.0,0.0,2438.114896333333,<3M,0.0,8.833333333333334,66.66666666666666,0.0
pool1rcp5ymhahdruut4wqqrdykz64smdvap8h972vtyd84k5ykemp7l,84,83,83,0,0.0,0.0,1250.9377609047622,<3M,0.0,0.011904761904761904,100.0,0.0
pool195cdv8hjh3a8lqhmr5d8ewwv8xg5uazn4hjkf43gjxdn53kkfuk,8,8,8,0,0.0,0.0,6466.260502875001,<3M,0.0,5.0,100.0,0.0
pool19gz6ffzagyh9daymscvyc64maq2xf4s05w5upthferlnwd7vgr8,365,365,365,0,0.0,0.0,9999.722726235625,<3M,0.0,2.0602739726027197,100.0,0.0
pool1x23r6an7a8yqtepj0ls8jwg7k2gys5e03ttmu66yg64q6n2xa75,17,17,16,1,0.0,0.0,40644.64003488236,<3M,0.0,0.0,94.11764705882352,0.0
pool1cfksxtufl4ha4h0u0wr8qp7qpc7upxmnr3rv0mny5pctvsvv95q,18,18,0,18,0.0,0.0,92.59231294444443,<3M,0.0,14.999999999999996,0.0,0.0
pool1stjukmjtgs7rdvy8ucsc543f9y2ct56ss08zed392php7k0teaq,365,365,365,0,0.0,0.0,2.4437890000000118,<3M,0.0,1.9999999999999813,100.0,0.0
pool19fkdwypktkdxvhlrz6ffrqt8ylkl9azkqvqz4lxnq8gdx4d7k6t,7,7,7,0,0.0,0.0,61704.284046,<3M,0.0,5.0,100.0,0.0
pool1rxgeqs0fsl08c0rpaecrk08cy7q3nv3wa0twz2l9r396xw0594z,1,1,1,0,0.0,0.0,27.243308,<3M,0.0,1.0,100.0,0.0
pool17phv3anc80njdv2gsl3lchpmn4x3c84duteqvrpjaz3f6lnvu8y,16,16,14,2,0.0,0.0,1010.6191393749999,<3M,0.0,20.312499999999993,87.5,0.0
pool1r7kygrwph2rdekknxzkputr4rlejf0hh98322r34rp63qx09rmj,32,32,32,0,0.0,0.0,3383.93829046875,<3M,0.0,0.8750000000000002,100.0,0.0
pool1hx8lstpc7aa37u24pq344gu0a5mv8fu4mxpr2xz62gtgsjqpx8p,35,35,35,0,0.0,0.0,27.24004899999998,<3M,0.0,7.500000000000003,100.0,0.0
pool1c4w9gx56t3stgt2n8g7qg7gur85kkrl6gpt9gdyfxs6fwwzfd48,28,28,28,0,0.0,0.0,18801.571739999992,<3M,0.0,1.5000000000000009,100.0,0.0
pool14strkpqykx0rahz2xe8nnl6x8vyezhssdnzxk7jrktpgvst3tp8,69,69,68,1,0.0,0.0,8530.822983884053,<3M,0.0,1.0000000000000004,98.55072463768117,0.0
pool10clrlnprt4ym7a9pr2s4gnqz5q35u8aq3t8k58nh44tdk2qell6,6,6,0,6,0.0,0.0,125.4188515,<3M,0.0,60.0,0.0,0.0
pool1z847n6rhljnzkel09jj2hyg9da38uap2yx3ev3k6p7ytqs3fpyp,3,3,3,0,0.0,0.0,187.26754033333336,<3M,0.0,0.0,100.0,0.0
pool1gyf5nm2d4le3l6uh4j8340xugfc5zyn7u32j4hpk4vhusvtqq2n,54,54,53,1,0.0,0.0,18112.681902055567,<3M,0.0,0.0,98.14814814814815,0.0
pool1jhsmrkkusdut92nrnywg2adgmyu74xrcky93hgm6k5lqvlvkr26,23,23,23,0,0.0,0.0,1050.7649728260874,<3M,0.0,0.0,100.0,0.0
pool1l9sgp7p5m6c6054ru75x077dc0frev2tkm5zjllmkl6z6rtq8tp,110,110,109,1,0.0,0.0,14714.91924530908,<3M,0.0,0.10545454545454545,99.0909090909091,0.0
pool1thpn26f8p3n98vqwaunxjr633n6jmh0m7fmeyd6p7cpd632889g,17,17,17,0,0.0,0.0,2083.7147187058827,<3M,0.0,5.000000000000001,100.0,0.0
pool1t9ve93m48au8m4w8x0m2exh55s0tf2jjk5rwj5hsuqegvvgfq4z,365,365,365,0,0.0,0.0,130.1803443808219,<3M,0.0,5.000000000000035,100.0,0.0
pool1cadkaz3uejj3j5jja8j59tzm4rnc3j23l2kt4w3je6jmv8k095f,41,41,40,1,0.0,0.0,51046.139976707345,<3M,0.0,1.0000000000000004,97.5609756097561,0.0
pool1554z79tjljh37v2n9ga8r32c9nzmhd7y6pl8x6jyly22xwrm4yk,120,120,120,0,0.0,0.0,5.074341125,<3M,0.0,100.0,100.0,0.0
pool1c3ulq75zkq2d3lqge2jl3pda89c3macz0dj2c8p3msyrufhk3xf,17,17,16,1,0.0,0.0,21477.5840027647,<3M,0.0,1.0,94.11764705882352,0.0
pool1g8aaqzn9k8ua9vc66yamrvzrptlw827r9cvawgvm9yg96433d7d,5,5,5,0,0.0,0.0,116.58561460000001,<3M,0.0,0.8,100.0,0.0
pool19x70rusuwenqn7c8kkmm52je8t3nntfjazfm3hcaku9z6qzxnjs,54,54,54,0,0.0,0.0,28422.835492574068,<3M,0.0,3.6666666666666687,100.0,0.0
pool1873re2xddavsvztf6vx5plv0spqsxmaw2mnxuh5nmrd520saphz,20,20,20,0,0.0,0.0,3699.415302549999,<3M,0.0,1.550000000000001,100.0,0.0
pool16hr8f9l40gdnrmvjpr0wn5fpm2zh96hvtak6dzwpnszgw4lcrww,4,4,2,2,0.0,0.0,2827.10936,<3M,0.0,3.7500000000000004,50.0,0.0
pool1vfpslzu94fetc0j4tfk2rjw49s7vw8xsp7e60x38cr8rylmjlug,7,7,6,1,0.0,0.0,150691.0417012857,<3M,0.0,1.9900000000000002,85.71428571428571,0.0
pool1d6pllmk509pp69pc4y9y0y8h0asardkr73vhn634wnv4wrr0zyr,4,4,3,1,0.0,0.0,2302.5045325,<3M,0.0,2.2500000000000004,75.0,0.0
pool1mmmldg2tuz50zdv4u3um6w2dv024d90h6zzwmz0lfselu0sflma,9,9,9,0,0.0,0.0,10097.604218333332,<3M,0.0,2.0,100.0,0.0
pool1eqf7wyjhqsna5q0d4rnk56vaudzjfuyswqtvyenutglwwhl4vt7,9,9,0,9,0.0,0.0,4.754719222222222,<3M,0.0,1.0000000000000002,0.0,0.0
pool1ydgmfmxpuateqwz028lpgypsdchs5m0tzes732qdragdg4jp0uf,365,361,361,0,0.0,0.0,342.99692461095384,<3M,0.0,0.20000000000000012,100.0,0.0
pool175p7tqqgmduq6r5ad7jca2c4jz6tp3rslz7jffx7zru3cakdmt2,365,365,80,285,0.0,0.0,736.9163839369768,<3M,0.0,1.4999999999999942,21.91780821917808,0.0
pool1przkrvn2mhj4jma0mezgru6custq599q22nps0nv5vvwxtvyyc6,12,12,10,2,0.0,0.0,2444.979433,<3M,0.0,3.333333333333334,83.33333333333334,0.0
pool154tctt8r4je5perl9emrdyx4uc0p645vufr8432uu3ed64n5yxm,90,90,84,6,0.0,0.0,24258.178436588896,<3M,0.0,3.96666666666666,93.33333333333333,0.0
pool1kdj6sphr4lhjgye54s62rmmd7ckfgc6x2msr08h6rjzjsfcylsc,9,9,9,0,0.0,0.0,508.98786944444447,<3M,0.0,1.0,100.0,0.0
pool1842ddmy7xpppxvxku0uz2ztsjrg9cjtcq9x90kulrwkkqte03ef,1,1,0,1,0.0,0.0,1188.699063,<3M,0.0,2.0,0.0,0.0
pool16sgz8tde9q7ldszg2gx22enxfzd6rx8w6gg6vg3jxl49gdsf5e0,5,5,4,1,0.0,0.0,19568.1771032,<3M,0.0,0.0,80.0,0.0
pool1htw66pdahtg57f0k4zwrx9gn568x5s5n47pgxn0w9dufqu5ckkm,2,2,1,1,0.0,0.0,2407.960026,<3M,0.0,1.0,50.0,0.0
pool1et46lk40ef6c2yvqdquedpymag59t97ux88jpg7jp5wmgkdydhs,1,1,0,1,0.0,0.0,1.464777,<3M,0.0,100.0,0.0,0.0
pool1wp337rv2ehtvjr8mvhlrhr63z4y42ckyu5zwqqvlhj4q532wdqc,74,74,11,63,0.0,0.0,908.9227958648639,<3M,0.0,1.0000000000000004,14.864864864864865,0.0
pool16ykg68yeqrh4t464tn0w9sghlxydqc04szyhh4yl2ha0u7h5ezt,1,1,0,1,0.0,0.0,4.821299,<3M,0.0,3.0,0.0,0.0
pool18dnwza45ear2xnu728qxh6ms9g3dctuyf8hw9r35ek7vkz8a3mq,7,7,6,1,0.0,0.0,6817.977166714285,<3M,0.0,0.7142857142857143,85.71428571428571,0.0
pool1xl2v9kjyzkmg0frw5ypznceug5tde9hjtg6fgn9u78dh2j59fhn,40,40,40,0,0.0,0.0,7791.338920774998,<3M,0.0,3.0000000000000018,100.0,0.0
pool1mv7z7jzats0g3s36rd6sk08ew6wg4pf7ulu9uvd6grpdc0mh7e0,364,364,351,13,0.0,0.0,1048.9719211071383,<3M,0.0,5.000000000000035,96.42857142857143,0.0
pool1yjz9nhtlvnl9rx46t2kfufwxd338m0kw0jxaj86pqfthse837z8,364,364,268,96,0.0,0.0,13113.429198741736,<3M,0.0,1.0054945054944961,73.62637362637363,0.0
pool17fprny0y0fnchln8k002lfpv60szulsuqrezpsfuhl7kqhrm9dh,29,29,29,0,0.0,0.0,4659.45051348276,<3M,0.0,4.068965517241381,100.0,0.0
pool1p98qztq2t77u89vvsratsmsx8hu965w4n7xneg5qu7gtgcdude0,364,364,364,0,0.0,0.0,41.85692442857084,<3M,0.0,5.000000000000035,100.0,0.0
pool1kxsrst6skutusnkng7pj3mucwftp686wzkqxthglwdz0v8s6teg,278,39,39,0,0.0,0.0,5962.407540237411,<3M,0.0,3.1399999999999846,100.0,0.0
pool1093vnx44gkv2fgl0twx4d9e8t5sdgrqztkgf9lue3h0tqr9etu9,2,2,2,0,0.0,0.0,6213.8355795,<3M,0.0,3.0,100.0,0.0
pool1hm7xrx2ghnapcw58wdhj3q56fqs49c7lxqwz9emm4az9xxr5gwq,1,1,0,1,0.0,0.0,4.823411,<3M,0.0,1.0,0.0,0.0
pool1avnvqzg2xzzctvn77zj6v98rfxyflpq6pp6z0amdu90h2vjvhlr,22,22,21,1,0.0,0.0,10095.12627390909,<3M,0.0,0.0,95.45454545454545,0.0
pool1hz2kkcvpd8e264dzc8exzl8ulquc3amettz7qa705zfqyptghxf,10,10,10,0,0.0,0.0,49495.847244699995,<3M,0.0,0.0,100.0,0.0
pool1geay3px8pzv074thkg8p9t25d04nmxfpr3tqmlj3hvxqzsjygp3,29,29,28,1,0.0,0.0,3801.9490639655182,<3M,0.0,0.06896551724137931,96.55172413793103,0.0
pool139ds596tpxew8mhvu77p4mk42ed25d62ah2ucwlwemn6xltj4ws,10,10,9,1,0.0,0.0,946.3605574,<3M,0.0,1.8999999999999997,90.0,0.0
pool1l5a4689wchd3vrdzck70ysdcn5d390um6ge4x4rzx79vzmgwvf0,364,364,6,358,0.0,0.0,130.61081446978025,<3M,0.0,3.5000000000000115,1.6483516483516485,0.0
pool1xlgmew766a2ndakrn4sn63t00sf5z99w4ncd7k75r5thxqyln92,364,364,364,0,0.0,0.0,7967.56076209067,<3M,0.0,1.4999999999999944,100.0,0.0
pool1uc4hd4qe0uf9dl9ajjxxyclvn6cxhhctfmzy82lsppwfq6a9hvd,101,8,8,0,0.0,0.0,837.3384435247525,<3M,0.0,0.0,100.0,0.0
pool1e3ruzmywc69c8m53xr85ljvvr52xez5t0xv32n3sll0wq4m5w8p,13,13,12,1,0.0,0.0,7404.575695153846,<3M,0.0,0.15384615384615385,92.3076923076923,0.0
pool1cdkv8070twtzhpeznc42wql8fre2edkc48watnuf2pmqcp93qjy,364,364,364,0,0.0,0.0,154502.90339246969,<3M,0.0,5.000000000000035,100.0,0.0
pool1c4s5cdph2s43vxzee99lty284shkcmywxs6muwc67prrga6eqe4,19,19,19,0,0.0,0.0,1143.0512358421051,<3M,0.0,2.0000000000000004,100.0,0.0
pool13ygf6ae5d2e0577s2gwg259v7xaaqun9084ppudu6kqt6yqf2sf,5,5,4,1,0.0,0.0,4636.7909456,<3M,0.0,3.536636,80.0,0.0
pool10ps0p6rv7ehcl8tv6n58y0w5trxrct8tpffre8pq63fevw7x9l9,12,12,12,0,0.0,0.0,2168.28445975,<3M,0.0,1.5833333333333335,100.0,0.0
pool1ugjxa4xr3d9dlxsw2x9fj96whs57ar7srfdh8huqc854uy04sd3,57,57,46,11,0.0,0.0,10456.49985685964,<3M,0.0,1.9000000000000004,80.7017543859649,0.0
pool1fvuy9r4ndp432yuh059q4fekh42t4d42qjhgz5qxlr8jctrp5l2,364,364,6,358,0.0,0.0,79.28679405494469,<3M,0.0,1.9999999999999816,1.6483516483516485,0.0
pool18edw9myyszkjuqm2u3v7anszd6vtnrjwhhq3k5r3nhm4crzwp5q,26,26,25,1,0.0,0.0,9454.794255615385,<3M,0.0,0.0,96.15384615384616,0.0
pool1dzg3862e2dl7ah29azwg3murxe409gqu844dx2kcufzcx5vpywc,57,57,46,11,0.0,0.0,12593.92139408772,<3M,0.0,1.9000000000000004,80.7017543859649,0.0
pool16alzznqwyruzqq044jmsg24l67telql87cqeal9wmjldyryp3yu,10,10,9,1,0.0,0.0,145749.9288427,<3M,0.0,2.6,90.0,0.0
pool1kq95y8auvg8s5t7u7vjryewj2wewxrzqmgkpwtw94dryqx0xcwt,63,63,60,3,0.0,0.0,16542.63553209523,<3M,0.0,0.9333333333333339,95.23809523809523,0.0
pool17vxd9znag3zf8u6hs97s24t38elu4f2tehu6tj6rhuvqgrfvkgd,69,69,69,0,0.0,0.0,757.9673595217396,<3M,0.0,100.0,100.0,0.0
pool12zl8dzkz00qjzhfjd2d3838ellvs6na3x84hnafhk4vtzz8nwk6,16,16,16,0,0.0,0.0,1128.653246625,<3M,0.0,3.1,100.0,0.0
pool1qzg0lsft8d6zz5vytz5td3f383ra8f46zsdnsa93dgrg2nf7ckf,364,364,363,1,0.0,0.0,1150.2170011758315,<3M,0.0,1.17307692307691,99.72527472527473,0.0
pool17k2dpgvx8spkdhgf5j7x5u7pqjpvlwa76sugwen8l3xtk7kq3c4,364,364,364,0,0.0,0.0,21916.90581112638,<3M,0.0,0.0631868131868132,100.0,0.0
pool18smcfsj807acqhtqvcwt7naywt7ad5704n5krjexuvtnxlvfxur,71,71,71,0,0.0,0.0,13492.71017490139,<3M,0.0,0.0,100.0,0.0
pool18243r3ncukrk54jrx3mnr2k6lvu30dy7y6uj252cyldhqze7qe3,364,364,364,0,0.0,0.0,643.0250688571364,<3M,0.0,5.000000000000035,100.0,0.0
pool1ykhaur63wqk2wcnun4dx9gzlvcdylk6hzpvku48v2dc7vhsynkq,5,5,4,1,0.0,0.0,5471.6797422,<3M,0.0,0.0,80.0,0.0
pool1xxjcu9djguspkrctjgszvzcagy7pzy8vxqfaqtl5xy9824fz2qg,364,364,273,91,0.0,0.0,775.9291387417582,<3M,0.0,2.999999999999989,75.0,0.0
pool1294lmran5lazve5ddy86av7gmajyrkwzy0v6v0t86w68s6s35jp,2,2,2,0,0.0,0.0,49041.701225,<3M,0.0,50.5,100.0,0.0
pool1p0nwg39ta6ulzz0zcqewnxrzt8f6tevxpc7r8ll46m8tcnah7hg,33,33,33,0,0.0,0.0,68.46747466666656,<3M,0.0,5.000000000000003,100.0,0.0
pool10s8x49tu6wcne63rqv6gmnhwpcg4kg8r4s3ncv6q7uxx76jvlwg,364,364,364,0,0.0,0.0,5499.797257978067,<3M,0.0,0.0,100.0,0.0
pool1udv42vs52wg34268zkfsgtrzuvyskphfavaf3n8tmf4tugm7et0,363,363,11,352,0.0,0.0,993.5191130909119,<3M,0.0,1.00275482093663,3.0303030303030303,0.0
pool1y5fze58uu0cpkmu9zr56kfyzjgff80mjr8g43nsm48ymxeezq8f,24,24,23,1,0.0,0.0,10242.790341083331,<3M,0.0,0.0,95.83333333333334,0.0
pool1rc822z8u0e2pfpt5yl9sy9gkmayz6cmpygrsh96wzc3g765e33d,2,2,1,1,0.0,0.0,115351.48512550001,<3M,0.0,0.5,50.0,0.0
pool1ctfxzwgqakxujmn95dfvprcm0h3dtzjh408apk0cewl0c4r6gg3,363,363,362,1,0.0,0.0,6.300824528925638,<3M,0.0,1.9999999999999816,99.72451790633609,0.0
pool1x7tnlyfna88x5c3gu80jctgpwgt8hqgl6fd7esvy8weawsgnmug,17,17,16,1,0.0,0.0,12458.273660999997,<3M,0.0,1.0,94.11764705882352,0.0
pool1k6regsqwhewthps8lqfm482dfs3hvhsvnwrf3h08vtdw6knr82r,5,5,5,0,0.0,0.0,574.4300518,<3M,0.0,4.6,100.0,0.0
pool1q2s8zv6kmhnqcpwhq0mrc0hvlpaz84j4agw3x0h7mzc628g245l,4,4,3,1,0.0,0.0,2416.03116975,<3M,0.0,1.0,75.0,0.0
pool1gavc60d7mz7vvhsh7grcrc8pmcy0zugrnxh3dklwx0sjsdva6sj,363,363,363,0,0.0,0.0,100.62223234435267,<3M,0.0,5.000000000000034,100.0,0.0
pool18ytpk5m7fun45j9julxq0x06dcwzmfdads3ha5rmp3qqqd5lreq,363,363,363,0,0.0,0.0,19550.738390942148,<3M,0.0,5.000000000000034,100.0,0.0
pool1nyq3fcx438ydyprzfnpg8y8nkekmjqe2gp3mh04e9hv22ljaavj,363,41,41,0,0.0,0.0,347.87932401377725,<3M,0.0,0.0,100.0,0.0
pool1k0fu4fe40gh09kvmlwfsv76n2990mmd6af2qluvr07guqtstmsj,7,7,3,4,0.0,0.0,320.90189314285715,<3M,0.0,3.2857142857142856,42.857142857142854,0.0
pool14acgepf3pp9djz9unwk43j8u2z445xk8d0wx2ffwt8thv4nzna3,2,1,1,0,0.0,0.0,804.280818,<3M,0.0,7.5,100.0,0.0
pool1hmgufw0zuwtf5h4nudugkvu9qgk8zefrz70tv4ng4vhq5frzeuf,363,363,0,363,0.0,0.0,187.76385890633608,<3M,0.0,1.9999999999999816,0.0,0.0
pool1vl46tq6mxq3f5c4m2e2x3jlruutweahnv5adkjy2sskyc3lc4ge,363,363,5,358,0.0,0.0,1719.8364363994501,<3M,0.0,0.25206336088154035,1.3774104683195594,0.0
pool1n3agd6rep8jw3gff684mja56ns6wqmshayu0av7hxcgx7f4pnwy,363,363,363,0,0.0,0.0,5018.312547358167,<3M,0.0,0.0,100.0,0.0
pool128fsdm2v6urr3jvdksguc8wpclj3tp2qzj7cjufq00tcgr6582t,21,21,21,0,0.0,0.0,1000.0,<3M,0.0,3.0000000000000018,100.0,0.0
pool1ygrwdlhn46gehyay2duxp8ynh57drxg0lgf9huymxlpvukdv0k6,363,363,363,0,0.0,0.0,191.07938705509738,<3M,0.0,1.9999999999999816,100.0,0.0
pool18gg869xqpx2vf4u8tnsqeep7txv24yw7tmcd7fv6tqdagznda9p,39,39,38,1,0.0,0.0,8843.51621930769,<3M,0.0,3.4999999999999996,97.43589743589743,0.0
pool17mc7q9cdye7qpw8umd5jpyvs8q5yyeeqj9wmza3nlt02qwccmtn,10,10,9,1,0.0,0.0,2521.6131801,<3M,0.0,3.0900000000000003,90.0,0.0
pool1wfj5phm8m3qfygjla3e2anuw80uv2kzgaxdj7mx74za263pdgld,10,10,10,0,0.0,0.0,400.59372900000005,<3M,0.0,0.9999999999999999,100.0,0.0
pool1ps3quyamsmn5cvp403tgjzgpfwha5u4dr2zc3wtts5kgqc078se,363,363,363,0,0.0,0.0,149.41683801928374,<3M,0.0,0.9999999999999908,100.0,0.0
pool1qyd8yjsnz9hhg6ynnhpqkfwwfc4sxyhq34v2hugl36nnwdy0xne,8,8,7,1,0.0,0.0,3200.5761591250002,<3M,0.0,0.0,87.5,0.0
pool19p6tdq9urs5kcx7a4mhp8ldc3j3t3ea4xlz5nlyesa35cqhheul,28,28,25,3,0.0,0.0,19393.252390642854,<3M,0.0,0.15000000000000008,89.28571428571429,0.0
pool17xtz3a8ppy9prj4e2e5t5ggk6p68ls305x5pyyxdxc2lut0ltm2,363,363,363,0,0.0,0.0,173.88188426721766,<3M,0.0,0.0,100.0,0.0
pool1ghkvvv54d5463ymc44922ld927wtcaxm0e9ej67sh9fp62q6s9e,26,26,23,3,0.0,0.0,578.4767631923079,<3M,0.0,1.692307692307693,88.46153846153845,0.0
pool1687dfgyljnhamx05h6r04zdllv68exatshhd0jny4q56skc0926,363,363,362,1,0.0,0.0,12287.46298769426,<3M,0.0,2.505509641873295,99.72451790633609,0.0
pool1hm44a7vgy9l48ayf3r5klzl3z75we44awpq92feuj8ufyfd5ds6,2,2,1,1,0.0,0.0,27303.8557635,<3M,0.0,2.5,50.0,0.0
pool1z5h4jhmhqrd2ndrhn3w7kr8nvcqwunds53hrs6vpzr882x4n3la,363,363,363,0,0.0,0.0,472.5816074958733,<3M,0.0,3.614325068870535,100.0,0.0
pool1ew3heaxhwgseza42s9pzwk97efqp9q6n6ra9j334uu5zggdzrsm,5,4,0,4,0.0,0.0,70856.64852100001,<3M,0.0,1.4000000000000001,0.0,0.0
pool14llguwz2vrz2pey2s8kavqjz6nfttvwx08ydq4xgg90fcncn80x,1,1,0,1,0.0,0.0,13.512572,<3M,0.0,60.0,0.0,0.0
pool1av7hx29n6gjhql2y0u9rmv3g9dcr86nzgyta2rukgjrajxta32h,10,10,9,1,0.0,0.0,177156.64560769996,<3M,0.0,1.9999999999999998,90.0,0.0
pool1mcfecftpxgrfvhl9gsn46mp4qh8uz42pymwzdfzu8mfej53p6s2,3,3,2,1,0.0,0.0,2949.362263333334,<3M,0.0,2.4000000000000004,66.66666666666666,0.0
pool1pq2quyx6ec3l6w26zl3r6lvxvjc5v6g9vr5ejvyd9tq0un4yd0d,5,5,3,2,0.0,0.0,1331.5830943999997,<3M,0.0,20.8,60.0,0.0
pool17q2uklzjsfk7qy97zssgjkw726huuxktnen8k89nnqlx76vjuyu,1,1,1,0,0.0,0.0,24.444889,<3M,0.0,1.0,100.0,0.0
pool1repwaml372lx5kf3yw7568yhefa4d60r2d07un5gmykyv57ejxq,363,363,362,1,0.0,0.0,728.6331036556496,<3M,0.0,0.0209366391184573,99.72451790633609,0.0
pool1qq886cqxajlp554p3l75tldwutp2lakfzcrppzyhxd687u86864,11,0,0,0,0.0,0.0,37688.566998818176,<3M,0.0,1.4545454545454546,0.0,0.0
pool1czlxfj2dyc2lt2gcrhhxyqhgzcpza845yjr6k262e2vqsysrylu,363,272,272,0,0.0,0.0,2083.357065349852,<3M,0.0,2.999999999999989,100.0,0.0
pool1y3xp350370yqfy6y5kw4q3tze5mjnl8ttnkge829p0fr6665fme,25,25,24,1,0.0,0.0,5113.000461119997,<3M,0.0,0.0,96.0,0.0
pool1hjszxsd493fmr99g2d8evnqlrlurscu00n8jv9mz8qm42f7jvln,363,363,362,1,0.0,0.0,4171.040217220397,<3M,0.0,3.9899999999999776,99.72451790633609,0.0
pool1pq4yrgypkzn4ayt2pavcxd7ss4rdq50lyg2zp77e8xrtxvcsvkr,19,19,19,0,0.0,0.0,1434.6561455263159,<3M,0.0,1.3157894736842104,100.0,0.0
pool1e7ceprqpsqn2ch9a5xt7ykaxd82n4gax486jqjn9vwr0zep8uws,10,10,4,6,0.0,0.0,2431.5103633000003,<3M,0.0,0.9999999999999999,40.0,0.0
pool190gglea2zvf8vch44jnmpkzljyzvk3u84gpaj4l4ypwc2lpf27m,363,363,60,303,0.0,0.0,1042.4605464104782,<3M,0.0,5.305785123966981,16.528925619834713,0.0
pool17m39tt99rq96gv9s4cp7u93auavams3khrdtzfapngxgjs3tj7s,363,363,19,344,0.0,0.0,178.19430960605723,<3M,0.0,0.09090909090909093,5.234159779614325,0.0
pool13ft2syyqvrd0x89hcyskvz3dymqz6xavq646x2gy79lq6lrthrx,363,363,362,1,0.0,0.0,15187.533142534518,<3M,0.0,3.187327823691445,99.72451790633609,0.0
pool13s20ka2n9tj7vsjgxnhdy4w5x2cv2eyhqqjzmc5u8h8mjumu6v4,18,18,18,0,0.0,0.0,608.0242452777777,<3M,0.0,0.0,100.0,0.0
pool1kclfg8ghuzsp7jxkxkq7e90s06nfadyga7yuj0ssqx8vxd3htpg,30,30,29,1,0.0,0.0,40927.09931270001,<3M,0.0,2.000000000000001,96.66666666666667,0.0
pool18fw3qgzt4u094hn8kf82n6jye5y96csamj0f20dja8tnq4ad0hy,363,363,2,361,0.0,0.0,226.60890926997322,<3M,0.0,5.001377410468354,0.5509641873278237,0.0
pool1m2vhhprqwktsxldpgqdw0n88m7gw4fgcux2ttx9jsczxy0tvux4,67,67,67,0,0.0,0.0,6073.441819507469,<3M,0.0,0.0,100.0,0.0
pool16qhf24jz4pdru0gqrh9rwnvv9v05a6fq73g4md6mawavz2fg5v7,363,363,363,0,0.0,0.0,3108.7530010550954,<3M,0.0,2.6999999999999935,100.0,0.0
pool1dr5gdwep6msp6qxe00fycuvx2z854md9slf490fv974nsaqmgxx,1,1,1,0,0.0,0.0,397.673149,<3M,0.0,1.0,100.0,0.0
pool1ktg9hvae8kluwnr29khma3mxd7ffjj9k5l0yjdqlmazjclv4j3d,363,363,0,363,0.0,0.0,2.6183539999999828,<3M,0.0,7.499999999999954,0.0,0.0
pool1eesa3kdfavq33kd3f3ajwh4mg9sal76fp348en5u37435g4h4ca,363,363,8,355,0.0,0.0,328.43029138567493,<3M,0.0,0.0,2.203856749311295,0.0
pool1w8tqsw0ywvuh29g3jpnap03tudgjcgyyndpxvvc775en7rgq5vt,40,40,40,0,0.0,0.0,777.0631345500008,<3M,0.0,1.5000000000000009,100.0,0.0
pool1jeu6mkn43sc8y0yf5jwtfy6g5yc7lmyt3psm2tlue7pfg8deygg,363,363,151,212,0.0,0.0,9279.53570073823,<3M,0.0,0.10000000000000006,41.59779614325069,0.0
pool1f2ehgwdn0fsq040gefzy8ccfxfjzwwljp3urmufxvw0mvg08598,3,3,3,0,0.0,0.0,2331.536088333333,<3M,0.0,0.0,100.0,0.0
pool1vsczvljrq9q9rcfmr48l2qjt5xvlu3fmvd3s54an6q95k3s2qeh,32,32,16,16,0.0,0.0,8915.443496593749,<3M,0.0,2.0406250000000012,50.0,0.0
pool1vyk3x4j2lfrj4y8t282xmwep936rh8gv2vqrkxghm2h67l2upjq,363,363,320,43,0.0,0.0,3256.559293325047,<3M,0.0,5.220385674931167,88.1542699724518,0.0
pool1sqvctpchgaydqt9whf5jz3vf4vpesdq5t8hw2rxsdx3nymx27uc,52,52,52,0,0.0,0.0,2167.2558489807666,<3M,0.0,2.1346153846153855,100.0,0.0
pool1ml2d55qeljt26cmnrplqfjt92twmvp98p2zhsq8pgvtnzmkdj4s,14,14,14,0,0.0,0.0,96.15403099999999,<3M,0.0,1.9999999999999998,100.0,0.0
pool1r05v7jh4q99qy7vrh2xa3knpjk35kz8pmj2kacf2hy5mke6vjcj,48,48,47,1,0.0,0.0,11972.609744833337,<3M,0.0,6.083333333333335,97.91666666666666,0.0
pool17qw99lv9euu3xya8czf334ef9mwelzpg6frqmj0s2qw6y8prwlr,33,33,33,0,0.0,0.0,19859.6289039697,<3M,0.0,1.0000000000000004,100.0,0.0
pool1xmdfuag7sfyve7vwsppd635wxaysqx6zh6nulmhta7e6jjptj0j,13,13,13,0,0.0,0.0,3909.9647286923064,<3M,0.0,0.0,100.0,0.0
pool1636t6h2r6p9qduf2n94f95kvj5zyh37gwhkvrrddvrz7299amvm,6,6,6,0,0.0,0.0,397.300215,<3M,0.0,1.0,100.0,0.0
pool1dljuzqgx0j2za7s8qslpmggufn6ng5v2hsmyqm65mj2dgdm0wv8,17,17,14,3,0.0,0.0,208.24408058823525,<3M,0.0,100.0,82.35294117647058,0.0
pool18fldcktken22hfd3tyx8qwes46lv6jhv43jhns8gg24k2rta4al,362,362,362,0,0.0,0.0,2873.257590754144,<3M,0.0,0.9999999999999908,100.0,0.0
pool1zuludewz5qrvz7w6uky4c8mgc82e3khx8f8wct6wy4vckhfjkt8,14,14,12,2,0.0,0.0,11453.654343285714,<3M,0.0,1.0,85.71428571428571,0.0
pool130dfxy05jqejrkfm5tnk7d884ytspfdxgzj8lw6gkav2ss9ljjd,4,4,1,3,0.0,0.0,288.77783175,<3M,0.0,1.15,25.0,0.0
pool1j7jm6u26pcm8sk5xl7ek0a9w983d673q4h374w589m9av30tp8p,27,0,0,0,0.0,0.0,216.5156261481481,<3M,0.0,14.999999999999996,0.0,0.0
pool12g8krdmrtuch7zy7fjx3ggtaysa70dkgqv5taz948ay4jtty4x3,9,9,9,0,0.0,0.0,554.5615188888889,<3M,0.0,6.11111111111111,100.0,0.0
pool1g33q2cu468kzekcu65th5rv9t8ftsy3u4wfyn3rzdqsc5g7002p,3,3,2,1,0.0,0.0,10521.923833666666,<3M,0.0,0.0,66.66666666666666,0.0
pool1gpz97nhqges80ggnefeshg3n4grprrltdvzqr8sz5fvxg3lekqh,362,38,38,0,0.0,0.0,8337.892334643597,<3M,0.0,0.10000000000000006,100.0,0.0
pool1mj4ktq8v035az2904ttx59kxa6xkhcv6akd2k04qey69yu6hspq,15,15,14,1,0.0,0.0,8040.8156402,<3M,0.0,1.6000000000000008,93.33333333333333,0.0
pool1mnw5ulc8uwy64hgjgav8daamuqjw7wv0ppt3e0fu8x8pvjnpyfp,3,2,1,1,0.0,0.0,28994.475494666665,<3M,0.0,1.1,50.0,0.0
pool1jhha6ga8v3lkewvvc46gnfj6dg262gywdzvtnaj8axr52rcju02,16,16,16,0,0.0,0.0,1153.1121846249998,<3M,0.0,0.0,100.0,0.0
pool18v6rlcg506atlkkhy8sdgtnm5efzjjjshk9axyvp8fa35txspr8,362,362,362,0,0.0,0.0,101.22858681215496,<3M,0.0,7.499999999999954,100.0,0.0
pool189vlsjvat36ayfwm5kwq7j89v8mkyzkepe8tqku0vmnpq8wqcg0,20,20,19,1,0.0,0.0,96669.16869845,<3M,0.0,2.5000000000000004,95.0,0.0
pool1fmrd4ds793ja4c5muy7hwj6q7kssuhtx22em4udmvx6957z9m0u,362,362,362,0,0.0,0.0,3380.083329806632,<3M,0.0,0.03314917127071823,100.0,0.0
pool1qngadlcclnkqgdwd4l3vp5gmgdc7cpkfek76q7rzscqqk5ak9y8,362,362,46,316,0.0,0.0,5752.5198700884375,<3M,0.0,2.9999999999999893,12.70718232044199,0.0
pool1fkp87gzks7duu6ncjclpl6aysfwcphy2q9pakvt9jvdfygqp75t,14,14,13,1,0.0,0.0,8146.686482142856,<3M,0.0,4.642857142857144,92.85714285714286,0.0
pool1unwt07wm6ln4ymlhmgg3u58n4mu6x0unhltcewtuchfp6n6frxc,42,42,42,0,0.0,0.0,10007.436252095235,<3M,0.0,4.000000000000002,100.0,0.0
pool19gn0qwekjqurwa7hk0d4uk78plesxdxjmjfmupnuqfwlqauhrn5,42,42,42,0,0.0,0.0,10007.436252095235,<3M,0.0,4.000000000000002,100.0,0.0
pool1uhjfk06s802slyc7jtpg50gkucysreaa0use2c40jp05ksq3y0c,3,3,3,0,0.0,0.0,8495.921521,<3M,0.0,0.5,100.0,0.0
pool12ugg9qr63jpk85cex2gfyns87dnwt2eavpqs0enx8mqnqdjgyrt,42,42,42,0,0.0,0.0,10007.436252095235,<3M,0.0,4.000000000000002,100.0,0.0
pool1fjxud865hvsg3us4t5ndv6jhjcssj5rg2eq783664wpn720deqr,362,34,11,23,0.0,0.0,2951.4943764226605,<3M,0.0,1.9154696132596767,32.35294117647059,0.0
pool1jh2a2hqz65wdd6d7vmhxyt22ua0m2slugq322yz3qcsvscmqdz2,53,53,53,0,0.0,0.0,6719.479776641512,<3M,0.0,0.7169811320754721,100.0,0.0
pool1xuhzpgl9fz9yp62ydktgvpnht3225jhrf5lc3eehszjywynznaj,10,10,9,1,0.0,0.0,1930.9851788999997,<3M,0.0,0.9999999999999999,90.0,0.0
pool14vtv7kae9z8rqaevzp6d3v0fsj6qch5agjy8w2v0tl6wyt9a7jx,14,14,13,1,0.0,0.0,13584.540121357142,<3M,0.0,1.7999999999999996,92.85714285714286,0.0
pool1rqenf2mp6kh3l77m8v6sa9ws4lqf9yqp8scvgkq6yz0lujad9fh,66,66,65,1,0.0,0.0,13012.50751433333,<3M,0.0,1.437424242424244,98.48484848484848,0.0
pool13gyxktxqh8umjn3dh2uk9nucacnegl0ppcsfg236hkfhcg8asxf,362,362,1,361,0.0,0.0,454.6138922790064,<3M,0.0,14.999999999999908,0.2762430939226519,0.0
pool1r9jgukntgux66e62d74w76flwra3gudxps3r4kl9lufaya4zxdu,1,1,1,0,0.0,0.0,507.395295,<3M,0.0,15.0,100.0,0.0
pool10u90lv7ayyfdulnt004h2wg42yff22c8vjlnqjxv7pytypuaykv,362,362,0,362,0.0,0.0,12091.941350682217,<3M,0.0,2.500000000000017,0.0,0.0
pool1g4vd8mz6qth4azgq4n4qnrk8j585ua8eqex6hk7aqfsd53cvx6u,20,20,11,9,0.0,0.0,1307.8003995000004,<3M,0.0,0.9000000000000001,55.00000000000001,0.0
pool1tqz6wll8zp3rz02jz8mls6mnw4pa9kwktu95769p66cesh8xmqp,12,12,0,12,0.0,0.0,16315.972426583334,<3M,0.0,0.49999999999999994,0.0,0.0
pool1p2hrds5ldc3ns0fa4jmapaxe9s6q9l0j8c672hkdtfzlq5xrhtr,4,4,4,0,0.0,0.0,1031.18718175,<3M,0.0,0.0,100.0,0.0
pool1rtnavh3mve5598clw7evs7yu9zkz8t4v5ayzdvvg4rm0wamxl69,3,3,1,2,0.0,0.0,3401.595954666667,<3M,0.0,0.33333333333333337,33.33333333333333,0.0
pool1lny2fx0ywywfkg7lzxul8gu4snl50wculalmwe8k7hkec29zlh6,23,23,23,0,0.0,0.0,4736.07463152174,<3M,0.0,1.0000000000000004,100.0,0.0
pool1w7y659w3ya4x4rd9ljp6rmcx70yj2t0s0nk97d6zgmymq0a2k7w,362,362,36,326,0.0,0.0,185.398801160221,<3M,0.0,0.0055248618784530384,9.94475138121547,0.0
pool1fwjegvxx8yg2gkhtfufzcpjf8aeyz2cgag8ee8d4570j2l3jxtz,9,9,9,0,0.0,0.0,4420.2396893333325,<3M,0.0,1.0,100.0,0.0
pool1c465ftax734tzx0kr36nudtmjy66zzwqgmct7ktpff46u8hrl0e,362,362,362,0,0.0,0.0,2915.648494132586,<3M,0.0,0.10000000000000006,100.0,0.0
pool1k0nj2ry97x2t4hh3cmj887s4cux8gywgc6gp3s6mq9lp6m2e9w6,2,2,0,2,0.0,0.0,75.441633,<3M,0.0,15.0,0.0,0.0
pool1djq5whlgkv44ml0rque95t93zh0zdfrxqd7sa3mtkjvmx5nf3xs,78,78,77,1,0.0,0.0,22469.904770423076,<3M,0.0,1.0000000000000004,98.71794871794873,0.0
pool1gvr5c6ctkvk7qkgsqd6nu6d9etmt70n0kph4lmv0kq0hsmhqcd4,33,33,32,1,0.0,0.0,1011.6789525151515,<3M,0.0,1.0000000000000004,96.96969696969697,0.0
pool17atl74yay7s926mehpnk4yz4s0d2jlwf5w5cl6yhsgh4k03xlt8,20,20,19,1,0.0,0.0,110135.50767995002,<3M,0.0,2.5000000000000004,95.0,0.0
pool1j9fa2lrwgdp84ca2je90jf5u3r097cmwds7pzferqauk57lthmu,1,1,0,1,0.0,0.0,0.0,<3M,0.0,4.0,0.0,0.0
pool1jqnja8k6400l2q5twjtqn650ms6erzz5hxxdpahk5ne2s5v0ajz,1,1,0,1,0.0,0.0,0.0,<3M,0.0,4.0,0.0,0.0
pool1a23v7jcg9dfl66mz4ftw42xc2gzufwrdxqxzltcesue4jn0pd5r,33,33,18,15,0.0,0.0,1600.4970210000001,<3M,0.0,4.242424242424242,54.54545454545454,0.0
pool169ys5c50sk66ayy99jtjfmj0a367wkv3hm9c5d0qg7w2u7ya5zz,221,221,220,1,0.0,0.0,5303.326435724001,<3M,0.0,3.000000000000005,99.5475113122172,0.0
pool1w587qdfjkuhl930hcct3dcmajxrjt420yp7drnd4fzp22fk9nlu,14,14,12,2,0.0,0.0,5237.523775714287,<3M,0.0,1.9999999999999998,85.71428571428571,0.0
pool1qsykq4vpky4mjmgltjg9wzjgrfag9renr6579d0gyvg6jh5erye,21,21,20,1,0.0,0.0,5370.5246827142855,<3M,0.0,1.952380952380953,95.23809523809523,0.0
pool1ap4k28jflxcyekms0rjp39ruuydrvwrek2ca267w8mwyvknpx87,362,362,362,0,0.0,0.0,126564.68561151951,<3M,0.0,1.4999999999999947,100.0,0.0
pool1aqslsnawz622pd8367tgsu2atfm3lgk9xcdw5rh3c6rgzca33yq,362,362,11,351,0.0,0.0,519.660638088397,<3M,0.0,0.9999999999999908,3.0386740331491713,0.0
pool19c39hucr2p6ra4v6c5qwqt4zgc6ugchu7cs4yal7ndetsnrmzju,362,362,362,0,0.0,0.0,3535.6065026353594,<3M,0.0,0.0,100.0,0.0
pool19ccud9eawdghzqg8425g8upxqws9r64f35f3cvv3vpxdcl879cn,362,362,59,303,0.0,0.0,1155.4025551988962,<3M,0.0,5.000000000000034,16.298342541436465,0.0
pool1dfvvgd0ap3rgz5pa0xaelc5343ycq6h4dqaus2gqpf8dqulfre0,18,0,0,0,0.0,0.0,95690.55772283333,<3M,0.0,1.166666666666667,0.0,0.0
pool1xjqn3ghstsmq5urntzvrhvkx7zjt5jugt3ssnh4munaxkk8ykm6,83,0,0,0,0.0,0.0,1394.7540860361432,<3M,0.0,2.000000000000001,0.0,0.0
pool1hdk2awe7895dd2nzrfqjasckjflwtly6qpmvx4yttpex7ny236e,11,11,10,1,0.0,0.0,2881.6897565454547,<3M,0.0,2.8181818181818183,90.9090909090909,0.0
pool1y6ugevta6s654889jsckyj5elm9mqjwgv9xlaqew8z4dqpjnka2,6,6,6,0,0.0,0.0,1047.4222509999997,<3M,0.0,4.333333333333334,100.0,0.0
pool1msfz0v3yrzl3k5njsm92uw59cfs5uepajs4a62rxfm5xke9d2zr,362,362,362,0,0.0,0.0,1047.231704323202,<3M,0.0,0.9999999999999908,100.0,0.0
pool18fwhlhyx6h2822gujjjnjntn2hsy5lr0exvcf526t3wdkxhryj0,12,12,12,0,0.0,0.0,502.0924192500001,<3M,0.0,1.8999999999999997,100.0,0.0
pool1tr33ynaapce33pjc5ctvj7fju596gppsmqwna4smx0f2khnetjf,362,362,175,187,0.0,0.0,215.7373453591168,<3M,0.0,1.3798342541436435,48.34254143646409,0.0
pool1kwc5wf94ly3jalgp43svkpsaqvf439qx5np3ty4q08vz7syv6kp,88,88,88,0,0.0,0.0,4044.538889806822,<3M,0.0,0.9545454545454551,100.0,0.0
pool169t8r0420lfrgr47c46kym3na4r2vqvla5wtahl7z9akgwr8eqf,70,70,3,67,0.0,0.0,9028.464830971427,<3M,0.0,5.2428571428571225,4.285714285714286,0.0
pool1kr4aj4vht2eqn2mg7tzzasykejayhq0g4t3ssn349u4dgcwklfk,13,13,12,1,0.0,0.0,49821.8508313846,<3M,0.0,16.999999999999996,92.3076923076923,0.0
pool1spqkpaezku3knl9ug7txrlyzr8kkvdr0h75yyz262cx6gls6zlm,361,361,7,354,0.0,0.0,275.96383135180076,<3M,0.0,0.011080332409972301,1.9390581717451523,0.0
pool18lwlvq4j8yxgrsuvyqntmyq7wyeql5t9nhmtg0cx0uqa6n5hplm,361,361,361,0,0.0,0.0,57.42579299999987,<3M,0.0,1.4999999999999947,100.0,0.0
pool1wshr3unahrahj2sl0sqns90hczaudun4a7jzdfkhwlkg2jjhymm,17,17,17,0,0.0,0.0,2673.3105024705887,<3M,0.0,1.0,100.0,0.0
pool18zhvqynxvgha0zng8pess5vdcsk056st8h6h9ufzqq0ucj0ssar,2,2,1,1,0.0,0.0,69724.587313,<3M,0.0,8.75,50.0,0.0
pool1d25d0c06al8geglarw7yd4nqh65nws82d7v04yrv2eec7rwcjlk,361,361,361,0,0.0,0.0,521.9920871357322,<3M,0.0,0.9999999999999908,100.0,0.0
pool19d5anp46tkzvf8xmqmxrtedr6lvw55snk65zfep2srsd2qe2wcc,361,361,7,354,0.0,0.0,3365.838617620504,<3M,0.0,0.0,1.9390581717451523,0.0
pool16r36znhvh3h2lk55vu89hsx3ug94sx2etqv9s2006d8awufhaz7,361,361,361,0,0.0,0.0,162.69497433241213,<3M,0.0,0.0,100.0,0.0
pool1t2e4v7ajh38qhjswqaavjqfsevyllhda24t2s2u6vhsavyhhqaf,361,361,361,0,0.0,0.0,137.01080696675947,<3M,0.0,2.9999999999999893,100.0,0.0
pool16qsddpnjv5msjp62lxam4erurckks98t2e6k7tuqw5e4u5xcmc5,361,361,12,349,0.0,0.0,64.42365491412741,<3M,0.0,0.9999999999999908,3.32409972299169,0.0
pool1r540vt5pd9w57efs546smlqsczvjg9vsnslqkdh5ygmxjtsdqdv,13,13,13,0,0.0,0.0,1100.4179542307693,<3M,0.0,1.3,100.0,0.0
pool1azcwvjq206pst8npl389rmea88nrarf7y3ksytr60uk76swpyql,1,1,1,0,0.0,0.0,10020.800538,<3M,0.0,5.0,100.0,0.0
pool1yd67ecxptd70flavhu9m4x9pj460fpy3pttlcfs5wvjlwzs79vw,361,361,0,361,0.0,0.0,145.0087777867044,<3M,0.0,2.0360110803323908,0.0,0.0
pool1valllhvjve4utph0zj8rchaz339z72qsagaztm88jvqx27gd62y,4,4,3,1,0.0,0.0,92.130953,<3M,0.0,7.5,75.0,0.0
pool12plmfgtqk4nj0wse5wnr49xth22fjacxm0gxg3wc88ewzztpwf5,361,361,28,333,0.0,0.0,1801.3673912991644,<3M,0.0,1.989999999999987,7.756232686980609,0.0
pool1dzp3lpf0f55ez4lsjy0tw36xkydchnr9cplnhfl2zd53qwdhq7q,34,34,34,0,0.0,0.0,3848.8524924117633,<3M,0.0,0.5000000000000002,100.0,0.0
pool13swkukm53su9nkwah6mduyxyqk00vh9g85hum8hmmkvekc6ygjh,18,18,18,0,0.0,0.0,2304.20718,<3M,0.0,1.5000000000000007,100.0,0.0
pool1ga8rg7snafqj5t24zf4xr8cz7tl576ett05qf93qhcamgmkqmj3,361,361,361,0,0.0,0.0,907.1435320941788,<3M,0.0,0.4999999999999954,100.0,0.0
pool1wwwlgtv5qkrudy908e7jh62s3d6ggpfnd4a2jh06p9e0cyc70q6,14,14,12,2,0.0,0.0,6570.4033635,<3M,0.0,0.8999999999999998,85.71428571428571,0.0
pool1lwp52dj9762g7uk2jk3czwywxqaa4753v7x2v56qr5l2znkky4h,361,361,361,0,0.0,0.0,1000.7166333573408,<3M,0.0,1.9999999999999816,100.0,0.0
pool1fsy89gvuf5pv6y884a7sms5awmv9p2547nmkdgek5xd2s2ncz3f,8,8,7,1,0.0,0.0,6513.086152125001,<3M,0.0,1.0,87.5,0.0
pool1vgp4geg4q39pdssw8dt6m9cctez3282yva9yl2dde47q7ny4ugd,82,82,82,0,0.0,0.0,296.19700570731686,<3M,0.0,2.1829268292682937,100.0,0.0
pool1uwk6cyr2qtpf2gsmvuxjaq7a604pfl7cv2057jamkxtagpxuuxa,1,1,0,1,0.0,0.0,2.835482,<3M,0.0,5.0,0.0,0.0
pool10jc6vdgc8c2r6xur02a04rezrptqnryz4f2avpx0j825y0pnl09,172,172,172,0,0.0,0.0,8535.74886963952,<3M,0.0,1.0000000000000007,100.0,0.0
pool1gmwp956mrfn5hcs7rp7nasa7xpwmx84kkkclyx48xwuh5dltmpj,361,361,15,346,0.0,0.0,1304.6265558088578,<3M,0.0,0.07756232686980613,4.1551246537396125,0.0
pool1s2x7jf4ldjvp9jg3zfre33jk36w4q0nm0ccagynkswpu7vt20hy,2,2,0,2,0.0,0.0,54.264373,<3M,0.0,1.5,0.0,0.0
pool1hawwpuzc6yzr8sywcql7knurnhkvkr5wtjwccdpvhjexzh9s5d5,15,15,10,5,0.0,0.0,73186.95773699998,<3M,0.0,3.0000000000000013,66.66666666666666,0.0
pool1jajk60l7cxswawl3359d92n8e86fgzcre4skwhjynhj42srxvvy,3,3,3,0,0.0,0.0,1045.6200063333333,<3M,0.0,1.0,100.0,0.0
pool1pcufq7q37d0mn9ks98wr862rkmppm98am4cv5avv5u25gl4ll45,31,31,4,27,0.0,0.0,1887.7274816129036,<3M,0.0,1.0000000000000004,12.903225806451612,0.0
pool1l7280wqes4sqeyt4jer5wadyhhu656najdw74cqhlzg9y9qf4dk,119,119,119,0,0.0,0.0,1.7575386134453799,<3M,0.0,7.5000000000000036,100.0,0.0
pool1wsr9ehtfvc4cs3rzfv65jjv7w7pe3xngw58mtt0ex4jck5frw79,361,361,27,334,0.0,0.0,527.1103833573382,<3M,0.0,1.0027700831024837,7.479224376731302,0.0
pool16rq0nmr3pr202a7dcf9507gy5u3sh9j6dw8jjwp3dg4qc6cqj0f,361,361,26,335,0.0,0.0,352.68403625207765,<3M,0.0,2.0221606648199257,7.202216066481995,0.0
pool1x0zhj6mavt2atvf4yenz6ql3m98pda8l6gmrscfhu9lvzy46y5k,206,206,205,1,0.0,0.0,5641.816033300964,<3M,0.0,0.0,99.51456310679612,0.0
pool1j6tg3rvq9kkmdj5jh73c6fjgkst9gfsnhpwdn49h8s47syr5qlt,2,2,1,1,0.0,0.0,1905.8175615,<3M,0.0,2.0,50.0,0.0
pool19u3glj3t9c0nsyzgrd6zdhnj0ed5dk67wmv3fs6nc0702xzh94y,352,352,352,0,0.0,0.0,1090.5491873068268,<3M,0.0,0.9999999999999911,100.0,0.0
pool1wtt9eldlfajy3d9edn4mwapmq0znt9r7wz3pkyyud4jlxy7mp83,16,16,16,0,0.0,0.0,8166.423484625,<3M,0.0,0.0,100.0,0.0
pool1yejejmyj9f6zj2v9ca2pjd7ue0ka8ps9amjh3c3tm2mm2w0wey8,8,8,8,0,0.0,0.0,50.904737874999995,<3M,0.0,2.0,100.0,0.0
pool1adjdejjup6a8qslx92p3nyup9el98kqcw8j24jcun82fkkdjr8c,6,6,6,0,0.0,0.0,5349.394315500001,<3M,0.0,1.0,100.0,0.0
pool1q6ydlweuzytf4wxdnr9h7qxalu7v3kg4c2t6m7uysn0r67jqx62,361,361,21,340,0.0,0.0,1806.0060141607014,<3M,0.0,0.016620498614958446,5.8171745152354575,0.0
pool132tyjuruq8lajz9gpg5fh4h0nyqu8rz0t6ja3vnufgm3yqrdv6d,35,35,35,0,0.0,0.0,6175.5731404857115,<3M,0.0,2.000000000000001,100.0,0.0
pool1n2xsp494r7dz6rdf5zm9vq6u2fdqeg8ugfp6d02xansmqt7z7c7,55,55,55,0,0.0,0.0,5098.586168636371,<3M,0.0,2.000000000000001,100.0,0.0
pool1jpsuu8gchpv0zx4vvf49es2da4u0qnth3pvx6w6us469k62qw47,31,31,31,0,0.0,0.0,767.683970387097,<3M,0.0,2.000000000000001,100.0,0.0
pool1hkaezle6ycgla04ppr8mwarmcackjrql3wwhvama6xyaxxsmczz,11,11,11,0,0.0,0.0,2306.858192636364,<3M,0.0,2.2272727272727275,100.0,0.0
pool17vmnsj2w5nn6r0rqc4ucr655dryqh2p7cj5jrmtd99wt5ldhjth,52,51,49,2,0.0,0.0,37408.402379307656,<3M,0.0,0.5305769230769231,96.07843137254902,0.0
pool1wkchq6y4kqtgy932lwf2s86e7wwhkz4gdkcp8v5n33x6q2fn7wc,17,17,17,0,0.0,0.0,318.87480411764693,<3M,0.0,1.0,100.0,0.0
pool15cfc4kvvvyeqm72dfskh99vg4qewqx9xyjneczjcr6jsy88a7fn,16,16,16,0,0.0,0.0,35.1019026875,<3M,0.0,3.0000000000000013,100.0,0.0
pool14pgflx8fvx94yrfz429w37m4n44kpnzldnfwwrjvs4cz24q22nl,11,11,10,1,0.0,0.0,50576.096506363625,<3M,0.0,0.9999999999999999,90.9090909090909,0.0
pool1kqrsr700m267q9tz4pw4rjeg69nkahk5wuy3kkw479y56fqfy9t,361,33,31,2,0.0,0.0,213.8693799252074,<3M,0.0,1.4999999999999947,93.93939393939394,0.0
pool1ujpy2536jz3x9gje5d5vuadzcpadl7pwrcsgq4laestu7mrs9hp,361,361,359,2,0.0,0.0,446.7468465789463,<3M,0.0,5.000000000000034,99.44598337950139,0.0
pool1tsswpj4neg409s3lj9aaa0j0an3zmqhdc6umlgne9w2k6qt2vv6,17,17,17,0,0.0,0.0,1042.415444235294,<3M,0.0,1.0,100.0,0.0
pool182un8pvu5u907z4p3zz5kedrwxxytjt06rr085r84fdwuucu53g,44,44,44,0,0.0,0.0,1786.416303613638,<3M,0.0,1.2045454545454555,100.0,0.0
pool1h4kgy087fvprx2gvfpuex92cj2xds5ulwpct25td903qj6sz38h,1,1,0,1,0.0,0.0,1.818615,<3M,0.0,5.0,0.0,0.0
pool1mgpcx225587y9uf2zcwrputd3kj70jfpf654ca86dehuw5qk5pf,360,360,280,80,0.0,0.0,71942.80357650509,<3M,0.0,2.995583333333309,77.77777777777779,0.0
pool1npx8wwtj8knlavx6h7spcj7sk6n6dd5qa0npk9fcdefd542y9vx,360,360,360,0,0.0,0.0,150.6109619999993,<3M,0.0,0.9999999999999908,100.0,0.0
pool1nzmkgkksk0nccq3nhe7ysaq7stm4mc3x2llkpesfvpa32v5et7s,10,10,10,0,0.0,0.0,277.2292292000001,<3M,0.0,5.0,100.0,0.0
pool1yv8lps0rx4xxppwpm0vea852wwu6lg78xh3qfss7dmftq2gqy3r,360,360,360,0,0.0,0.0,4387.0038864166745,<3M,0.0,0.5500000000000018,100.0,0.0
pool1yqkfu8vtlacq48vncen5h4cr5er2q6n0j0w9vmjs0yy86zmud80,9,9,9,0,0.0,0.0,32121.278787111114,<3M,0.0,0.0,100.0,0.0
pool17v4te44hk9p80028ads7znxatmxenj3jverwlg2qq2f3wwr5exs,32,32,31,1,0.0,0.0,8647.621358031249,<3M,0.0,2.4687500000000013,96.875,0.0
pool1hzrq7kk6qrjap8jtgfexvfdzpsn2kjgfd8275xmwap5mxxuhkv8,15,15,14,1,0.0,0.0,1392.838508666666,<3M,0.0,3.0000000000000013,93.33333333333333,0.0
pool1c0x4nzehdf7yyvqdn5z558ydrwf0f0wpeeduj5ujgcrx66xyvkl,33,33,30,3,0.0,0.0,1200.0180900000005,<3M,0.0,2.000000000000001,90.9090909090909,0.0
pool1tegyxvyvya2lsqd7w2nna3h63ffdq85l0v8tg44yeak77du8zxd,360,360,360,0,0.0,0.0,1161.3784461416697,<3M,0.0,0.9999999999999908,100.0,0.0
pool192xshj2cu50qfy2pm5cck8lnm9lxv2tjquznqjdkkzw6y5hnzl6,360,360,360,0,0.0,0.0,11739.151238877717,<3M,0.0,0.0,100.0,0.0
pool100wj94uzf54vup2hdzk0afng4dhjaqggt7j434mtgm8v2gfvfgp,360,360,0,360,0.0,0.0,188.09048585833347,<3M,0.0,0.011111111111111112,0.0,0.0
pool12mvua605f7w2gs90d580ywzyyf96je0y5q6zwcz2l76tcdqa8y9,360,360,360,0,0.0,0.0,507.42332900000207,<3M,0.0,0.4999999999999954,100.0,0.0
pool1n5lqfxsq3uv6k63ac3lg3tmr4u9rcyhjtdewramyzngtkskmc4u,4,4,3,1,0.0,0.0,7912.724625249999,<3M,0.0,2.7499999999999996,75.0,0.0
pool1zf8v8tllw086v84xt0cssuxg94zv8lkxm9cxwhhatzepy6yyr2l,27,27,25,2,0.0,0.0,2645.831145296297,<3M,0.0,0.0,92.5925925925926,0.0
pool1749t2act40esvfj0w0g0ear7l3hrnjfc8l5rl8eznuh8vunjl86,360,360,360,0,0.0,0.0,30184.551147797178,<3M,0.0,0.9999999999999908,100.0,0.0
pool1rhew9hdp6wpudh22k7gyjtv98r872hca064n8ug8lk3j65ae59a,360,360,357,3,0.0,0.0,3205.273390866646,<3M,0.0,0.10277777777777783,99.16666666666667,0.0
pool1dt6tlsumrzg4e9wxquft89cj39pjeluuy6m4tvzgw530c3na2yx,6,6,6,0,0.0,0.0,6653.279290499999,<3M,0.0,2.0,100.0,0.0
pool1t490d5nsl9v354mrppk4j8hla4n60gxjn206jfaxh4jts93tqpp,30,3,3,0,0.0,0.0,486.12953276666667,<3M,0.0,1.0000000000000004,100.0,0.0
pool1jsl5h2tn0m7l4wfjnj3x8uxh9n75g2j7dqpzynfem24dydyxk4a,12,12,11,1,0.0,0.0,60571.36830783333,<3M,0.0,0.9999999999999999,91.66666666666666,0.0
pool1zpsk3ql6qgzkgqncrlzulf9dype3km52rcdnajn5ttddwhhc3vj,360,360,360,0,0.0,0.0,7167.835115047226,<3M,0.0,1.9999999999999816,100.0,0.0
pool1vkaqy5340z5ka59urgfg869zlv8h3t2t4pww7yeunr6eyfda5qt,58,58,57,1,0.0,0.0,6238.282347413787,<3M,0.0,4.9999999999999964,98.27586206896551,0.0
pool1rvjkasumw8hcdvf6rnjt4ll9g4hemdly8nl9jd7glk9fqxg4zpq,3,3,2,1,0.0,0.0,1366.3495366666666,<3M,0.0,0.6666666666666667,66.66666666666666,0.0
pool1fjgj68ppdw64ydaxntjwhh6gtqretwkm0l8zty72shxxc4dx0ws,16,16,13,3,0.0,0.0,69125.34912831247,<3M,0.0,15.375000000000002,81.25,0.0
pool1x5u26cp5d7qn3c4etatjq93cweur4advad3yetky9z33wfw4j4a,1,1,1,0,0.0,0.0,1.255936,<3M,0.0,1.0,100.0,0.0
pool16lx46j2ssrqn4xmke6ssvu52tev7ptlqtcpz7upnx30k6wnw4kf,11,11,10,1,0.0,0.0,24217.08497081818,<3M,0.0,1.9999999999999998,90.9090909090909,0.0
pool1z8z759nqgd2lu5yzw2pxhkaq9tq3s43t2t4kk3umme6cc50zj3d,70,70,68,2,0.0,0.0,5423.489675242856,<3M,0.0,3.7228571428571304,97.14285714285714,0.0
pool1u3despkvw4sqeq2fv9ufrh5dxacf8vm0aax00elkdeelymg7f38,360,360,360,0,0.0,0.0,26906.422919088975,<3M,0.0,0.9999999999999908,100.0,0.0
pool1xrkthhxn3zpfdswxr7yr3qrgl545j4xzjjyt2zmyvkagc8lrgzz,12,12,8,4,0.0,0.0,1651.8074621666665,<3M,0.0,10.000000000000002,66.66666666666666,0.0
pool16wz7g5qp6y5m0qp3c28543rpzqsaw6w9kcxlhy5zslnwq4qglcw,217,217,217,0,0.0,0.0,11168.133260069148,<3M,0.0,0.0,100.0,0.0
pool1fsvrmfnrkxycvt20657v0m22mwkx0fcqm3xds70uz3xag64va5h,8,8,1,7,0.0,0.0,132.495791875,<3M,0.0,1.0,12.5,0.0
pool1uvgvyjygjnv20y9uwrlt8sfp7jzjc96predwmtklac9c6m9yq0v,75,75,74,1,0.0,0.0,1972.5330762666697,<3M,0.0,2.000000000000001,98.66666666666667,0.0
pool1pvds9vfh5fx2c57pfsx9r46p4spwsk59mfx5legjezavs59d2vn,6,6,5,1,0.0,0.0,9849.282882499998,<3M,0.0,2.5000000000000004,83.33333333333334,0.0
pool1m7nt2fdv50gr67fn4feezdtnypzpfdx2vcd6v9qdjr59zvw9pvs,4,4,2,2,0.0,0.0,7157.45486125,<3M,0.0,6.0,50.0,0.0
pool1x5z25kz7cdsyc5huxj4n2rct4dfnsp4kmh84xg9twwa5gel2qjf,11,11,10,1,0.0,0.0,131003.72288554545,<3M,0.0,1.5000000000000002,90.9090909090909,0.0
pool12f68ksfmsthe4r9xx2up9x4zx43tstu3psmjvk57papsv8vu9re,360,360,360,0,0.0,0.0,1601.0610546500093,<3M,0.0,0.0,100.0,0.0
pool1v7a90r0kxygtj8ky2ptneum4jmq6lu8j3tq7nqjtseqy25k9lxs,2,2,1,1,0.0,0.0,275.028796,<3M,0.0,5.25,50.0,0.0
pool16k4j05txqlhj7j0wdkwgmzafasham6d37z4jcn9qqfns6a2tjhx,44,44,44,0,0.0,0.0,108.41600661363647,<3M,0.0,1.0000000000000004,100.0,0.0
pool1vud2wdr9536g58kq3ltztshas8zy4e3de6wtkqdasjn3vt46q6v,6,6,6,0,0.0,0.0,2.933116666666667,<3M,0.0,3.75,100.0,0.0
pool1x93vyx5y06vxj3c6ufah786jvqpfrs04hwl23c6h95lc7yhwu5y,115,115,113,2,0.0,0.0,404.15588233043394,<3M,0.0,1.0000000000000007,98.26086956521739,0.0
pool104tua8yedlyr0k9z4t9nj68832kqwl0ns6zyj7kr57ccqn5hxy7,18,18,17,1,0.0,0.0,1135.7998673333339,<3M,0.0,4.000000000000001,94.44444444444444,0.0
pool1znp7z30qfdgwcwel4htqmwapfm2h05ml32ttt8znevtz2vwnqwt,360,360,360,0,0.0,0.0,609.4425652194467,<3M,0.0,2.989999999999976,100.0,0.0
pool1camcu3qj6jl4m6yf2rwqe70p28xapqe8fadt6pxznywfwdqj0gy,2,2,2,0,0.0,0.0,1097.3400944999999,<3M,0.0,5.0,100.0,0.0
pool1z4qt2tr9hvchx4nkerh7e388c7ma5leu3leqnu797vf7yxt55vv,11,11,9,2,0.0,0.0,1468.191946090909,<3M,0.0,0.0,81.81818181818183,0.0
pool1knwd92dnngrypyvj3egguuxtl8g8elxarlvaqsyjewvh7sjla2g,360,360,360,0,0.0,0.0,15995.78666390549,<3M,0.0,0.0,100.0,0.0
pool1g5mr8pq4ewpxl8x5fpvmjhnscdt5mk7vlrndsrkpenencrl6jy9,58,58,58,0,0.0,0.0,1325.356616034483,<3M,0.0,1.013793103448276,100.0,0.0
pool1qzxsenxpx0umcc4sr8lea0afr7rmkqyckgq938yhfx96guljry6,63,63,28,35,0.0,0.0,24119.66937022222,<3M,0.0,1.222222222222223,44.44444444444444,0.0
pool1lw0xmaytyuqcka58s50tkl2tmc5qyvq2nplyqs4cfdvuvu76pmu,120,120,119,1,0.0,0.0,2145.516116108332,<3M,0.0,0.008333333333333333,99.16666666666667,0.0
pool1df62yqh0jyl8zq96e6v5aph04l6pr3jnant35xnhv4ndg0l2uej,3,3,2,1,0.0,0.0,15052.402338666667,<3M,0.0,15.0,66.66666666666666,0.0
pool1dmugaarr3nq0679fa02kqunlfmcyxdxfy3quc9x9s69zquty478,359,359,359,0,0.0,0.0,616.7881627186626,<3M,0.0,5.999999999999979,100.0,0.0
pool19sydze39a8dccylczqe2m4nnslpreytxlj5fu400nqxkg8wvgx8,359,359,359,0,0.0,0.0,6881.1402839275825,<3M,0.0,5.999999999999979,100.0,0.0
pool1ur2y44cgsyf9l40y4xdc7w3cwy88vgmj95deatatzqnqqhrfp7f,359,359,359,0,0.0,0.0,1477.8515621699141,<3M,0.0,5.999999999999979,100.0,0.0
pool1wp9p6rlpratng7rhrvyz6mcjqsl04laxxvvuu06umc5vghacqa4,359,359,359,0,0.0,0.0,6670.052731562689,<3M,0.0,5.999999999999979,100.0,0.0
pool1043kkcc2uwmdf76wg6jy80tkgwztzprep2rakyypmwc4637c2xe,359,359,359,0,0.0,0.0,4725.066694813379,<3M,0.0,5.999999999999979,100.0,0.0
pool157sjc5een0ptynrn6ettx6zr2gl8wm8ymjtwuyravqmmcs45d20,359,1,1,0,0.0,0.0,12.440621000000057,<3M,0.0,3.5000000000000115,100.0,0.0
pool1q3yxwytpwtkk57wlq8cq4jr8x7pzkknwk649vddtqamyjwm5r5g,33,33,33,0,0.0,0.0,4825.909934636363,<3M,0.0,0.5121212121212123,100.0,0.0
pool16dk66d47thmteth783kt2cw9uh0zc4xsdvlqrwadz7vnyaev8cv,359,359,10,349,0.0,0.0,98.3319286824486,<3M,0.0,2.9999999999999893,2.785515320334262,0.0
pool168djt9vjw3289y03hwefm9lhsg6xww624fkk52w55nt765l44wl,38,38,5,33,0.0,0.0,15584.304925368415,<3M,0.0,1.0000000000000004,13.157894736842104,0.0
pool1f4az76g35zjs0wpttdpy2ecs5f4xq9zdp0egxn7djg6pk4y664h,3,3,3,0,0.0,0.0,519.8813496666667,<3M,0.0,0.0,100.0,0.0
pool19wn4k04vntthxvtnk4s5sxgv7zrt3cp94a2czyu5ehanxwlk4ax,15,15,15,0,0.0,0.0,27865.45932053333,<3M,0.0,0.0,100.0,0.0
pool1fd6geyevpsg26s7q58fvuv2eh559n5p9vv3ctxjs74v6g7lkew4,359,359,359,0,0.0,0.0,19864.625040086346,<3M,0.0,3.999999999999964,100.0,0.0
pool1t5kn4jenpyukemrdaecd5m3wt84p3fezmcha0fn839dewga3ejc,27,27,27,0,0.0,0.0,180.3102903703704,<3M,0.0,4.481481481481484,100.0,0.0
pool1wuu2at4ccsqnlaw9q080wz7y0hq7m5utclffjfn3g0vd2j9xs8j,359,359,36,323,0.0,0.0,2437.5221766155946,<3M,0.0,0.011142061281337047,10.027855153203342,0.0
pool1xumcqukwpgkhhrquzxqnnr2auzutjkfn76x9qy80w8jxzy47hze,4,4,3,1,0.0,0.0,4091.21236,<3M,0.0,5.0,75.0,0.0
pool1t2jqed5xf8lhksrqjrsrxghrymks57echefswnntk63hcmn5avy,11,11,11,0,0.0,0.0,55286.76181299999,<3M,0.0,0.18000000000000002,100.0,0.0
pool12vk3een3z43fhc8aph3276g0p0ehj3wrh3qt4xmaxa72sqnkqfq,31,31,31,0,0.0,0.0,8538.216188451614,<3M,0.0,4.193548387096775,100.0,0.0
pool139uvx6vy29g6rydz346dzfmg43a0dlacyuejd7kpdcw2wqzupd6,15,15,14,1,0.0,0.0,7892.857718933331,<3M,0.0,1.800000000000001,93.33333333333333,0.0
pool1k7asvr2vd28jxw25fsh9pxckt5ykadhn8ua4x88vu39dzquvqvh,359,359,44,315,0.0,0.0,61153.830857556735,<3M,0.0,1.804456824512521,12.256267409470752,0.0
pool1mrvvuf595jmwwz6stkzewkw0whlvs90aglqjdyljujwtj6aklzp,4,4,4,0,0.0,0.0,1022.1431875000001,<3M,0.0,2.0,100.0,0.0
pool1kl2dyq8kf7tgzfr4np4j6axdp3c4wsyp30g5rkkyxzctul2h7fd,1,1,1,0,0.0,0.0,57.250084,<3M,0.0,1.3,100.0,0.0
pool10ddqa29qqfvtwr27qfpzauhunqhng8zcu7kc888q6y9k5xhqm8z,7,7,6,1,0.0,0.0,6628.135233428571,<3M,0.0,1.4999999999999998,85.71428571428571,0.0
pool184ky8n3x3czup0cr3hfnvjhqaw3wjltwncdjsq0jc5vxgthu90t,1,1,0,1,0.0,0.0,0.0,<3M,0.0,15.0,0.0,0.0
pool18zy9vwmqn9jvjzv5pfshp0sesdr4jv2u3xsnkpw64hctj503f5r,8,8,7,1,0.0,0.0,7062.4300925,<3M,0.0,8.0,87.5,0.0
pool1rscmngzy9mzyy98kl7h38scshgmk4cw0cs6ed58mq68mw4uustm,359,359,20,339,0.0,0.0,6477.688566395535,<3M,0.0,5.000000000000034,5.571030640668524,0.0
pool1f4qkslh6v00tvum90cx5twlul4cvmclswvslmcjcsfpf63045c0,21,21,19,2,0.0,0.0,4673.937123333332,<3M,0.0,6.428571428571431,90.47619047619048,0.0
pool1t0ntv8zsyju468cp3rw92h5wylrsq6guepx8zl9ywzr9ss8t6xc,14,14,13,1,0.0,0.0,3700.575148428571,<3M,0.0,6.214285714285714,92.85714285714286,0.0
pool1hyj8u4p47uc05jt34glk357fthkc27g822m9xwk2flxf26yjc35,5,5,5,0,0.0,0.0,2368.8368432,<3M,0.0,2.8000000000000003,100.0,0.0
pool1xwy9ulstsdfwuh0q0jc76hjalvmh2mfal004ep6ka38k5z4zmh3,359,359,359,0,0.0,0.0,8459.759347395498,<3M,0.0,2.036211699164326,100.0,0.0
pool1s7vl4r9vr2etmr2pfhcvxu223e8asaxu96te3urd7gh3c2kl74a,359,359,359,0,0.0,0.0,133.40000000000086,<3M,0.0,0.999999999999991,100.0,0.0
pool1jzvjnmsquaw4psvjudkehqp8lmz77lf28h4ldqr6n72us3plkpl,11,11,11,0,0.0,0.0,20255.591965272728,<3M,0.0,1.3636363636363635,100.0,0.0
pool1tk3x77en700tk4w47xm8vzr0p490m29q6dknt77pakdyc4qmw65,359,359,16,343,0.0,0.0,401.86302062952655,<3M,0.0,2.0041782729804836,4.456824512534819,0.0
pool1wrt4jvd6nsxxtjws5lzl54zdjj8793u9jumcltqhsyqcgaa9d52,9,9,8,1,0.0,0.0,1.6310684444444443,<3M,0.0,0.0,88.88888888888889,0.0
pool193cdhdpaedcev7x6qps3eps7s4sh2v8k6v9yr4tc2ulujq4982d,359,359,359,0,0.0,0.0,511.7241797882983,<3M,0.0,0.999999999999991,100.0,0.0
pool1ffk864w0jyhzxls03utk3mpd7ckzgrum5s29a0zmnd32u6jfp4t,42,42,40,2,0.0,0.0,7882.877160404769,<3M,0.0,3.999999999999994,95.23809523809523,0.0
pool1snvcmtdnssf6t8fhs7943uxmmujlt4f89yv58cp7m99cq5tw9hy,357,357,37,320,0.0,0.0,10280.770197204502,<3M,0.0,0.0056022408963585435,10.364145658263306,0.0
pool1t69ww3neaf5z5jy3a3fjuw2drz50sw593u6gp00kq5fqz3n58h4,11,11,11,0,0.0,0.0,37.27095500000001,<3M,0.0,0.0,100.0,0.0
pool1s4gzzd2p6gd3atduexq8pzdpz5szm8uey7cnnn43vg3560ehg32,65,65,65,0,0.0,0.0,15933.997916830756,<3M,0.0,1.953846153846155,100.0,0.0
pool1cug26u25eedxe03m887l65d2mt5h0lv5nwrkflq8q2rsjud3jqz,3,3,2,1,0.0,0.0,5357.844701999999,<3M,0.0,1.0,66.66666666666666,0.0
pool1n7zh6hu89v9lz6d8ggjr9xll8q8jqr5aa4qxkfnlfh2uj39802c,358,358,358,0,0.0,0.0,1862.8331566229137,<3M,0.0,10.000000000000068,100.0,0.0
pool1xl208zapjg640pwk94ay8l5wk6ulfxfz6uhsw5uxlun6kxjvh8u,5,4,3,1,0.0,0.0,25641.0254688,<3M,0.0,0.2,75.0,0.0
pool13g9r3ljwukvfq0eqhrwfk73ux3vl6gsvphyr92jm3pyrj8j7ush,3,3,2,1,0.0,0.0,2002.1238366666666,<3M,0.0,0.0,66.66666666666666,0.0
pool14hpc9wgnwy0w3jrlcqwftyufm8xs5qena4sax5hx7e5q703uuml,358,358,15,343,0.0,0.0,59.388937192737664,<3M,0.0,2.688547486033539,4.189944134078212,0.0
pool1ht96rufwrzcuee2xzhayptq5f3qlp693vwjmagj506aex9zkj3v,11,11,7,4,0.0,0.0,1001.4084741818183,<3M,0.0,2.5,63.63636363636363,0.0
pool17xzkn26ycvwc87emuls9p0wegsvehss43rv87ahdrwvdw0ul6pr,3,3,2,1,0.0,0.0,2002.1238366666666,<3M,0.0,0.0,66.66666666666666,0.0
pool1pcyfzn0jdpnk40h90eh7aazw2nru94j5nwma2lg3tz4v7fyvxyp,3,3,2,1,0.0,0.0,2002.1890063333333,<3M,0.0,0.0,66.66666666666666,0.0
pool16p6u0qmyyndyqvcjt5luxzrk7nnynk56cjxddeh85lt753tach8,3,3,2,1,0.0,0.0,2002.1890063333333,<3M,0.0,0.0,66.66666666666666,0.0
pool1ytfsdx0zjdum8qwrk6urv6u6gxvlnd3r93j8p8ckj57wz3aaudu,358,358,354,4,0.0,0.0,5888.571617050263,<3M,0.0,0.00558659217877095,98.88268156424581,0.0
pool186wnrzw2zq20wt6p9aer6z33vqgv4xaxm6445fa4g4wr559e0j8,358,358,357,1,0.0,0.0,5427.606102804515,<3M,0.0,0.10223463687150847,99.72067039106145,0.0
pool1eggah53ghqwlsm2u4upwnm3s9et8m5yd4p56shaqtm7vql6zm4h,358,358,358,0,0.0,0.0,512.0991920418915,<3M,0.0,0.16759776536312848,100.0,0.0
pool162szyrlrwes7qwy0za4ekufgyljfz0lac9t8h8svzale67n8vl4,358,358,358,0,0.0,0.0,496.71917299999893,<3M,0.0,0.999999999999991,100.0,0.0
pool1j2g7nwksj60fszcz6pxsf2hyzny9ch673en08xjlx05jwxeh2uz,358,358,55,303,0.0,0.0,3427.9549972011177,<3M,0.0,0.9972067039106056,15.363128491620111,0.0
pool14kpgu6snu63hs4muaxzc3uc9mtdxkxmdx0fagssftdqkwdelakj,1,1,1,0,0.0,0.0,80000.0,<3M,0.0,20.0,100.0,0.0
pool1uynyxp3pv2yp340d3q0m0rye6mnvdtyjmwqljvtwj26lsayl7gy,34,34,34,0,0.0,0.0,1908.1485522647076,<3M,0.0,0.5000000000000002,100.0,0.0
pool136mu955m4fl6stzq9rjrsww92xftwnjr85997zykeqylc9h3k8u,358,358,6,352,0.0,0.0,7880.048377614511,<3M,0.0,0.0,1.675977653631285,0.0
pool1693h5jn424n7kazynt4h9r6fe8u8wtsp7us2me60msq5kpv390n,358,358,42,316,0.0,0.0,6405.542619703786,<3M,0.0,0.0,11.731843575418994,0.0
pool16u0wt20kh7fv5h78ruuxpuxgxs4vdfmjfwdy6gqchz45v8skm8j,13,13,12,1,0.0,0.0,2469.7877456153847,<3M,0.0,10.384615384615387,92.3076923076923,0.0
pool1qfzjwrtupyvzx0atp5pa3m82v7s8z2eqyqffa0grpyf4j349h6r,30,30,25,5,0.0,0.0,10488.381560533333,<3M,0.0,3.9900000000000024,83.33333333333334,0.0
pool1z4d4s883ul7h6vsrmg9s3t64df2vcx02h8tqtm8sq5yqw62pu44,358,358,358,0,0.0,0.0,6777.562459885515,<3M,0.0,0.0,100.0,0.0
pool1klgdy2s253lys70su3k8nhdct4yg8mucrms038p0ugxvk6ajxwr,69,69,69,0,0.0,0.0,437.91708878260863,<3M,0.0,1.1739130434782619,100.0,0.0
pool1s4ntquc0x652xfksynsa9lvhv4m7s7tjdx4mygjj800yjd8mcs7,34,34,34,0,0.0,0.0,198.719144,<3M,0.0,1.6470588235294126,100.0,0.0
pool10glz67jju4f3gjs84pse79vsl6d34k764hs4cq6fwplkxzf277w,288,288,288,0,0.0,0.0,4988.516856677055,<3M,0.0,3.0000000000000027,100.0,0.0
pool176z588sp2zyrnh7wzu47q7e6tkug4p73djpkksgjmt4e67dj77f,123,123,123,0,0.0,0.0,2010.0105646747943,<3M,0.0,99.1869918699187,100.0,0.0
pool1rd4g3xqqrjt9dn58rmhl0pezshc529x26t00urd4t0386yw5jtp,2,2,0,2,0.0,0.0,0.0,<3M,0.0,0.0,0.0,0.0
pool18dwcl9dc0pqa3f05d4qne7c5lnhwz20lpffsp9pah25xjz3cesm,18,18,16,2,0.0,0.0,18992.836536000003,<3M,0.0,0.4444444444444444,88.88888888888889,0.0
pool1pkpey8fua58sqvkwr9w4zyxhnvrqhnucnu8g2cupeggsyxee6ke,358,358,358,0,0.0,0.0,2073.475983837993,<3M,0.0,10.000000000000068,100.0,0.0
pool172vhywk0n2m7r47a8wq78xzc7nnytu3x78wyftmdedvjyzxjc7s,358,358,358,0,0.0,0.0,329404.3602890105,<3M,0.0,100.0,100.0,0.0
pool12pupdkq80hxxcje94kjgc75x9vsqsgaz65upnmx7k7zmvc3rpd5,358,358,34,324,0.0,0.0,621.3562458407825,<3M,0.0,4.100558659217839,9.497206703910614,0.0
pool1euzg0c7npjm9dld4f7n5kj7as6n5d8ts8q6qt4rer50p5p9nr6g,358,358,0,358,0.0,0.0,130.86439236033638,<3M,0.0,2.569832402234655,0.0,0.0
pool1ryyfhgm4rqa9pnykxuhxcmy6rdn0uyltufm9t86c6uskwv3aame,358,358,31,327,0.0,0.0,2936.478408159191,<3M,0.0,0.0,8.659217877094973,0.0
pool1vxpu476qrulzkk2u97emkfskmc2jx4mzznvupw0zf5206nx35vl,357,357,357,0,0.0,0.0,660.4882077338922,<3M,0.0,1.999999999999982,100.0,0.0
pool1g4hyyzdmpj95kdxysycjljcn3npf5adpjhftwa30t9yu5yh0qgs,10,10,10,0,0.0,0.0,25414.281584999997,<3M,0.0,1.9999999999999998,100.0,0.0
pool1j5x3rnkyfypazdeqxntnwq8czupw9lvt2303ad6dcnvv6pk7dqz,17,17,11,6,0.0,0.0,433.2434548823528,<3M,0.0,1.5000000000000007,64.70588235294117,0.0
pool1scnq7w9rxgt2c4lax0y0ch0el2t9pjcyffhhzs2dfgt75u2zcq4,357,357,357,0,0.0,0.0,312.48365563025226,<3M,0.0,0.999999999999991,100.0,0.0
pool163aacna7n8tgphz40prapjgkrkpvsfttaqt56yeg2psd2umnxqu,357,357,357,0,0.0,0.0,50.42574900000017,<3M,0.0,0.999999999999991,100.0,0.0
pool1fc6ja9cfhvma2pl5n8rm4nepa6g2nnuza5swzch8vn6xzshafku,208,208,0,208,0.0,0.0,0.0,<3M,0.0,100.0,0.0,0.0
pool1kj7p7tfqta37jx0d6vadp8uq0y4jl7uffg7nkjhascp0uu8yxj0,1,1,1,0,0.0,0.0,605.405375,<3M,0.0,2.0,100.0,0.0
pool1xx0g7fckfux2akltecatcmjdzl9gkqpq9r72xv9e4cm5qwq5m3z,4,4,4,0,0.0,0.0,4226.117947250001,<3M,0.0,1.25,100.0,0.0
pool18ge7phqv3c25kssr9pw6dx32muk4tpkhfjvj676yra5hk6enwv8,27,27,25,2,0.0,0.0,246.2319636666666,<3M,0.0,1.5000000000000009,92.5925925925926,0.0
pool1md75gkgyxf3rvjm9wvwp4u09m6vanqyut6syznv53c02y70gmxw,3,3,3,0,0.0,0.0,23.825003666666664,<3M,0.0,1.0,100.0,0.0
pool1hr7pgag6z3sqxrzss6vh28j2d5qgrz884had2p4kuu97uazn2de,30,30,28,2,0.0,0.0,5640.638981733341,<3M,0.0,0.26666666666666666,93.33333333333333,0.0
pool1j3dcwqjtu632kcvu2lfcjdxc0cl8cyec7ejk2nrnmj23qx78ghu,1,1,1,0,0.0,0.0,397.438949,<3M,0.0,5.0,100.0,0.0
pool1cuufgqx2wymaavuuuuewrcywksqql299ugjxcw5hf8gux3ed3lc,357,357,66,291,0.0,0.0,1143.9094058907735,<3M,0.0,1.989999999999987,18.487394957983195,0.0
pool1yaz3e6r2uh59nx5vtxmyyjf7n6wv546eh4xkqqvl9hz96u8jtgx,55,55,55,0,0.0,0.0,372.9808743636365,<3M,0.0,5.101818181818184,100.0,0.0
pool17nzscpkuc30pk84wvm6zxpef2pq9vsjrlf34hr9gglndjqyx39n,37,37,37,0,0.0,0.0,203.23448002702693,<3M,0.0,2.7027027027027026,100.0,0.0
pool19dn3u8tjh2zxdyh00tcsftstzs80nh73rnnp4nj6mwa0whe4t45,30,30,30,0,0.0,0.0,31844.804062866675,<3M,0.0,2.000000000000001,100.0,0.0
pool15yg3kdx84gs7j3t4smvyudvq9v95emyj885uh80h8gpg20j39c0,30,30,30,0,0.0,0.0,7289.649596500002,<3M,0.0,1.0000000000000004,100.0,0.0
pool1mleknpqvaf283fyvzlx62jw9g40288vwwyjnf9yqq6c6vc5d9lc,2,2,0,2,0.0,0.0,33.719217,<3M,0.0,1.9900000000000002,0.0,0.0
pool17k568pj9x6qwmvutn97p5wgzvgmjf7m46sz3vzudq62swqdfh4a,357,357,357,0,0.0,0.0,1392.6999360952404,<3M,0.0,14.999999999999908,100.0,0.0
pool1suuvhhetdpjmenal5j2uyjld26jke57xw2yz7gc4j2s3yhgd7us,357,357,0,357,0.0,0.0,537.386666879548,<3M,0.0,1.999999999999982,0.0,0.0
pool1v7q3xsa9u4ezatnsunuyw8646fc3fsvjju9a5x3835d6uf09pe8,357,357,13,344,0.0,0.0,2709.784625778714,<3M,0.0,0.4999999999999955,3.6414565826330536,0.0
pool1dxvj2snmmnkhznd7r28mp4m2hegfu06ry5w89n83ah57q7jdknh,14,14,13,1,0.0,0.0,6465.879924499997,<3M,0.0,1.9999999999999998,92.85714285714286,0.0
pool1h2q3cyle9yrjv4g6qvwqyrm5vk9qj38gtqndvavpqf6lkgpqvj3,357,357,357,0,0.0,0.0,521.1590542689088,<3M,0.0,3.999999999999964,100.0,0.0
pool1n62v2xsrnpyyaav2mgauwzn40u8hfzavt520vsaehz252v2tf7u,357,357,357,0,0.0,0.0,1916.872158084039,<3M,0.0,20.000000000000135,100.0,0.0
pool1j22mzxf5x4gw9zltvey3g9nw2d99skasjcm0xl2mtesk54ffy77,54,54,54,0,0.0,0.0,445.00986185185144,<3M,0.0,0.05555555555555555,100.0,0.0
pool1kukrafmktm54fzezpzs49p2e7v5tas8szgtf7dq6xvw37srmutj,9,9,8,1,0.0,0.0,634.2303297777778,<3M,0.0,3.3333333333333335,88.88888888888889,0.0
pool1zqcz8zt9v07ygj06zr28lwm85s20f6w2qdcdltjyd0wuklydqnd,357,357,353,4,0.0,0.0,6425.487363574206,<3M,0.0,0.0588235294117647,98.8795518207283,0.0
pool1lggexjlgptq67rynttj67742rlyfg5gkmcx08x3daqlg63sz35m,29,29,27,2,0.0,0.0,13182.918764000002,<3M,0.0,0.7241379310344829,93.10344827586206,0.0
pool1xkrqy49edygfumvw9jxna55c373cmckzqq92m57ng82ycpykcmz,357,357,0,357,0.0,0.0,102.61654999999948,<3M,0.0,5.000000000000034,0.0,0.0
pool13685360x8ag94pyy52rtgnvn8jdqlrfthp2g3kq9vncwyyfuwxe,7,7,7,0,0.0,0.0,43245.62224828572,<3M,0.0,3.571428571428572,100.0,0.0
pool16f8ecpngj6ymrn2k8ma5xxp9aeny8raglgq97vcnaysv2g6rs35,25,25,25,0,0.0,0.0,4730.627693839998,<3M,0.0,3.5600000000000014,100.0,0.0
pool1cc0zqv42utrsffvgy4e5tfln3unrjk4f6q952rt56y3dzmerptw,297,297,218,79,0.0,0.0,5606.846843461275,<3M,0.0,22.343434343434343,73.4006734006734,0.0
pool1k240x35qvtkk64ehu7x9nr4t37ttzmsdgazjkjepj8apy22p62z,16,16,16,0,0.0,0.0,30842.457375937494,<3M,0.0,4.500000000000002,100.0,0.0
pool10pmpya78vv23pngluf7hwpg9lerepmqdmdu47huf5vsskt56wzq,357,357,0,357,0.0,0.0,1998.58275763871,<3M,0.0,1.4831932773109195,0.0,0.0
pool1v46s6ak79m3mlv65pjh7ypvsp7n6cc62a723dpwmhtn8uy4pld5,356,356,1,355,0.0,0.0,65.94648866292255,<3M,0.0,0.999999999999991,0.2808988764044944,0.0
pool1kkn6404j7q7lyfp6h9euth7vkuchj2tq86w8m9dxp6697xj3k4v,2,2,1,1,0.0,0.0,302.4403355,<3M,0.0,3.0,50.0,0.0
pool16jslrruuynw3w68dqxd4x0c4hwga9ak5nys9y6cjsp7awtfrzas,8,8,7,1,0.0,0.0,11949.716662875002,<3M,0.0,0.0,87.5,0.0
pool1u8xctaxzcc9pku2pr5z9amnwda2pc26d78y3dvw5dps8xls749j,3,3,2,1,0.0,0.0,71837.75387266667,<3M,0.0,1.0,66.66666666666666,0.0
pool13u45a953lme8y835e5upndqp50r887dha7gt26v6hcaeup4aavx,356,356,356,0,0.0,0.0,1751.4479749101113,<3M,0.0,2.026544943820211,100.0,0.0
pool130hx49xrg3cjtdqnqegmn03z8fgu6juenyctws0feh6ekdy0fam,356,356,356,0,0.0,0.0,57673.61158868522,<3M,0.0,5.000000000000033,100.0,0.0
pool15jc92k3rhksa3uf92sluqhhnnetx04l49xttslx67kuxz5e36e4,356,356,356,0,0.0,0.0,6305.958807547726,<3M,0.0,5.112359550561832,100.0,0.0
pool1ge9c0gw40pzkcuj0xx6kevxz0hvwce7ac207lw2dtd58y957f74,356,356,30,326,0.0,0.0,683.8312248595485,<3M,0.0,5.99999999999998,8.426966292134832,0.0
pool109ee6weyn52awvu30gspwmp6xwws98z0dhzcw2dqupc6vv6mkg6,196,196,196,0,0.0,0.0,2716.3404678418433,<3M,0.0,2.0000000000000013,100.0,0.0
pool106yq7rtu6zqxw3uuq5j3gu03qv5rw8xjwqy6tt5x4wc2w32yx3n,2,2,2,0,0.0,0.0,105.5273535,<3M,0.0,1.0,100.0,0.0
pool1jrst9acplgqk95469zu68xv5xj802lqxe682jjsd39z26ddj8ur,356,356,27,329,0.0,0.0,780.828594081468,<3M,0.0,0.8800247191011185,7.584269662921349,0.0
pool1c2v3ktwkxh524kvp38deq0enkduadxy7smm5yslhuxhnvd5f05f,2,2,1,1,0.0,0.0,531.0591775,<3M,0.0,1.5,50.0,0.0
pool1gprrm7gehg9wlupqsvyf59l52q8wgr3y46p656r66t7zy7j2z66,356,356,13,343,0.0,0.0,835.6622163651646,<3M,0.0,0.999999999999991,3.651685393258427,0.0
pool107nx44v67sgca9mkl6gjqg3l03vauh5crp58rm5shve4kp0zfjf,56,56,54,2,0.0,0.0,1821.2792413035718,<3M,0.0,0.803571428571429,96.42857142857143,0.0
pool177vmfdzp3vakdp5h6mr3htlv7glc2xt0yepgdarzc054jjxdjrf,33,33,32,1,0.0,0.0,11937.93721721212,<3M,0.0,0.0,96.96969696969697,0.0
pool1q5zd9f96akga9ychn3ya6wwc8vczl5ynkc30w5m7kq35kk868dv,8,8,6,2,0.0,0.0,8881.543620749999,<3M,0.0,25.0,75.0,0.0
pool1ps7kjkew07y2vufhkx2dexd8dxgf6a0tscf3a95evmg56gjljrv,6,6,6,0,0.0,0.0,4404.755429,<3M,0.0,11.666666666666668,100.0,0.0
pool1mn3zu0kh0vucshgx9st4jlrmltvasm6pmaxq273jeu9j2cys5sf,22,22,22,0,0.0,0.0,4992.347367636365,<3M,0.0,1.9090909090909096,100.0,0.0
pool1umlxdat66q70nptes28ft08qn04ueq5wnrpexgkgcmv8z906n7v,2,2,1,1,0.0,0.0,10079.102711,<3M,0.0,2.0,50.0,0.0
pool1dd9a2hsle4jsc97vnuhxqhfea7a3pwwygtctzxdy7jnlca7j2e7,2,2,0,2,0.0,0.0,6.879702,<3M,0.0,0.0,0.0,0.0
pool1el7u5mszlngu9saepaamk0hmvaj2t6enfhxy5lwldz7nusg54f3,1,1,1,0,0.0,0.0,97.625614,<3M,0.0,3.0,100.0,0.0
pool1sukmds06sa39zng3j6fsu99qu90qdlyfe9p7p2xq735tjj2vvxn,8,8,8,0,0.0,0.0,9877.188331375,<3M,0.0,2.0,100.0,0.0
pool1xsdyumcr76y28mptmjc46ru6sz45xj83y6ud9jngm9fg6en6zjh,1,1,1,0,0.0,0.0,10044.720933,<3M,0.0,5.2,100.0,0.0
pool1yytr0yxswj3n6tl44f5zd53ryakk0nfar4px7w5w54wjxwj89cw,12,12,12,0,0.0,0.0,1141.0896894166665,<3M,0.0,3.000000000000001,100.0,0.0
pool1jessdvw5m932fxkyze30239gt5gnulv8av90lcrmj5l4srnka4u,7,7,6,1,0.0,0.0,5332.460557428572,<3M,0.0,3.214285714285714,85.71428571428571,0.0
pool1xy4fn9tkz35tyxnqmul4m7kkjpx674gxepwwqqx4u2632xv4zzh,39,39,37,2,0.0,0.0,2953.157394333335,<3M,0.0,0.0,94.87179487179486,0.0
pool1nqkxzvkteasgl8w4h873p8j4704a3dgw5u8zqexl4nafz9uu4f4,7,7,7,0,0.0,0.0,73044.43205685714,<3M,0.0,4.428571428571428,100.0,0.0
pool17j94qfcxvr0xvuz5xl2c8nnt8pcv4v2d753vfxx3p4l4sukhtq0,18,18,18,0,0.0,0.0,2.43711661111111,<3M,0.0,4.500000000000001,100.0,0.0
pool1jqxp8hn0ywdrg3clzha9c2u7qh3zsh68u55wh50vdmecupc5rxs,355,355,33,322,0.0,0.0,1679.2191007746455,<3M,0.0,1.2788732394366047,9.295774647887324,0.0
pool1t4q9v8vxf8ltx407cqkwq3sksgmq85e459jqsf34x0cxyfaqljw,355,355,355,0,0.0,0.0,627.9046035239434,<3M,0.0,2.9999999999999902,100.0,0.0
pool1qrtqrh039xrsaghmtjuyq0lvj3sveu3zs2yw8t5w4fcuquvct4f,29,29,14,15,0.0,0.0,134245.7486091034,<3M,0.0,1.0000000000000004,48.275862068965516,0.0
pool12hgnuj7p9vn6v6lzfvqxhtf7jxhar5jfmxxaawm3grn3g4lq065,4,4,0,4,0.0,0.0,7716.209935,<3M,0.0,2.0,0.0,0.0
pool1e3sle58uk700s4rl035qnscnfcv5ulxah4m7829qpcvjudc9k8a,62,62,0,62,0.0,0.0,408.2623574838698,<3M,0.0,1.225806451612904,0.0,0.0
pool1hpyxwr3cut3t7mz696zqve54qj55yp6c3jzau83uyg4qyqmchxj,29,29,28,1,0.0,0.0,1893.1076888275863,<3M,0.0,3.0000000000000018,96.55172413793103,0.0
pool1zmj5rkpvhdknscjrgul4cxw4xhaqfhfcjqv9kffmhd0zvdx6rvd,355,355,355,0,0.0,0.0,7609.309354321108,<3M,0.0,0.999999999999991,100.0,0.0
pool1m4eermea82e3ratp2a9zncchvf348lxv0vpchpz0j78nkahaz0d,31,31,31,0,0.0,0.0,1845.9134406129035,<3M,0.0,14.193548387096758,100.0,0.0
pool1d4pjsj4urueag66fm964hyftjku07pmjgj9r6s7mks9hc0mggjv,7,7,6,1,0.0,0.0,8613.188881428572,<3M,0.0,1.0,85.71428571428571,0.0
pool1l94sgzqe8902rg87s3w6qxq78xwmny3yuvygaqhmc3qmy7nmj5a,38,38,38,0,0.0,0.0,8776.645535131582,<3M,0.0,2.000000000000001,100.0,0.0
pool17qu9sh6u53stvpykqgs539fsrke7x8fj4e52tlc7uzhp75vk0wl,27,27,27,0,0.0,0.0,1227.9408364814822,<3M,0.0,0.07407407407407407,100.0,0.0
pool14wlry07ztuujxw7lkcpms78jdznp6u0mhhhuhm2crsf7xczldtx,38,38,38,0,0.0,0.0,1139.9526587631585,<3M,0.0,3.763157894736844,100.0,0.0
pool1286js4ysnwgyed07eqw6s6cwlzr6qm8sssc7m9e8363tc9mfc7g,2,2,0,2,0.0,0.0,5.1632195,<3M,0.0,0.0,0.0,0.0
pool1xtmd7d45vfw4r9caakcv40fq5my9wut96hc42vzefk7xkg07as9,29,28,28,0,0.0,0.0,2015.9584622758625,<3M,0.0,0.2931034482758621,100.0,0.0
pool1k7phpkumqxxvvf5rg690xg5u2vnqmh2sykl0l0h3z0692lzx3hq,50,47,46,1,0.0,0.0,15704.794550600001,<3M,0.0,0.5000000000000003,97.87234042553192,0.0
pool1jhca0ycgclhc3ae860llt8fwtgvkw4p44m0khs2df5xawk4kx8t,355,213,72,141,0.0,0.0,5763.844261802814,<3M,0.0,0.08450704225352113,33.80281690140845,0.0
pool1ap29p59japhsunqkknkrdm4wh4f8krrvhft66zhns43evawjd03,355,355,355,0,0.0,0.0,7805.9690374028505,<3M,0.0,1.999999999999982,100.0,0.0
pool177hksq7a3vdk5gtuhrha4ma5hzavn6tdrp4jgk5ckmzcw9yvlul,11,11,11,0,0.0,0.0,10332.339021000002,<3M,0.0,7.499999999999998,100.0,0.0
pool1avrc505uzld32hjr78pxra8jtmxvwaxdttxq2zxsjearwsy0quc,354,354,34,320,0.0,0.0,9628.351650395529,<3M,0.0,2.9999999999999902,9.6045197740113,0.0
pool1u4j0cza7ny0v36w0cjm8awdpd35kwuh38mmdd0kcv3fk59mt80g,7,7,0,7,0.0,0.0,3.245958857142857,<3M,0.0,20.0,0.0,0.0
pool1prerctlrtn5e63m0zu5ydr2adaxpsypzj6wx3v8y44dsyj2lcwm,354,354,354,0,0.0,0.0,12086.806635822006,<3M,0.0,1.5014124293785263,100.0,0.0
pool14ynmupuxy720zau7arpjju7yxzmyz6jlack77fapah93vu5swdf,10,10,4,6,0.0,0.0,83.04435920000002,<3M,0.0,1.7999999999999998,40.0,0.0
pool106dc9dg4wtpv8wyk2ptxsxslyv4p76jwgkc53m27gyl877rr3mw,16,16,16,0,0.0,0.0,27.522100624999997,<3M,0.0,3.3300000000000005,100.0,0.0
pool1mmjqs5tvq24hy2zhgrwgc2smrrpnvhxelvma93nuy5nzuzwsmmd,2,2,2,0,0.0,0.0,439.0801605,<3M,0.0,0.5,100.0,0.0
pool1nq4gzf2rg2awcy6muzxtdsv7v6a50ds2m3l45szrxhyp29xmjmg,29,29,28,1,0.0,0.0,2811.920410103449,<3M,0.0,0.517241379310345,96.55172413793103,0.0
pool1ajjz83zx620n7fyr0gvfaz0k0udc6x09rdnkqrgaxu9qwcz97qe,354,354,354,0,0.0,0.0,205.61853000000048,<3M,0.0,0.9999999999999911,100.0,0.0
pool1aem3z6d3sac6mdrdptxcgh6pvrxhz3fkphuy4mg34sssspha6rn,38,38,37,1,0.0,0.0,4992.631721078945,<3M,0.0,1.8000000000000005,97.36842105263158,0.0
pool1046enzdm6k4897m6zfgsph7sq9xs3ardvnlh5t80puz77vq6355,2,2,1,1,0.0,0.0,287.209992,<3M,0.0,0.0,50.0,0.0
pool1eyccsl45l8f7sdplfs770460l2uqe9xfne4l64xvwewd22fcl9a,354,354,354,0,0.0,0.0,620.4808475197783,<3M,0.0,2.9999999999999902,100.0,0.0
pool18287kdks9ydw06r70kzptqefr2emaumxk57vsm8rv9ftj2whdct,4,4,4,0,0.0,0.0,219.58833249999998,<3M,0.0,0.0,100.0,0.0
pool1g0kz4tgejenj72j8m6dpvtds4l4w4ynk2rpx5lrz2q3ev835kru,36,36,35,1,0.0,0.0,1282.539309333333,<3M,0.0,0.0,97.22222222222221,0.0
pool1mv9jm887f4gdpr0f5p8rerewjsdgvd29lt2awtdnmj3ggkq973a,161,161,160,1,0.0,0.0,9766.421325888234,<3M,0.0,3.599378881987586,99.37888198757764,0.0
pool1npvnjphz8pqu868wxdqxylf5funrdulqd7736mcnxf55yrtz49u,5,5,3,2,0.0,0.0,40613.84391119999,<3M,0.0,0.1,60.0,0.0
pool1v6q842vfdg4mhj3jt7jh9shgeerydcrrz5yg26vf2gzagyr5hkr,39,39,39,0,0.0,0.0,8590.198296538463,<3M,0.0,0.8000000000000005,100.0,0.0
pool1737rsfxdd9z59ej4teur6jhrl0dtvpmnguu0q8d5597xzmlplyd,12,12,12,0,0.0,0.0,2217.6761276666666,<3M,0.0,0.9999999999999999,100.0,0.0
pool13yzvp89kl94wa9lrd2wadrtlj227uslz6w5g0vl9djpey2klq2v,8,8,6,2,0.0,0.0,1506.9477426249998,<3M,0.0,3.5999999999999996,75.0,0.0
pool1yc6h3nppujkdlwrv53afp7aeyq9zq0j9ja0xl6jz876rszrmd8l,95,95,93,2,0.0,0.0,27403.463985726346,<3M,0.0,1.4210526315789482,97.89473684210527,0.0
pool1fv79c5hthyat6ygfsepsk2la6j4p5t2ewh36ut6fvhj378mg74p,43,43,43,0,0.0,0.0,869.6331350465116,<3M,0.0,2.9499999999999997,100.0,0.0
pool1s0dtk4cggp7ja6pmgvzk2q7js094a9lpanqetwqa45hfv38d5l8,87,87,18,69,0.0,0.0,2311.482769954023,<3M,0.0,0.0,20.689655172413794,0.0
pool1ycd2m7djvhneqfunsgk6vm5nwnzvwgx7err55sc5dxxu2gh4crv,9,9,8,1,0.0,0.0,4445.723476777778,<3M,0.0,0.0,88.88888888888889,0.0
pool167q5vttz54vc78vc5cc5ew92860at9hfyam567tjle7wqnc0est,2,2,1,1,0.0,0.0,123167.1946685,<3M,0.0,1.0,50.0,0.0
pool12ppnqj78z7fnztw7rwg2gd0e0zpr3mq9gs3hgxe0n6fhkzfmzu4,87,87,1,86,0.0,0.0,1141.999477563223,<3M,0.0,1.0000000000000007,1.1494252873563218,0.0
pool1zr3m2l8gdw88ctlwmdfggr0v3l6rjmdr0hw8dvsc5c0xg048wtw,16,16,16,0,0.0,0.0,10338.502793875004,<3M,0.0,2.1875000000000004,100.0,0.0
pool1ths9kmsv342pjp2y40ug92le7h76awe479lctnvgu0s6ywm2mge,40,40,40,0,0.0,0.0,829.1168773750003,<3M,0.0,1.0000000000000004,100.0,0.0
pool1hhjhc2w06rxchw7xt2eqrrfhwpqklrzpz0vvr3ak69f3kdzsxqq,2,2,2,0,0.0,0.0,15.2832395,<3M,0.0,0.0,100.0,0.0
pool1mzn7a7h4ghv35d7hm7lepzcc8vkwq38qajnnuqalc60mkl0recn,353,353,351,2,0.0,0.0,786.9086144560875,<3M,0.0,5.000000000000033,99.43342776203966,0.0
pool17avt6lvjmmrdcknlywkjp06n6nw0wmq7mpxqgjfgnn7gkqzrppy,27,27,26,1,0.0,0.0,8077.724628444446,<3M,0.0,0.0,96.29629629629629,0.0
pool1zncpr3n2x29fwaec9a2jstltd8y87vam6swqtjmphypzgpzppgs,2,2,0,2,0.0,0.0,219.51925749999998,<3M,0.0,10.0,0.0,0.0
pool172gxn08m64vyfvpn926t3q8md5qf0q9k3y6kqz6krj8ry0tntmz,353,353,352,1,0.0,0.0,552.4242530000028,<3M,0.0,1.2804532577903533,99.71671388101983,0.0
pool1hg9yyezrm6dslw9q767n5tlu0qk2ccvd4k9946vv7ymgvsvnttf,353,353,353,0,0.0,0.0,2371.3739750481495,<3M,0.0,1.9999999999999822,100.0,0.0
pool1md2zw92j6ye2m2dl34x6pvp8phdpjcknay72tzrz4vcq523druq,353,353,32,321,0.0,0.0,7136.508430917844,<3M,0.0,2.5000000000000164,9.06515580736544,0.0
pool1ma2u3gkwgs3ru54yu78afnswz8959r84w5xnemk3z7lk7anzx4m,5,5,4,1,0.0,0.0,36088.8695332,<3M,0.0,1.0,80.0,0.0
pool1guauavq4yp99rack3a45jr952f0xv7dtsw3vvx7zevey59k5lfd,44,44,44,0,0.0,0.0,9052.18677697727,<3M,0.0,0.4545454545454546,100.0,0.0
pool1xf6kc070szy3vz49p306jrela9exk0rhllgv5k6l6u9l27nrlx8,10,10,8,2,0.0,0.0,1046.3853717,<3M,0.0,1.8000000000000005,80.0,0.0
pool1ft4z335t0eclqwlxdktam5wphf47swfpzgxe4fslnjz5y70hq2p,352,352,351,1,0.0,0.0,9725.24056615903,<3M,0.0,0.1704545454545455,99.7159090909091,0.0
pool165cyssah9wcnkuqq339c9fam5wga3x7zl6kw4ktltq5x68tlu4w,352,352,352,0,0.0,0.0,1742.6183214062448,<3M,0.0,0.30397727272727293,100.0,0.0
pool15gaf4t4z2yh3c2wg879jwe7c6xdus7j46kpg8p2grf7sg3g0qje,7,7,2,5,0.0,0.0,9982.228177428568,<3M,0.0,2.31,28.57142857142857,0.0
pool1pxgge7vp9w44hqrssa3p7ujkhtw06c239w6hzv63scrvj0jtcr6,38,38,34,4,0.0,0.0,3493.754677105266,<3M,0.0,50.0,89.47368421052632,0.0
pool18cr7st8wvagllpgq23y70ncnejux2dmxrsdc45hyalk67e63jg6,352,352,352,0,0.0,0.0,12410.780097406292,<3M,0.0,0.9999999999999911,100.0,0.0
pool1hty4gkjyf0rgdzvxjwfpf3406d6s9xc56gksx2u9lxsz6yyeswm,37,37,36,1,0.0,0.0,8063.671020432427,<3M,0.0,1.0000000000000004,97.2972972972973,0.0
pool1h26acqctjzuzk04uxc35mt5eavnlr5wyaqavmdqhd3s2zr8v7nm,352,352,352,0,0.0,0.0,782.2930353409121,<3M,0.0,1.9999999999999822,100.0,0.0
pool174l2m5n04t06x4kjprfel67w0xch76c2td32ljv6veh8xxe7eee,27,27,22,5,0.0,0.0,74192.65553429628,<3M,0.0,2.500000000000001,81.48148148148148,0.0
pool16tpere5llvqsr9nsves08aq7jxgwfw2rzneank4ng557stqzedf,41,41,41,0,0.0,0.0,23858.95722104876,<3M,0.0,0.0,100.0,0.0
pool102k92qk3njkgwv0rhphve92n66djdgpp2hjunnex953yc3qdldv,21,21,21,0,0.0,0.0,11954.051887428568,<3M,0.0,0.0,100.0,0.0
pool16cfkvk3vmr8rpkkypzjn5jz9yhrzwfcggmyp8vm9sjc72kjlyul,7,7,7,0,0.0,0.0,104.59302014285713,<3M,0.0,0.0,100.0,0.0
pool15vx3vhdgdj3cp87duenh9nm8ygwt7cyath5ekmlvhym7wc0tkae,1,1,1,0,0.0,0.0,5.188218,<3M,0.0,1.0,100.0,0.0
pool1waplz6cz4t2uss0qcst8wkqj52rzhy9vfr5jr9se9pjx7ucjcfm,352,352,2,350,0.0,0.0,400.65603062500355,<3M,0.0,14.999999999999908,0.5681818181818182,0.0
pool1jq7083uth03spzhg5ag6gfgg24ux6fjuhng8vj2wdz8jkukqvcl,352,352,352,0,0.0,0.0,8085.534728488635,<3M,0.0,7.499999999999954,100.0,0.0
pool1zcdwn5z04gw7m0n7qzwx9gqn8a9l3wfcvejc3wrdxfuhc88usua,352,352,352,0,0.0,0.0,3529.127104463073,<3M,0.0,3.5000000000000115,100.0,0.0
pool1fhg4n2zj3lkvz3a8v37dzprdgtgmnzjagpne6psrannwufwjr4d,6,0,0,0,0.0,0.0,2.217376,<3M,0.0,1.0,0.0,0.0
pool1c9zfwqs6la003c3d3e5k2lfvs7scqsez5hz8dtucr7ql55dp52r,2,0,0,0,0.0,0.0,127.439103,<3M,0.0,1.0,0.0,0.0
pool1rq70y0sj8fnjgnuavsjtvk2qm6hjw2r9zfacd46z6z8c7tlgcmx,352,348,346,2,0.0,0.0,126.37005205113697,<3M,0.0,5.14204545454549,99.42528735632183,0.0
pool15zj07ap4uk8egdtkpju4qdckw88v8hgffepew3wg7a07x2jead7,42,42,40,2,0.0,0.0,3538.1283822380938,<3M,0.0,0.4285714285714286,95.23809523809523,0.0
pool1g2zsavkscwrzz0tqqwwykkyganyedlzgqc63fneq6nvzc7rwdzp,351,351,351,0,0.0,0.0,1933.106804225063,<3M,0.0,86.24017094017101,100.0,0.0
pool1ca862gvy5r06k5l3hulsphtp20tvuxqef0arzcyejdf365c5nrs,352,352,352,0,0.0,0.0,4455.836332338054,<3M,0.0,1.0511363636363538,100.0,0.0
pool1sf2kzqdtjgeq3eaa5jlve8mhk890jl2tlg8h2hsg68qgj2ecgmh,50,50,47,3,0.0,0.0,20541.708464640004,<3M,0.0,0.06,94.0,0.0
pool1xkt2zczcw236wn7rkydd3x7rwwzh27kgh3pr6t6235zly54u8nz,15,15,14,1,0.0,0.0,2157.227030933333,<3M,0.0,0.0,93.33333333333333,0.0
pool1p6tc0weh3aet60juue3lnt8x46qzv9ku87w7mu79t78hs4xx3tq,5,5,5,0,0.0,0.0,397.5827018,<3M,0.0,15.0,100.0,0.0
pool17edtg9kt83mpguyh87u6ju2fkgjta4jjmmyzj9n8tsf4uwalg7h,351,351,349,2,0.0,0.0,973.696104948716,<3M,0.0,1.0797720797720693,99.43019943019942,0.0
pool10gt8f0wkg8cdvnd9tnvj74kdtv88w4j704vkvl8xwhwjg0mgmcl,42,42,41,1,0.0,0.0,106881.58764016672,<3M,0.0,1.5595238095238106,97.61904761904762,0.0
pool1nad4u2vhlwpjd2f52dpgf5rh36ntvdsm38mxmztndtmcscpy82u,351,351,2,349,0.0,0.0,25.73489871225071,<3M,0.0,5.000000000000033,0.5698005698005698,0.0
pool1vpu866574h8g7zun93qz6xh5hxxun0ml2esxnz0gh4c8sfnt7uh,28,28,28,0,0.0,0.0,28120.075254928575,<3M,0.0,0.0,100.0,0.0
pool1nptwq04t73vdv0ymhmc4hm42clnef3v5tch5snhtfadyje6sja0,13,13,12,1,0.0,0.0,2137.2019391538456,<3M,0.0,0.0,92.3076923076923,0.0
pool1e5dxsm5ckaq0k9fg9hkclcrdj740757w4tqf9sk35wt22swypdu,351,351,2,349,0.0,0.0,33.80075732763533,<3M,0.0,5.000000000000033,0.5698005698005698,0.0
pool15v8q9s58h53kxwx58wxrnj4fu48etsjrkdm2yvq3jjuewh4g69c,8,7,5,2,0.0,0.0,16520.69674325,<3M,0.0,0.325,71.42857142857143,0.0
pool15qh5yg82hz32srg87m9gn67lw23u4ugz7efl2n2f54awgl5x4f2,7,7,7,0,0.0,0.0,63173.04871957143,<3M,0.0,2.0,100.0,0.0
pool1gqmjahruyhxvec59g9wh0z67aqxa2k3n4al4lyafv08xk90zl2z,351,351,126,225,0.0,0.0,17553.185852877166,<3M,0.0,1.4999999999999953,35.8974358974359,0.0
pool12520url06x8phvs4cw3u45j56mzgq7vlhh3utpvdn7kc7n8hayr,12,12,12,0,0.0,0.0,127.02779841666666,<3M,0.0,0.0,100.0,0.0
pool1clkt34hufs3k4gfnd2rl8gy9zlzzdgr9838y0k2hwfuhy0mh2t9,351,351,351,0,0.0,0.0,7967.714832250787,<3M,0.0,90.02849002848991,100.0,0.0
pool1lrxa9zp8y6e38aur5naqe0tthjxh4g5vw6ycnkgtyge9utf0dcn,135,135,134,1,0.0,0.0,8474.114164051858,<3M,0.0,2.999999999999992,99.25925925925925,0.0
pool1q4t8areaz9nfzmwcch46ntz9alkdn5w2rk3yaaagl7uks4qyps3,39,39,38,1,0.0,0.0,32035.42238679487,<3M,0.0,1.5000000000000009,97.43589743589743,0.0
pool1xs0xknp362he7dwm09yrtc3wywz468yyxk2cy3md04jjst7fcnk,35,35,35,0,0.0,0.0,14708.494830942858,<3M,0.0,3.0191428571428593,100.0,0.0
pool1nqvlnshuc27zfnjm2jjn3e9g7c6nv92qe95r30rpgvlqqemyup6,2,2,1,1,0.0,0.0,526.3360465000001,<3M,0.0,3.0,50.0,0.0
pool1468w3at8dg7r4t006rh84k6haw7nnht3ymy9zln33hzvztpyjum,26,26,26,0,0.0,0.0,386.1240849230766,<3M,0.0,3.0000000000000018,100.0,0.0
pool128zxs504x4ulqjkyml5vmcgc99md0zc9327578m6t82txvgg4tv,77,77,76,1,0.0,0.0,58516.076242493524,<3M,0.0,0.0,98.7012987012987,0.0
pool1qut47mh6wpj9z3sqwyu2flwspw0gmv488whvm4cya0x06sjfva8,22,22,22,0,0.0,0.0,5377.596769045455,<3M,0.0,2.0000000000000004,100.0,0.0
pool1ura3w5x8uy7mgzu0pd4kskap4hynt9zymt30h5macll4kuxpqnv,350,350,30,320,0.0,0.0,533.1887622942854,<3M,0.0,1.005714285714277,8.571428571428571,0.0
pool15zrj43nldc357nas0g7glm09wqhtyexxs64skq52mtg6sdrsjzd,350,350,350,0,0.0,0.0,662.9946221800008,<3M,0.0,5.020000000000032,100.0,0.0
pool14uzms3qp0mmxur6kerz4g3kxjyd050278wgy8mqd3pux6d4czfy,34,34,34,0,0.0,0.0,13315.060226500002,<3M,0.0,0.0,100.0,0.0
pool145syjlq30ph60rwwutnuxf73p029vag7tq7tv4jfj07nkh6spvs,23,23,22,1,0.0,0.0,10581.693759304348,<3M,0.0,0.0,95.65217391304348,0.0
pool1j0tvk2j7x5las9s3sp3vd8aqvg28nupyhdt3p9qxke3r2avw9dj,3,3,3,0,0.0,0.0,506.41590633333334,<3M,0.0,1.0,100.0,0.0
pool1r96tdg42e7qpxxef2fhzlusl4wtqjk24kznsj4ttar0f6adw0jq,350,350,13,337,0.0,0.0,3298.99467521998,<3M,0.0,1.2850000000000086,3.7142857142857144,0.0
pool14azlz8eaqymgg3f58f3q2h0gk5vfxgumc045jm3lyvsuuugh5nd,56,56,56,0,0.0,0.0,7544.857579285723,<3M,0.0,1.0000000000000004,100.0,0.0
pool14ellhm8umxdz5x96ktsun4q3kgpgmmgldy8geat8fhz9zj9d62q,2,2,0,2,0.0,0.0,29.442689,<3M,0.0,0.0,0.0,0.0
pool1fqnluegrkns2jj49vgvn8vvn5u8y4m2m3xptx4wngvf4cnwa2fk,350,350,1,349,0.0,0.0,27.136066645714287,<3M,0.0,1.9999999999999822,0.2857142857142857,0.0
pool1mnghpud4rypv76fgq5urhzaujlevp94tjxug6556e9qyua43ktl,350,350,350,0,0.0,0.0,8018.420307828582,<3M,0.0,14.999999999999908,100.0,0.0
pool10njemg96clmyks8umfs20m3k34dvszpds8etka07l8spum3lu7r,19,19,19,0,0.0,0.0,7723.25509221053,<3M,0.0,0.5263157894736843,100.0,0.0
pool1kyn4xguhrd600j4y9kvksptzjk8k4hz5rdcrxx3qw3jksuwjnwz,350,21,21,0,0.0,0.0,2367.3830994571285,<3M,0.0,0.0,100.0,0.0
pool19wulgnewwpeszs8gpccyk3snjefx0rp9qnenu4nk93wqxv4w2rc,39,39,37,2,0.0,0.0,785.311884435897,<3M,0.0,2.076923076923078,94.87179487179486,0.0
pool1x7pvy3wt79xu0k4u0ef0c73treazhkdw3786dgh0yfac2r3qhnk,271,271,271,0,0.0,0.0,1838.5563134022143,<3M,0.0,0.0,100.0,0.0
pool1dym0upg3atdr3j7z98890hdr9wxm9gn7ydmgndr2lfpzsda2jvj,20,20,20,0,0.0,0.0,1585.4734417499997,<3M,0.0,3.1000000000000005,100.0,0.0
pool1rmj268jpjncqrr0mcej7wf7n5lmcckv9p359e4dp74duqe7tljn,78,78,78,0,0.0,0.0,6.828020974358967,<3M,0.0,0.0,100.0,0.0
pool1t35fgf29mh3uruht4983937ftcaglc5rat65h2mshrflqt0g5rm,2,2,2,0,0.0,0.0,256.600862,<3M,0.0,15.0,100.0,0.0
pool1307ttu8qk8umyjq4gtrkchyk28shwyfrdkrcgjfmpnuvshxm0wd,18,18,16,2,0.0,0.0,5042.161034499999,<3M,0.0,4.88888888888889,88.88888888888889,0.0
pool16q8rhnyj65mtfz8rvf38ernr0jlcr5gcdpjzv0wgtqvcc5yw7g7,350,350,349,1,0.0,0.0,1026.8447737485872,<3M,0.0,0.9999999999999911,99.71428571428571,0.0
pool1jc24u7v5xsaw9dw6s0vftjat8ssc8ru4c0uhrj8zpm3usnrp03t,349,349,349,0,0.0,0.0,50012.18262807444,<3M,0.0,0.0,100.0,0.0
pool1renn86d9mty7jdq2qy32xk9lyl0lydcqx337e4504fzvvcye532,24,24,24,0,0.0,0.0,691.8892421250002,<3M,0.0,0.0,100.0,0.0
pool1y4xd29wp3wj5884sek35mvxsflxfdtev8jvc8xafmfkk62wwgk4,1,1,0,1,0.0,0.0,1.821499,<3M,0.0,1.5,0.0,0.0
pool14p6lu0454w4wq6gsxxftqdz43x3tuv3teunp8kgu08tacgf43gd,349,349,349,0,0.0,0.0,2421.44235903438,<3M,0.0,14.999999999999908,100.0,0.0
pool1cnye4z59xs33sa7cwnpx2jvj9mz0lmhrjfel7kkkac7v7z09jw2,12,11,11,0,0.0,0.0,3366.013967166667,<3M,0.0,2.166666666666667,100.0,0.0
pool1fr7npgpz50d2a4uqdawgww23vy5mxg2x7rhaz3qvr7s55zzee3h,36,36,35,1,0.0,0.0,8246.778647777777,<3M,0.0,0.0,97.22222222222221,0.0
pool1l9y3pjzxqd8aaq3zu7c29rfcrtvdn6at2x6yxy7ca6mewhgdf5f,14,14,13,1,0.0,0.0,2130.4602739999996,<3M,0.0,0.0,92.85714285714286,0.0
pool17qxacnpw0kh0c6w9py5lmjjlm7cka3ff03c3lw7f7mctsatwcd6,23,23,21,2,0.0,0.0,5.8059150000000015,<3M,0.0,0.5000000000000002,91.30434782608695,0.0
pool17ld9mxvs034r58rqgkmacgfvvyjxn84accxg7w3vd7pvzkm09gy,26,26,24,2,0.0,0.0,3891.6173977307694,<3M,0.0,0.0,92.3076923076923,0.0
pool1jwdy9q7jagvh32lckh2ycs4vcvefmjah897runp39tw8glalwzv,30,30,29,1,0.0,0.0,3499.813229633333,<3M,0.0,4.000000000000002,96.66666666666667,0.0
pool12x6z2am9fxpw7s8wfjpsdd4jm2v5wdj62fshv00ztpxr6jy3ztp,349,349,349,0,0.0,0.0,2753.9928448308933,<3M,0.0,1.0401146131805061,100.0,0.0
pool1sjtlvayw52hzt882ch2ylrxyey5v3qj47vtmq595n5wvklqel95,1,1,1,0,0.0,0.0,309.584488,<3M,0.0,15.0,100.0,0.0
pool1swzse8pd2atsr3zql933qxlzn5cjzrl0fjejsh7q3pmxzrupl3s,219,219,219,0,0.0,0.0,12556.643899913262,<3M,0.0,0.4999999999999994,100.0,0.0
pool1d2lw7azxlktnjhyl8qpl0rcyc9hffnzwt3pugq6h88waugq22zj,6,6,2,4,0.0,0.0,743.782734,<3M,0.0,4.500000000000001,33.33333333333333,0.0
pool10sdw2cfjnqav3sztasq8ce57395lyh0g6g5n573uerlev9whhe3,24,24,23,1,0.0,0.0,41049.86941970833,<3M,0.0,0.125,95.83333333333334,0.0
pool1rmfz9hheqnyuxta9nx5yt2z8pe5l5ahugg6f2aamp00hsx59r8p,46,46,0,46,0.0,0.0,129.30233254347823,<3M,0.0,5.0,0.0,0.0
pool1zjn2klc9xqrj5zhgqugzwrdrl3r0fwtlrq0e8800hf4kvkdues6,32,32,0,32,0.0,0.0,12080.160834125003,<3M,0.0,0.2593750000000001,0.0,0.0
pool1vht9jrtd95p2x34040lk2sfuld2a8507lckm9whymmw9z9ahpp8,21,21,20,1,0.0,0.0,479.1651235238094,<3M,0.0,0.09523809523809523,95.23809523809523,0.0
pool1p84ymzzcgtstu8ftacsn95var7a8wzelaj0wsdfty7mayccmgqx,4,4,0,4,0.0,0.0,8.575955749999999,<3M,0.0,15.0,0.0,0.0
pool1ga0h4pv0psju8z3j7l852elq92c7xshuspt27jklnx665r4l2q8,348,348,348,0,0.0,0.0,14.81212254022986,<3M,0.0,0.9999999999999913,100.0,0.0
pool1rtelf370z5ejduxe3rn5mk5vrvqxg5uvggqv3z2k0cc0wxy3c4j,58,58,58,0,0.0,0.0,332.09225355172424,<3M,0.0,4.6982758620689635,100.0,0.0
pool1s4a3y5ktdg7s08d6mntkctzc739h5n46t930jggef287cwz8pph,348,348,348,0,0.0,0.0,266.50721881609434,<3M,0.0,0.6063216954022923,100.0,0.0
pool16m6c5rcpm63k2606lkqadg3x5pykjwr4pthhj9h4ancquafwhjl,348,348,348,0,0.0,0.0,235.38694037356058,<3M,0.0,0.9999999999999913,100.0,0.0
pool19sk7acvpdxszed5hmckt0wmqxljalartue7d7d4a7qhwuw0n0ws,348,348,12,336,0.0,0.0,450.43750537356,<3M,0.0,2.0747126436781422,3.4482758620689653,0.0
pool1vu8w4eunc8dkt2mkq4nx5n80m5v9fm84j2jaar9uywpzxrayphc,3,3,3,0,0.0,0.0,398.943605,<3M,0.0,6.333333333333332,100.0,0.0
pool1xpptvfwpqau6qg7j8e4qatkzeartxm7ezux95evgv4zm6xxd3px,348,348,40,308,0.0,0.0,1747.7412202356072,<3M,0.0,5.000000000000032,11.494252873563218,0.0
pool1c4tqc60574fgcyqdy53vyv4dusjpj2zd9grm65avn6cz7equ0g6,348,348,347,1,0.0,0.0,6727.773614807489,<3M,0.0,0.0,99.71264367816092,0.0
pool1e8sekt6ey9u62x8ts943s3q8409dlnfrg9wmsndp05dck68qkd7,8,8,0,8,0.0,0.0,1213.333646625,<3M,0.0,3.125,0.0,0.0
pool1q254yu6wyy9026dnc7xdy07mxyf7uu8lkhjzktdpu0sg22q0uhz,11,11,11,0,0.0,0.0,2391.5790776363638,<3M,0.0,0.9999999999999999,100.0,0.0
pool1cekk85r4z2c49nhz54j3hfzvkcv86rkuvyra49hf8rjdua0lk4f,26,26,1,25,0.0,0.0,1476.2228830769238,<3M,0.0,4.807692307692308,3.8461538461538463,0.0
pool1sq7pf76nn7wx40g3hufdwc9g5x8eu0x8un0gkjhz9rwhjcyfsrn,200,200,33,167,0.0,0.0,19317.10421541999,<3M,0.0,0.0,16.5,0.0
pool1st9xr6arqq8f2hjsdz6urxejjwzpjkjceatnjuehhr9xuq6k4eu,348,348,346,2,0.0,0.0,642.8445146666702,<3M,0.0,0.49999999999999567,99.42528735632183,0.0
pool17tk7zr43dmlpqytk29ma5emxequ7d6nqelr0xn5zrmx9uvqkc5c,9,9,9,0,0.0,0.0,160445.43302500003,<3M,0.0,34.633333333333326,100.0,0.0
pool1ry9tzwv8hn2fyhepcqcx0r8w8nj0s3hn9uvhfxj42lvwx2cyxmj,53,53,53,0,0.0,0.0,62080.21891484908,<3M,0.0,0.0,100.0,0.0
pool1mysnlxv87ludyudax6gh3n0lmhgvs96e9qzqs5yhns0hyfk0wh7,22,22,21,1,0.0,0.0,2541.5533701363643,<3M,0.0,0.8000000000000005,95.45454545454545,0.0
pool1kex5e83gzs7v84zjh6hpuglaalrn4qqdxykesap3q7v7y8rn22d,147,147,147,0,0.0,0.0,8471.97178717687,<3M,0.0,0.8163265306122448,100.0,0.0
pool1scf33vtacfc9ga6rc8mgm72x358nha67hc85a34ywjvncxaan5p,19,19,18,1,0.0,0.0,5602.703710526314,<3M,0.0,3.0000000000000018,94.73684210526315,0.0
pool16g4atk6yaj7hxexrlhyf96gtxts3kjs5wszvxmq0paw3xdre68q,347,347,63,284,0.0,0.0,10940.63838989336,<3M,0.0,0.051527377521613835,18.155619596541786,0.0
pool1v4apprjghtey2w0gwcq49fnttrzd6q5832p7gxa9ckgvsjvjc06,29,29,29,0,0.0,0.0,24118.462037965524,<3M,0.0,1.0689655172413797,100.0,0.0
pool14fm2a0njalnl8g5zh3ep07um6nyul8qhxm9pyudtvccs53acjkn,39,39,38,1,0.0,0.0,51929.348969999985,<3M,0.0,1.7948717948717965,97.43589743589743,0.0
pool1m2v9pcquh60ykask2efnsuw4crztcq95ejzcwy3dzakccrtzc8c,2,2,2,0,0.0,0.0,102.33703650000001,<3M,0.0,0.5,100.0,0.0
pool1cshuf0jy40a83glgwakert9czfnqrpyq6zwqly2705mrwkajuhu,347,347,347,0,0.0,0.0,2828.995516417866,<3M,0.0,0.9999999999999913,100.0,0.0
pool1pgaslyq75rg60qf8ept2jj3kpuej8wds5l4mw84g9x9j6e60x8q,9,9,9,0,0.0,0.0,196.1855948888889,<3M,0.0,6.11111111111111,100.0,0.0
pool14w5ask2gdumhsqwjft86qhrlm306hvyr7a0pzhkwrsznjsy6ar3,39,39,38,1,0.0,0.0,15196.082594333338,<3M,0.0,1.3076923076923084,97.43589743589743,0.0
pool17pappd4r69ag7ud695he8rhygzh80qvtdtv8k25hjyggzz8gc53,347,347,347,0,0.0,0.0,1053.239171999993,<3M,0.0,2.9799999999999867,100.0,0.0
pool1a9j9dtdppvfq94w84ns59fnrptz3cj2mkwpmku57e2yf5k6a4ae,347,347,347,0,0.0,0.0,91.47950051296857,<3M,0.0,5.000000000000032,100.0,0.0
pool1es94p2rp672w2lmv538ecnv9tf368kje7tmg7vca75z3vazs34z,1,1,1,0,0.0,0.0,190478.590144,<3M,0.0,100.0,100.0,0.0
pool1h4zdd7hfgqsltau0n67jp8tm2s5w06sgdhxe93dyp5mn5c2eg05,4,4,3,1,0.0,0.0,2097.44202775,<3M,0.0,0.0,75.0,0.0
pool1553w8qvrpxaxz7jgcktn679qgw2u6n89m955p4jxgkxfuj53afc,158,158,157,1,0.0,0.0,20485.89043468983,<3M,0.0,0.0,99.36708860759494,0.0
pool1aan2l68g2763ff552tuagazc88m0f8jrq2202z0m0lakcdpw5qa,27,27,26,1,0.0,0.0,53317.28264162962,<3M,0.0,1.0000000000000002,96.29629629629629,0.0
pool1k4gwt0kxzpzz60needzsqsqng5jp9flmwcdxhs4pjvgrv6m400y,22,21,21,0,0.0,0.0,24923.97390763636,<3M,0.0,0.8500000000000005,100.0,0.0
pool1a26gnntcj3j5v7ng599qncn7uuav2sp560xwlkvp3pqlj822jtl,347,347,347,0,0.0,0.0,1321.3336542910592,<3M,0.0,5.000000000000032,100.0,0.0
pool1mayjfth7yz6mpd4hhtcwl974ut8hld8hls2f07rrdul3ypqt9rm,347,347,18,329,0.0,0.0,29.623641775216143,<3M,0.0,0.0,5.187319884726225,0.0
pool1qzy7mvpszcng5y6m4wa737clzt6h3878wx8xwf2ml0jhqkk7h8l,94,94,94,0,0.0,0.0,18951.049824436148,<3M,0.0,2.999999999999996,100.0,0.0
pool1rs4lgpl7g02mhenqj3gt994e7lkh0npw7pzc934n2apfwrpmklh,11,11,10,1,0.0,0.0,24418.313786454542,<3M,0.0,5.0,90.9090909090909,0.0
pool1wg2u58u9fgnf374hruvtpkgsh9688hgfx28huf6zt6edvy3fckx,74,74,72,2,0.0,0.0,1464.6722602837813,<3M,0.0,5.797297297297298,97.2972972972973,0.0
pool159e0enndxfq5kqcgzc6dj05a8lmf9wvkychulqss07klq6j7d64,33,33,33,0,0.0,0.0,1501.6081801515145,<3M,0.0,1.0000000000000004,100.0,0.0
pool14pwff25hl70dusazjckjqvzft35ew67t33x49hwjm5j7y675ere,347,347,346,1,0.0,0.0,117.32999356195943,<3M,0.0,0.0,99.71181556195965,0.0
pool1h7nugww5y2q74435nadg6gggsj20nj5v3dq0w2gjwp3qvrpvgzh,346,346,0,346,0.0,0.0,27.597981999999952,<3M,0.0,0.9999999999999913,0.0,0.0
pool1ysnxzyr2ck49pxafgq52tt8wzdhpcsqw3jxdftf7u2whgtmry3k,346,346,4,342,0.0,0.0,2725.505059078034,<3M,0.0,14.999999999999908,1.1560693641618496,0.0
pool1vekz9v9ntugs7g3flpg2q3au8tp7205zsyl9kh03g72s7rz5hvm,346,35,35,0,0.0,0.0,386.8864719537572,<3M,0.0,0.9999999999999913,100.0,0.0
pool12nzvdzuetz2xset22qcykauk67wvlvg4qcyyv89wn4mzzsvxwvc,13,13,13,0,0.0,0.0,1142.9878667692305,<3M,0.0,4.076923076923078,100.0,0.0
pool19w58kjpq4w808n8mgfzutfakngudwjyrdga8mkv3z9vwkn4x9p9,6,6,0,6,0.0,0.0,6608.299679166667,<3M,0.0,2.833333333333333,0.0,0.0
pool1jtwq2ned2ggxmef07zq6legsa8vjntje04rkhwa325n6j5689an,148,148,56,92,0.0,0.0,188650.3109452029,<3M,0.0,80.4054054054054,37.83783783783784,0.0
pool1l92x52u37neuc2w38wrgeu3esu9qzddmzvkvyuf9vfk5gav8nxl,22,22,22,0,0.0,0.0,82714.75379695454,<3M,0.0,0.0,100.0,0.0
pool1a0wm2emve4y6e3tn8lnhk9vfhk9u7wgjqmrs5zfsn792gjtquu3,346,346,2,344,0.0,0.0,111.26496750289083,<3M,0.0,7.499999999999954,0.5780346820809248,0.0
pool1xn6rwtc6m7hnf66006uk3r0yp3yt5cq7u95esu3xg4mk52cva8w,346,346,346,0,0.0,0.0,1975.16206060986,<3M,0.0,2.9999999999999916,100.0,0.0
pool1vj08te6uceklte43cy6canq7te45qjmmm0dhewy0kvstyjmgqzt,346,346,0,346,0.0,0.0,9129.434856615644,<3M,0.0,0.7499999999999979,0.0,0.0
pool1r42mflzsgl6fe6efj4hqfywx2a8vrejf8vuv5eknl98sc7eqtm4,26,26,17,9,0.0,0.0,3827.1955872307694,<3M,0.0,5.30769230769231,65.38461538461539,0.0
pool1hjgur5km5wes8u0w4l6rj3e0aa2natyfzwt3lm90rkeayv7r2pt,10,10,10,0,0.0,0.0,1099.0385485000002,<3M,0.0,0.3,100.0,0.0
pool1xnfdjhn03jefkng49cajuvg5j4xtkm5f6fk2utncxgxzkgvdxxa,6,6,6,0,0.0,0.0,30169.202432333335,<3M,0.0,1.0,100.0,0.0
pool1zfca0a6fvll53qmm5ehckl5vz76jxgvycl93hq6yc8d5cgf4tx6,39,39,38,1,0.0,0.0,997.9007036153838,<3M,0.0,1.0000000000000004,97.43589743589743,0.0
pool17jd3l8a64jsddmjdxjxw6t0l798ktpxdqm246lk7arucz32fupq,142,142,142,0,0.0,0.0,24397.613922591583,<3M,0.0,99.007042253521,100.0,0.0
pool16gkhcchdyqr7a9vtupchcdaq4nu77tq9t0ny0k9m877u7zv03v2,346,346,345,1,0.0,0.0,7063.10261686417,<3M,0.0,1.989999999999987,99.71098265895954,0.0
pool1yd30pmjhfwy0dhpvdtahhhmgqp0qxw3auy5ammtmug2lgfm2vn7,78,11,11,0,0.0,0.0,2540.012182987182,<3M,0.0,1.246153846153847,100.0,0.0
pool1cfj8s25dtmmuew93ey3ppmjtwjngew0egph02y5hlm0dqtchq2x,1,1,1,0,0.0,0.0,47.442645,<3M,0.0,2.0,100.0,0.0
pool1rkknx2m6h3dw6y6t8ux6fx65mxamgk207mdwtcc3yvas2yyrvxp,346,346,3,343,0.0,0.0,600.2199783034667,<3M,0.0,5.028901734104078,0.8670520231213872,0.0
pool1p8cgpwp63e08jsckma4y83x4ehc3ynt0tuameh99hmreg0hf7mx,346,346,31,315,0.0,0.0,611.4443511473992,<3M,0.0,0.08670520231213873,8.959537572254336,0.0
pool1jjxf4ww23qdzlekpfypgta24ckx6swsqx69utsy4mrefyepg3cx,6,6,4,2,0.0,0.0,10141.658055499998,<3M,0.0,1.0,66.66666666666666,0.0
pool1vzaj3dj2gkvryzacp2fmd6cuzeh55epzdqj7xn97xy0n6cv4xgw,3,3,0,3,0.0,0.0,3346.449611666667,<3M,0.0,4.0,0.0,0.0
pool1gqvmk9a9djc7kpmv5mxuv3895c3p0n52efh79pkgcd5junvfqmr,1,1,0,1,0.0,0.0,3.440885,<3M,0.0,0.0,0.0,0.0
pool1pc45vulk24gjhmuujsmzptsdqqswjxp0fgfa3vsgw03tc0lp2ts,22,22,22,0,0.0,0.0,100.82515818181815,<3M,0.0,7.499999999999997,100.0,0.0
pool1238nh5z5getne2vs9st5uf7a4kj90pm3alwdjz6gu4ql78eecm9,11,11,11,0,0.0,0.0,47983.127852,<3M,0.0,0.36363636363636365,100.0,0.0
pool1tj4ah3x8l72m9hv4cmnhtuvvc7a6wucq5y87chrglra9caq9776,41,41,41,0,0.0,0.0,1000.0,<3M,0.0,5.000000000000002,100.0,0.0
pool1nas73ykumj4ns95yawdxc2kfam5cj6yqw8sejgl4g844vnvuxzc,65,65,64,1,0.0,0.0,2203.430121984612,<3M,0.0,2.000000000000001,98.46153846153847,0.0
pool1v7qmlru8hktqtsl0qzegmymvgzey7v9jdtrd9em7tj76jp5l7aj,26,26,16,10,0.0,0.0,12995.399572615383,<3M,0.0,0.1423076923076923,61.53846153846154,0.0
pool163upd22vyphcg5gu90f0vm44gc04qwak6fl7vphdg0fxcp0ga8k,50,50,48,2,0.0,0.0,1094.9457314599997,<3M,0.0,2.7300000000000018,96.0,0.0
pool14y3wr9lkqyeg8z8pwuprmjwahr0ydu0pjs8usy2g93mugtpx622,345,345,345,0,0.0,0.0,725.9970225072478,<3M,0.0,5.000000000000032,100.0,0.0
pool1fnvj5za9k5ev88l8tw0nh3n4tn582gvf3d6vmuv7nh4ustqecn5,345,345,345,0,0.0,0.0,4077.8914540521623,<3M,0.0,0.0,100.0,0.0
pool1lxszd3xh9v7shhrr3ylj4s49ge3f65uggmm04yf4kqs6zx7r2xa,14,14,13,1,0.0,0.0,15552.250146571427,<3M,0.0,1.9900000000000004,92.85714285714286,0.0
pool13p8rkc9nv8umw98qdvjqv0tmwgjmzlmyedrd3m50pjpp58ek53a,345,345,345,0,0.0,0.0,7957.3528434638565,<3M,0.0,1.9999999999999827,100.0,0.0
pool1kmauk27t4lcgwz8u2gqldveur74s8nzjt24had305ugc2uy8d4j,22,22,21,1,0.0,0.0,16518.928143681816,<3M,0.0,0.18181818181818182,95.45454545454545,0.0
pool137v8645ntsr26rmmq048r9g4j2xywfratlzhx9s0jvmqynh8etp,18,18,18,0,0.0,0.0,1266.7975992777783,<3M,0.0,2.000000000000001,100.0,0.0
pool1q86d5lfjtyrq8yzkyc55dy5p4yw0qvgkp5nqgr9ld5fv6ustg8h,345,345,16,329,0.0,0.0,110.80318170145244,<3M,0.0,1.9999999999999827,4.63768115942029,0.0
pool1vcmqgcykx4k3ngj2upkyhu424dsn85ansepz2xmdxg4mqw7w6ac,345,345,343,2,0.0,0.0,121900.9560581079,<3M,0.0,4.031884057970981,99.42028985507247,0.0
pool1luwt2c73ng94v20qv75dcyduml727s39w3yr8xvx6eue6ae58h2,345,345,35,310,0.0,0.0,1589.5536469188414,<3M,0.0,0.9999999999999913,10.144927536231885,0.0
pool16jhjt6nly4s5thsjc0yek6h9prwtkqhq6dff2mkjypweut69zh3,345,345,343,2,0.0,0.0,137.02805218840587,<3M,0.0,0.005217391304347826,99.42028985507247,0.0
pool1262tkyavd3qylxlmalzpe0u4dhe3t3zvvey088w58epksevpj2k,34,34,26,8,0.0,0.0,995.9341124411769,<3M,0.0,3.0000000000000018,76.47058823529412,0.0
pool1djhpgl90vjen6tdlhhugkg6ue5yslep6xecq662p5q6cva8zd92,9,9,8,1,0.0,0.0,7206.075590444444,<3M,0.0,0.5555555555555556,88.88888888888889,0.0
pool1s8ywxk8stwrhp7e5wezgsk9fju9my4qn4sm9a5nmhqjeynydv6z,11,11,11,0,0.0,0.0,1209.3650956363638,<3M,0.0,0.9999999999999999,100.0,0.0
pool1myw0304x7q2zuk24pzmf2rwwcwlh9p29pnj257zzjcd9j29s4xl,345,345,345,0,0.0,0.0,340.41708100000284,<3M,0.0,0.9999999999999913,100.0,0.0
pool1n89ngmrvdtk0kr8keusheefldnxesn4ktstak5exnvgh6zd2laa,10,10,10,0,0.0,0.0,14.028920199999998,<3M,0.0,0.49999999999999994,100.0,0.0
pool18n7kk90klq4uf45j6pguqskyrxe9eprgfgrjhr7cpvdxzus3zn8,345,345,0,345,0.0,0.0,1117.9205285941864,<3M,0.0,3.034782608695643,0.0,0.0
pool145v4l7yyrrfsgwq99yl7rtr6xa3jmdj738wlwtv8tkp4qgvvl9t,43,43,41,2,0.0,0.0,401.38771046511636,<3M,0.0,0.6395348837209306,95.34883720930233,0.0
pool1sxhea6lyxhymppd96xjeqe6vznfznplg90rcr4e8rtq6vm33t3z,10,10,10,0,0.0,0.0,1636.5223892,<3M,0.0,0.0,100.0,0.0
pool1w03kdpxna6lru84ewqfvw9vn32gn2c5qu6wjau5pyaygsmsj3j7,24,24,23,1,0.0,0.0,3693.9487607499977,<3M,0.0,2.5000000000000013,95.83333333333334,0.0
pool1a40qpxlsqwjk4a9yk636dcawly4dcrd6l26tghjxlr37cmlrwv4,345,345,345,0,0.0,0.0,689.0607947623205,<3M,0.0,14.999999999999911,100.0,0.0
pool17gll0fwhszemvm3ngt4l3jehrtwknggt334lh602lpkpy5eytqn,10,10,10,0,0.0,0.0,1001.6029611000001,<3M,0.0,0.0,100.0,0.0
pool14xn92tl40w4wzkqjwn6y6jqdnkj69xfxcenmympgsarvk6hkqkp,28,28,27,1,0.0,0.0,21684.279323214287,<3M,0.0,0.2857142857142857,96.42857142857143,0.0
pool14a2cm3gxv5alhfsfz93zktvmss9wdjqespkh2yn4rahy2dayynz,19,19,18,1,0.0,0.0,7338.514179789475,<3M,0.0,0.3157894736842105,94.73684210526315,0.0
pool1xhelxy75l3es2yvc92jz2tay66wcrhtkgwcs0azuvke2s0nwz3r,19,19,18,1,0.0,0.0,17214.27997357895,<3M,0.0,0.0,94.73684210526315,0.0
pool1echarnqqg75u2e4xsxl80nr0s0tdas0jxrqudcaqt67h2l8vs7a,4,4,2,2,0.0,0.0,1136.444427,<3M,0.0,28.000000000000004,50.0,0.0
pool18aklqwussc7j6y9nap8vxst4ht8s6sv76ge9799rzv3lcrau7yg,345,345,345,0,0.0,0.0,1522.2099619391272,<3M,0.0,0.0,100.0,0.0
pool1a3w9f6q27685cr0w2chwqm093t93w60f6qfxmzc479slg5w79yq,1,1,1,0,0.0,0.0,147.057699,<3M,0.0,1.0,100.0,0.0
pool1x99h27vrhshhvj0yaae2yth32ctqtxy28uj7nlkcla4l5u0k4sk,10,10,0,10,0.0,0.0,635.9475979000001,<3M,0.0,0.0,0.0,0.0
pool1tp2myhj7pfapnjwrp2xaxaa7eur5e0nhjku86ev8wk47g2s9ukc,2,2,2,0,0.0,0.0,10694.4764635,<3M,0.0,0.5,100.0,0.0
pool1eev0a7vnhaktr9v7uyxau23yah2ycez32724zj7k5nlgjayzvt9,6,6,6,0,0.0,0.0,23437.729408666666,<3M,0.0,0.0,100.0,0.0
pool1aua33jlfntjm7a3xc5d63jmxuycwlwkv7xx0mu04zfjeyc4up7c,276,276,276,0,0.0,0.0,538.2749381123174,<3M,0.0,1.9999999999999893,100.0,0.0
pool1ja80t0htscp6v6htjr276ycj7v08h5ds6ued7qyr4avzztj8wfz,53,0,0,0,0.0,0.0,5614.743506735863,<3M,0.0,0.0,0.0,0.0
pool17ldnu9mcllycx0klst77xzk2s7qhu2xshrgrg9zy74842476era,34,34,32,2,0.0,0.0,4537.2655313529385,<3M,0.0,2.7941176470588243,94.11764705882352,0.0
pool1ah5jv4mrq0z7g4wuhjjnc24kfwqekwcap0wqmsr57thfg8mpr4n,344,344,343,1,0.0,0.0,1589.4108253284778,<3M,0.0,1.9999999999999831,99.70930232558139,0.0
pool15d764rw53wuy5vtp6wcd7rt2g9snxzeumnzqqfnjskkj57ktrd0,60,60,59,1,0.0,0.0,5708.490798950002,<3M,0.0,1.0000000000000004,98.33333333333333,0.0
pool1ecqt8vmkmu2mteqlkcxl4v6hp0ngzmgpx6k6wp2hp8tguq88u4l,344,344,344,0,0.0,0.0,26817.00956945341,<3M,0.0,1.499999999999996,100.0,0.0
pool177usa2dglguukv50466mhtktuzlnhhvfand23tyf5k5w6yyy527,36,36,36,0,0.0,0.0,3330.212927472224,<3M,0.0,4.083333333333336,100.0,0.0
pool1wecu9f8x79hcqz3txmww4869td6nvle3ph6vg6xsrquqknmxp9t,3,3,3,0,0.0,0.0,80620.61368533333,<3M,0.0,0.0,100.0,0.0
pool17j3xe6h8tpsdm4z00uu9ccfgzxwg7f247d7kznzykyvvsm4vujk,8,8,8,0,0.0,0.0,1285.9817515,<3M,0.0,5.625,100.0,0.0
pool16h592cgxkwxd4xz86sgpznzd5pgs68fjmcrd5j30gfuezd5yeya,72,72,72,0,0.0,0.0,215356.89535915284,<3M,0.0,1.7708333333333315,100.0,0.0
pool1guu57lrw9hf3xm5vm4e9vern2ffskgtsmj3uklxs62n86ggq45l,32,32,32,0,0.0,0.0,302.3313657187501,<3M,0.0,15.000000000000002,100.0,0.0
pool1rlr77yeypr6uyzaup6dmnzchur6d8quxdr32m86aw0tsxnr8wr6,6,6,6,0,0.0,0.0,1298.1470793333333,<3M,0.0,1.0,100.0,0.0
pool16rn3ecl5mlczwlk0trljht0r4y8ll742gaywh8c0z780uqeztgq,90,90,88,2,0.0,0.0,25807.330627155585,<3M,0.0,4.999999999999991,97.77777777777777,0.0
pool1dtnh8fgcq459u3c2m922hqu66gry5k6yx9f49lr9c7302csd8u5,14,0,0,0,0.0,0.0,371.3892462142858,<3M,0.0,0.15078571428571427,0.0,0.0
pool19nhmxfd2tts089nx742g8jtc2ynwstkhp2594y0wwp6d5we25f6,344,94,0,94,0.0,0.0,101913.50713682281,<3M,0.0,51.75726744186046,0.0,0.0
pool1emrndzcjd2jps0jzgkd66ephzqauarp95upat87fw7n7vnknwu2,5,0,0,0,0.0,0.0,2.5115293999999997,<3M,0.0,1.0,0.0,0.0
pool16q7l6eh624s05s7gl3fy7a3fn5z3qtm299lzlw3tlfde5p9c32s,30,30,30,0,0.0,0.0,85.07382883333331,<3M,0.0,0.0,100.0,0.0
pool1gh9fwg4cuz7whuthecj2ztj7deqhtgkn7avjgedn8jajw073vpj,5,5,4,1,0.0,0.0,20002.0609494,<3M,0.0,1.0,80.0,0.0
pool1elhwejflhj060whs842647qk50frje36d66xlpqzvd767xvqk6t,36,36,36,0,0.0,0.0,9321.197497611109,<3M,0.0,0.0,100.0,0.0
pool1hgksl8y3637f88zhet6g8j8seq2kzp6v2qt4ct2maxaxzt0pmmj,344,344,344,0,0.0,0.0,806.4697090523242,<3M,0.0,1.9999999999999831,100.0,0.0
pool1lym9xt9e88y2emmlh2nlefyrq933a3eda2xhrvrzxurk7s5h8e7,27,27,26,1,0.0,0.0,10880.07023707407,<3M,0.0,1.0000000000000002,96.29629629629629,0.0
pool1neyw9udmkujktu47dp3u958xfmka207exzrxe0le79ulxhvtf3l,5,5,2,3,0.0,0.0,12.6174748,<3M,0.0,1.4000000000000001,40.0,0.0
pool123gn9my6u32zea8l3uk889rjj2qf2tfagcz67q4v4r9ccjjtge7,343,343,343,0,0.0,0.0,6002.530132857139,<3M,0.0,14.999999999999911,100.0,0.0
pool1h9srecg2zs3dpmgwh0llvuv4vhg2jtwmud4kahlsgd4djdtvner,16,16,16,0,0.0,0.0,1737.2708614375,<3M,0.0,0.0,100.0,0.0
pool1j3660wj8q4ur8lhfm9ja9grc88eqfkd57gxsqsrwheefk3pv4rr,1,0,0,0,0.0,0.0,10047.659274,<3M,0.0,3.0,0.0,0.0
pool176g2kl2usep3wxmkpa032hz43h9xn6wjxae6u0a4almhweyhyg5,21,21,20,1,0.0,0.0,2617.897613285714,<3M,0.0,3.380952380952382,95.23809523809523,0.0
pool1h5kewwuh5jh6cuq52nwu5w7g8488qsp8ja7ahs8p2ln8ygde8xf,343,343,343,0,0.0,0.0,8249.399337486844,<3M,0.0,1.2886297376093145,100.0,0.0
pool123v70pyw5tzkdwwgug56j6qy2msg9hpvww0jpapqvcg96ep4nj8,34,34,33,1,0.0,0.0,4097.410406029412,<3M,0.0,1.0000000000000004,97.05882352941177,0.0
pool1v36zuyvnkl3cp3nwv8zxl4n2cpe0wp7rm5uvsmhea3alqf6hzfu,11,11,10,1,0.0,0.0,6571.522811545453,<3M,0.0,4.545454545454546,90.9090909090909,0.0
pool14ew090sndtesemvvdk4w06ht0pc2wrmx9ttdtj2jqza22r4s99v,13,13,12,1,0.0,0.0,15550.015109846154,<3M,0.0,0.9999999999999999,92.3076923076923,0.0
pool14lka9609z3f9kpj0cy2kddupypg0mw2sevehu949hwccsrghrym,20,20,9,11,0.0,0.0,1146.0925505999999,<3M,0.0,1.800000000000001,45.0,0.0
pool12ec53y7ga26kc297tyzsfs549xl57zrv290ras7aw4yf786mle5,4,4,3,1,0.0,0.0,162987.11120500002,<3M,0.0,0.2,75.0,0.0
pool13lswc5y4zycu9u63ktssp6rnczt97fy54cqk4s2ehwjawg5tlh6,343,343,343,0,0.0,0.0,261.7799605830904,<3M,0.0,0.46705539358600623,100.0,0.0
pool1z2z7wjc2mqaxk2l36aj3qvjnknc4ucjydq3k9yk2wxqcxlpmvnr,131,1,1,0,0.0,0.0,1406.3767559312944,<3M,0.0,0.06106870229007634,100.0,0.0
pool1zcsewd3lx0az3jqhf2myk56vj748h2z54jascwfn7keqgn6vah3,1,0,0,0,0.0,0.0,97.447133,<3M,0.0,2.0,0.0,0.0
pool14wf5j4jewvlr5z2dw3d7fukjay2dk00davja2q9l90lukpt5t5j,3,3,0,3,0.0,0.0,0.0,<3M,0.0,0.0,0.0,0.0
pool1v8cx78z8fqu4438vcmg20qlp4qujks8mrrlrcer6aa4f6eg9u2k,343,343,0,343,0.0,0.0,9643.86206934407,<3M,0.0,2.999999999999992,0.0,0.0
pool1edm3pa2da0dz2sq9mgfqgf8nr2tjtnplhnvkdwuwd6j0ylmfxpp,343,343,41,302,0.0,0.0,126.4308892536442,<3M,0.0,14.999999999999911,11.9533527696793,0.0
pool104ug5smdp7ykd8qjcvk9vwjm8yjldwldymcq2zlueymzje6mu3q,35,34,34,0,0.0,0.0,4469.768933342856,<3M,0.0,1.1285714285714292,100.0,0.0
pool18ecuhr75yr6zt9e707shkj5w9p664syqnkt8gmmlkydg27z39xt,343,343,63,280,0.0,0.0,248.4343950320694,<3M,0.0,0.9999999999999916,18.367346938775512,0.0
pool1947a6fc2nkguajeutzhhwfnumd0pfszlekcmlg4n7h7y7lgtedx,22,22,21,1,0.0,0.0,145097.70602995454,<3M,0.0,0.0,95.45454545454545,0.0
pool1cmm5tjl7ke60jgkkq5ne8xmgjdmxlqd7m5u3xv8nk8ek2rt6my7,13,13,7,6,0.0,0.0,6741.066814384618,<3M,0.0,3.000000000000001,53.84615384615385,0.0
pool1cfwwnvmd4887j4m2d0kk59244t2a3qufs3y04hjwcea3z8ywgp8,19,19,19,0,0.0,0.0,2099.5598464210525,<3M,0.0,1.526315789473685,100.0,0.0
pool1d04sakv5um2c8yrp3lm9ncncupgl7f7zw0lz2yuz3jrzsxvf42n,342,342,51,291,0.0,0.0,23889.955553371306,<3M,0.0,1.5497076023391805,14.912280701754385,0.0
pool1ftr2y8uhfghp7qd3u7n98e7c69yjqqpwj90zw767x7klgf67fmw,2,2,1,1,0.0,0.0,633.0618625,<3M,0.0,10.0,50.0,0.0
pool13nxvgx29ce2mn45ngcj0qmj567sy6qhg8gllve0e84w2gdp6fqh,18,18,18,0,0.0,0.0,77.83152272222225,<3M,0.0,0.0,100.0,0.0
pool140j5dhrhhvpa259wa6wmnqzt8ha872mqa7hg92u8v4e2ym8t9hx,49,49,48,1,0.0,0.0,16404.81903569388,<3M,0.0,1.2857142857142865,97.95918367346938,0.0
pool1cgplf6z20lyhfxaw2mz2zdf5htgkdexvljpk7yurll3nwrhmj3a,1,1,0,1,0.0,0.0,0.0,<3M,0.0,1.0,0.0,0.0
pool1r48usrtdxqzt6dmd02xgjss8xgqc9pc92cpkm4pykywnv7n33g6,342,342,2,340,0.0,0.0,9.030311499999806,<3M,0.0,2.0526315789473504,0.5847953216374269,0.0
pool1ppshs6x5z9lm5sskrreu8j4ycrydddualr72jpudp63nzls94zh,42,42,42,0,0.0,0.0,4637.172175952381,<3M,0.0,20.26190476190481,100.0,0.0
pool14hp04q89xy58gh9jjvfra5x8lfzd7jes3jljwcjrh0rcjqkss7y,108,25,25,0,0.0,0.0,18301.13524541665,<3M,0.0,15.000000000000021,100.0,0.0
pool1qg7eu5vz8q3vlfgl65v93zpcy0dsdwkf8ye28yxdjgaa5xtekx3,1,1,0,1,0.0,0.0,650.0,<3M,0.0,5.0,0.0,0.0
pool1zcdptx4spapxquc0rpeu33ucc3x08g9wxsmm0qchqg0dgxrh6g7,342,342,342,0,0.0,0.0,808.7674401812862,<3M,0.0,1.1637426900584673,100.0,0.0
pool19ld34dteejm5z5avr858easgmxuusay9u8avw27upfjw22t9th7,37,37,37,0,0.0,0.0,218.51562791891882,<3M,0.0,15.000000000000007,100.0,0.0
pool1k5huxhzf9wa58peaktsme3p3ym4c75uu5vudcknemjqjw8d5fj5,6,6,6,0,0.0,0.0,23899.870884833334,<3M,0.0,0.0,100.0,0.0
pool137z0e424exkl23u59a6p8q2mvzqsw8sxlv2gy8vs8zmkqzq2wk9,34,34,33,1,0.0,0.0,108903.4558663235,<3M,0.0,0.0,97.05882352941177,0.0
pool1n9wslu03uufl86uw6glnk5vca952c82gk7qd9mftvxqej3ywj8k,27,27,27,0,0.0,0.0,4267.136604925924,<3M,0.0,1.5370370370370379,100.0,0.0
pool1um9m5j0d0vcsdck7saex63dx7amm0apdm2aw0kj72ae0ck0jqrv,28,28,28,0,0.0,0.0,3458.9737300714282,<3M,0.0,13.571428571428564,100.0,0.0
pool1jkmxntr970uy6t0lr8qlpezr5lcymha5z4jymv3hvy2xkngf89q,3,2,2,0,0.0,0.0,908.4598963333334,<3M,0.0,5.499999999999999,100.0,0.0
pool1etnp6cpcped9ac67hwkfjdt9839dhrjd0a0daf9swssaush04j7,17,17,5,12,0.0,0.0,287.7349134117648,<3M,0.0,0.05882352941176471,29.411764705882355,0.0
pool1vnmt64rmtmpuxhsc6xcfj4403hfw2wma575m0av0832cqeplu2v,6,6,4,2,0.0,0.0,403.725202,<3M,0.0,0.0,66.66666666666666,0.0
pool14pd52qa34sux75pr582c0np00rvhx3jvp02zxnqphgspg5yms4n,2,2,1,1,0.0,0.0,49833.473502,<3M,0.0,95.0,50.0,0.0
pool1j7cypyjzhcfuy0gsuc2vtd48cpsc0utmqkq09fjlp5dgsjrs7pg,342,342,342,0,0.0,0.0,1093.220581228064,<3M,0.0,2.9999999999999925,100.0,0.0
pool1k0uv5fhsr74we0w7gfkv6m7r9rfpvgz2u7v66ppe0vxsvj0pzvt,342,342,342,0,0.0,0.0,1379.8341264795247,<3M,0.0,89.99999999999996,100.0,0.0
pool15em5uvfe8ujs3ny6ydcnynazvxhnk7dq9hu8zp4qf5jmknx32jn,342,342,17,325,0.0,0.0,6279.857834906441,<3M,0.0,99.00000000000048,4.970760233918129,0.0
pool1p6hcxptwdpepslluq44shkzgk72k5gsszhhllykdcvts6xnrwvg,342,342,0,342,0.0,0.0,5028.63031366959,<3M,0.0,0.0,0.0,0.0
pool1ed2usjswfh2hfyvatwuwl959y5g4fkf63uxtadcuez0l2rjn747,342,342,342,0,0.0,0.0,1335.5126435233944,<3M,0.0,1.9999999999999831,100.0,0.0
pool1xcurp0w5n96nmxmkclpq55frew79sfw885j9wctlu0e5ud95rcw,13,13,13,0,0.0,0.0,401.2589597692308,<3M,0.0,5.76923076923077,100.0,0.0
pool1ztz3370gwds2v7hjzgtns33f7kw0qp0zjx34esg3dvlcycnnte5,342,342,341,1,0.0,0.0,106.33132433918115,<3M,0.0,1.4999999999999962,99.70760233918129,0.0
pool1ujy0vpwutsk46v6sytvd2xxszzp4neencpkph5prl20vssnz3dv,14,14,13,1,0.0,0.0,50296.70487578572,<3M,0.0,1.5714285714285718,92.85714285714286,0.0
pool146u0r8qh0jg6rd3th76q6cepwm03nya4pkvfj08juqrz7wxnfv9,342,342,0,342,0.0,0.0,7.919360409356761,<3M,0.0,1.9999999999999831,0.0,0.0
pool1defamjqpytggsjual3empnpjd7dme30xpq39hxvmxg8xvhtjmn3,6,6,5,1,0.0,0.0,388.06583433333327,<3M,0.0,0.5,83.33333333333334,0.0
pool1up9kmflr68jl0mr7n9hlvkhdl38z78yhgxgh58cqyjhvvmr4edy,10,10,6,4,0.0,0.0,3487.2224553999995,<3M,0.0,0.0,60.0,0.0
pool1qrmc270m32g080pks0uvyf0hhj7m8gyhgckkpy32l7nnzrll85v,341,341,341,0,0.0,0.0,645.2603506950143,<3M,0.0,14.999999999999911,100.0,0.0
pool1m3tqw6s5dphrlkxyr97faxk4cm3gwejv54mtyfd6w34dsx429eu,341,341,341,0,0.0,0.0,2290.6756318650814,<3M,0.0,0.0,100.0,0.0
pool12tvj2j05hh6gtsvw349vuesyn0zphh75u7vadh5rkjs566s2ty5,341,341,90,251,0.0,0.0,5483.841733985313,<3M,0.0,0.0,26.392961876832842,0.0
pool1uup47u5lmet469pmaym077hvewcp30larj9ugap8580uya3rtuw,341,341,341,0,0.0,0.0,820.8365819530783,<3M,0.0,14.999999999999911,100.0,0.0
pool1d66wvltjn768rm2ywdzpetzx034z7vanrlz8mrpn9us8zjcyjaf,341,341,86,255,0.0,0.0,17574.961395527705,<3M,0.0,0.05278592375366569,25.219941348973606,0.0
pool1n6w5q9hw3gj6574uts75mkyrqcm702n240fxlk5df4sf7a7vlvk,341,341,341,0,0.0,0.0,3756.3683661584014,<3M,0.0,1.9999999999999831,100.0,0.0
pool1m765d89k82sgwrdfepvkp7dmerwjwkdmnf5flppf4a2gwvtr32n,12,12,12,0,0.0,0.0,2459.148759916667,<3M,0.0,1.9999999999999998,100.0,0.0
pool1u0y3tttvefxw96e8t37xzp3wn2q267gv7aalyfjed39nuayjxa5,2,2,0,2,0.0,0.0,1.5277055,<3M,0.0,5.0,0.0,0.0
pool1un58w95j5mrnyuxsrpf2tu4mzzalx5ug6s78jt5g8nyzgdyzajy,145,145,144,1,0.0,0.0,2750.0454708413804,<3M,0.0,55.2827586206895,99.3103448275862,0.0
pool1m9h0ndgxlgxa63wsszv7a6l4x8lur35wktlnrycme6t852xrq76,341,341,341,0,0.0,0.0,24093.23711392967,<3M,0.0,1.4999999999999962,100.0,0.0
pool1k9akj380hxlhv4qksmtwdffarag6y05qc6vehdzalyqwyw3388v,16,16,15,1,0.0,0.0,20865.255980812504,<3M,0.0,0.0,93.75,0.0
pool18qph3xrjkds0hytfyrrm0nwxk29u70q3hz8d2qz5ru0uul04v4f,55,6,6,0,0.0,0.0,1762.0936844363691,<3M,0.0,1.5545454545454556,100.0,0.0
pool14zl00rl2stc7ycrc7h2uacvw53nyrwmefxh7zez8d5t9vtwh8yd,5,5,5,0,0.0,0.0,1908.7469532000002,<3M,0.0,5.0,100.0,0.0
pool1hr39htmhccu8692uctc3kxaye3jjc6t7366t7st4tvc37sp7gfq,23,23,23,0,0.0,0.0,16263.502271478263,<3M,0.0,5.304347826086957,100.0,0.0
pool1tnp0kwlgu6l8lfwsgvlmlfgp76gnmss83f8az6npzje2zy9s2h6,39,39,39,0,0.0,0.0,115620.0257322565,<3M,0.0,0.0,100.0,0.0
pool1e6z3jnnvu9zqxlk60hkfjym2vj3mvgysy6h8l2xxyj5j220vlsd,341,341,75,266,0.0,0.0,2621.641825709664,<3M,0.0,4.79032258064519,21.994134897360702,0.0
pool1rzzz3sy88y05r8vqpejczv6zqntf6ayn3untjkn9kfud6nemcp9,341,341,0,341,0.0,0.0,89.24161570087976,<3M,0.0,0.9999999999999916,0.0,0.0
pool1deyqx90qa2hhrr9aqs4n3v2fd54decjsmlntnq4zdegsvx2l4z0,3,3,2,1,0.0,0.0,24.619871333333332,<3M,0.0,0.0,66.66666666666666,0.0
pool194u5e874srln7jszyzjzstapychtradq9dv5p7rqjps8qe8gvs8,3,3,3,0,0.0,0.0,483.98202100000003,<3M,0.0,1.0,100.0,0.0
pool1uqx6c3txsyjyy96te76vzg39773s2crwa5f0vtnzppf9xzrm8qs,30,30,30,0,0.0,0.0,16480.211370266665,<3M,0.0,1.1333333333333333,100.0,0.0
pool1d2ycxn7gk0zlece3t7yk5ed34lm6z0y29xrqugd6swupgr3fv83,9,9,9,0,0.0,0.0,15560.118853666667,<3M,0.0,2.0,100.0,0.0
pool17hn4l9t5dyyq4sst5jwqhzvrgv74ctyahvhtcmshq3u47qpdxhd,11,11,11,0,0.0,0.0,123240.86407154547,<3M,0.0,0.26454545454545453,100.0,0.0
pool102kv4jtzs5cp2s58qa8esmdxc6awsu4a8smtlgkyylq7gvzgdwv,37,37,36,1,0.0,0.0,4911.232486702699,<3M,0.0,0.0,97.2972972972973,0.0
pool12tlu3dm864fzxgcjp9jrsykcmcvxskjtqwy07z982avqx3n9dp2,340,340,255,85,0.0,0.0,18714.10187213236,<3M,0.0,0.0,75.0,0.0
pool1gp96eegsljwfqdjejxpx3vmwhr9dmtqrjswqwu23tcll2sq2ga2,23,23,22,1,0.0,0.0,7394.650424478261,<3M,0.0,1.6521739130434785,95.65217391304348,0.0
pool127xz8pls3lr6nct6w274ph2g4u83vqajgykf3l9ll772gvmju8z,340,340,340,0,0.0,0.0,2502.86692174116,<3M,0.0,0.0,100.0,0.0
pool1nf8990yn76kp9csnfrrl9aar7z8l7pas0jlfu637us5n6sgycem,340,340,0,340,0.0,0.0,695.4743959823525,<3M,0.0,14.999999999999911,0.0,0.0
pool1jdha0n3hwxk3w94m5jlmf4245zg5xxe4560e46yef6qyc2v3c8f,13,13,12,1,0.0,0.0,3673.623890769231,<3M,0.0,0.0,92.3076923076923,0.0
pool14e7gept0fycjzh333z2pqgh2vhzr86uu3y3u4n3ursu76qxzf5k,157,157,157,0,0.0,0.0,2466.8484281146534,<3M,0.0,1.0000000000000007,100.0,0.0
pool1xnr8rwjrh22lw49t6j4etaavgj2wknlhgn5dn5s2wqxd2s4d5sn,3,3,2,1,0.0,0.0,3830.6175180000005,<3M,0.0,10.999999999999998,66.66666666666666,0.0
pool1z097wh0vrf5sng32yhxnvgr90348g3nrs78keudyp880jeqlefg,17,17,16,1,0.0,0.0,5335.532703647059,<3M,0.0,4.0,94.11764705882352,0.0
pool1qz9qfxcxsc46vpgrrj868scmttjp3y9xaehyn6knknegcsphq6u,323,2,2,0,0.0,0.0,6911.037673099122,<3M,0.0,0.04643962848297213,100.0,0.0
pool154khfsds2pxzeajktl835mj28fdjcmflh2jzs7vwfantk8y6x5v,15,15,15,0,0.0,0.0,0.0,<3M,0.0,2.4000000000000004,100.0,0.0
pool1sf2xnnmls5s9uquftrwfvszwj8f2cefek25hreslt3a5scvde2t,4,4,3,1,0.0,0.0,69.45333375,<3M,0.0,5.0,75.0,0.0
pool122gfj3ynz5ch8cfkx0tt5dsfpnf36sujcvrvxzqjm28yym8vv8x,340,340,0,340,0.0,0.0,141.7953214941198,<3M,0.0,1.9999999999999833,0.0,0.0
pool1glh4wd2aq4akzulv4umza4c0k6g5eycca4lmh0c6zg6wzkf7tqw,20,20,14,6,0.0,0.0,37640.43825605,<3M,0.0,0.8,70.0,0.0
pool12eml4wy7xh9uqq9ldrtu37xqepjpaz5heq8sjr3fdddj7h9j00t,14,14,14,0,0.0,0.0,140456.659564,<3M,0.0,5.0,100.0,0.0
pool17gaxq64v2gtl8s8z9hhtkyqv9786fts4lmpsde3r69662jg9mh8,41,41,41,0,0.0,0.0,6811.803595024383,<3M,0.0,0.7317073170731707,100.0,0.0
pool1c3nygcxsmd4g9ukk60ln4n9dmu6684pu6mstp3mvjpmruwm8hax,10,10,10,0,0.0,0.0,73978.43309659998,<3M,0.0,1.5000000000000002,100.0,0.0
pool1j3t6mhgndeuzqkpcj6csyxfhsr2fkgwknk6e4tjeeqhnc52fjc9,339,339,339,0,0.0,0.0,3792.2675229026577,<3M,0.0,10.000000000000062,100.0,0.0
pool1csxhfwdyyk34ex983a0thlffak8pugjx86z9xhprz34zw7qmye2,12,12,12,0,0.0,0.0,516.8351799166667,<3M,0.0,2.166666666666667,100.0,0.0
pool17s9pcsnhgueer24p4lk53ruglr0r8009yxfrqvwgk5gx6r44cpe,23,23,22,1,0.0,0.0,28535.996309782608,<3M,0.0,0.7391304347826088,95.65217391304348,0.0
pool1gp9248q30knnwccvktwsvnzjzklu5c70mgxd08q0kv0u502r6l5,36,36,34,2,0.0,0.0,4870.771925638889,<3M,0.0,0.0,94.44444444444444,0.0
pool18ffq94mvagkvrlqtaz87xdvft66gcfdad2e05ngrwy7gge48tc4,23,23,23,0,0.0,0.0,3817.548568347826,<3M,0.0,9.260869565217387,100.0,0.0
pool164qmul3ag6cc7eh7vuvdde895apz0l9a6p5s56xgf9re2tx4wyf,141,141,141,0,0.0,0.0,3583.3605307872313,<3M,0.0,0.9929078014184405,100.0,0.0
pool16vxqq0ttyvfkt84f6ksncskgdk0r9w8ulaum0af8cmmfgsf5hua,339,339,339,0,0.0,0.0,27413.595154589937,<3M,0.0,1.9999999999999833,100.0,0.0
pool16j549cl7ftj9ejw9sx5v50zjyuh8l49stmakrfrea4rxy0e7us5,339,339,339,0,0.0,0.0,1280.1436368879088,<3M,0.0,0.9999999999999917,100.0,0.0
pool1pdyf63arupn4gfm836pgu7qjysvuk0wjw5mgkdx7fxlyqs5rkfv,3,3,3,0,0.0,0.0,8551.223772333333,<3M,0.0,1.0,100.0,0.0
pool12zcqkql458zh0pxvpw9qad8mceccdatk2lm0cpxfql557lhve8y,339,339,339,0,0.0,0.0,3799.5799626166004,<3M,0.0,0.0,100.0,0.0
pool1y3y9ykgpnhcvd88j2yc8nanm4ehz3wrzt00ey2fp9nx2g59yu4f,3,3,2,1,0.0,0.0,668.604445,<3M,0.0,5.000000000000001,66.66666666666666,0.0
pool1pemvg3fqh8tl9cs3anxc9hjfx5pgsd5gqtr64fe2z0pl5nk6krq,3,3,2,1,0.0,0.0,41972.504692333336,<3M,0.0,98.99999999999999,66.66666666666666,0.0
pool1trvj5seg8u2r5tz2usenfmz9vs8qnf3nc8aft6vr9uqhszdlrx0,339,339,0,339,0.0,0.0,0.0,<3M,0.0,5.000000000000031,0.0,0.0
pool1xa6u49ccra0vzjf6m8w3dxn4rk7vm8uae4k5tq2kuaupv4ght0n,3,3,3,0,0.0,0.0,1010.0873850000002,<3M,0.0,1.5,100.0,0.0
pool1mcy3qe7slsz8wmxan7cutrk3sh0z4t44cy6n743f4ca07a76227,16,16,16,0,0.0,0.0,13676.889384249998,<3M,0.0,0.4556249999999998,100.0,0.0
pool1fvezgt3uhwghjsjv6l5u9t9rhgu2yj6g0mnc8ult8wgsj3ek52k,3,3,0,3,0.0,0.0,314.674997,<3M,0.0,1.5,0.0,0.0
pool17y4pg5j8z8zklmplel2l3l705zx706w3mrac2etns0uccehx3nr,338,338,338,0,0.0,0.0,1136.6768289526678,<3M,0.0,2.6627218934911245,100.0,0.0
pool1q6hx490qcmzn2zn8nv38j3r5quytw3eclt78rvqgm7mwkkutafu,20,20,20,0,0.0,0.0,1100.7927221500001,<3M,0.0,1.1500000000000004,100.0,0.0
pool14kddecyyn0vjm07kr7vctnqnn3dt668dna63epdly220z4kgss7,338,194,194,0,0.0,0.0,127.14505065384662,<3M,0.0,0.9999999999999917,100.0,0.0
pool16vvx76lnw7wqzcc9qf8jehzch3sa3spjwakpmkldhyssy3s7kmf,6,6,6,0,0.0,0.0,76.59170183333333,<3M,0.0,1.0,100.0,0.0
pool1rhepjgtmzjrcgvm3urg5t780d44v5t5enddfv0ps5vjyvefncn6,31,31,31,0,0.0,0.0,3799.15616432258,<3M,0.0,0.6451612903225807,100.0,0.0
pool1mxv85lq4lvuqx8r83lmwlvqhtnu3qjy0lldhsv83rfnj5ed7vyg,338,338,44,294,0.0,0.0,550.0290349319497,<3M,0.0,0.6000000000000001,13.017751479289942,0.0
pool1dtdnw35f68t646ysajrhz2mq2ch59mj5ukfemqf40euyww6zdsm,25,25,24,1,0.0,0.0,7717.183244080001,<3M,0.0,2.500000000000001,96.0,0.0
pool19nfs9chtv37vfawvpyf0x2shfhns9hpwy3qfckvpm4dmq0nrl8m,338,338,338,0,0.0,0.0,8483.158267292858,<3M,0.0,0.005917159763313609,100.0,0.0
pool1d4tuk5ln88x5s9xcck4lfz8u4svdvxzsh2ue9rnmqrxm6a486uv,338,338,7,331,0.0,0.0,6.3410058668639175,<3M,0.0,5.000000000000031,2.0710059171597637,0.0
pool1urg2mhfsen52mw8ya2kqrg3zuccsreddgwry8e25yf227hpvh3m,31,31,30,1,0.0,0.0,2352.7494544838705,<3M,0.0,0.0,96.7741935483871,0.0
pool1n9y5dfdgqcssqkw6emewuty89q65u0wnmj2yup6krdyn6h5g49t,28,28,27,1,0.0,0.0,1027.128406571428,<3M,0.0,2.000000000000001,96.42857142857143,0.0
pool1vuhc5fl733g3twn856xsfjqusczvk68r6pvs6lqgtadzsf6fue2,337,337,49,288,0.0,0.0,494.0286321157295,<3M,0.0,0.9999999999999917,14.540059347181009,0.0
pool1hnj0zh5putfdnljuqc0s97yuakd9ve22w5l3fkzqj5zmkwnj3e3,24,24,23,1,0.0,0.0,31109.238700833335,<3M,0.0,1.0000000000000004,95.83333333333334,0.0
pool12npqvgkkaajetsg2c70q9r0lsgz30rne2tqyyvq2axe2zm43zc0,8,8,8,0,0.0,0.0,1032.992600375,<3M,0.0,3.0,100.0,0.0
pool14hxhjjw9x8pcdkfnhtdtvgyjcqn5vspyztcln929rzepyey245z,13,13,13,0,0.0,0.0,975.7661953846153,<3M,0.0,0.0,100.0,0.0
pool1em9u4sf0lzkz4ammtcmakymunpf0l7445ayh3e7fpvryw640fc6,337,337,337,0,0.0,0.0,20953.740893833845,<3M,0.0,0.6582789317507376,100.0,0.0
pool1thfkd47x8s84f2vfpxr6v0sfvhrtlwxdv0r7mtjaqvglgpuh9p0,337,337,337,0,0.0,0.0,260.0031603412446,<3M,0.0,5.0296735905044825,100.0,0.0
pool1sdl6tlpff2zhx82dx3jzvjtg35xxl074rud9n539v6ql7aezk7u,18,18,17,1,0.0,0.0,663.6188656666665,<3M,0.0,1.861111111111112,94.44444444444444,0.0
pool1t7a4jq563l8mvnfzn5m878vavzzc3q3am96uvuc6jcy07luhe0q,59,59,59,0,0.0,0.0,1295.3159051016964,<3M,0.0,2.4999999999999982,100.0,0.0
pool18cmnmy7nhs9lqtu9h67es8mgkdka8csn9m6e8xvrpz5ksh004jt,27,27,27,0,0.0,0.0,2398.0037094814816,<3M,0.0,0.0,100.0,0.0
pool16wzwfc8l09f0pe8d4mtzvnavm5ydsrfrchgddtxrm7qfw7wnfwg,19,19,19,0,0.0,0.0,10709.533628000005,<3M,0.0,0.0,100.0,0.0
pool135kjd2etxznjgrk40m8ut2dh5mjen5ud6gag4fukmxg8xxtf887,66,66,66,0,0.0,0.0,7783.947230212119,<3M,0.0,0.0,100.0,0.0
pool1tgnjac8edmu0ptgzpxc3lg5p970wm0rga5crxelu2z70kjj6vpr,134,134,133,1,0.0,0.0,27426.593267417884,<3M,0.0,1.059701492537314,99.25373134328358,0.0
pool106skp44rrmuvnwhy89mxcxgagcsr920kremevqlan68xvl2say4,15,15,15,0,0.0,0.0,493.41863600000005,<3M,0.0,2.0666666666666664,100.0,0.0
pool185dh39am38ersspz7ctgwuv6jq3le6yc4972puuamls4uucpqrk,19,19,18,1,0.0,0.0,1985.595835789474,<3M,0.0,0.8421052631578947,94.73684210526315,0.0
pool1hvl0yy8vrcuh747hj6eqyh75hp2spdy6263hlrgjmvtwkjxy904,30,30,28,2,0.0,0.0,104400.59362966666,<3M,0.0,1.8666666666666671,93.33333333333333,0.0
pool1efy92dh3zsmgu8xsm6t6vsg63ca2da634w0aa9vynrx2k83988u,10,10,9,1,0.0,0.0,87.4036012,<3M,0.0,0.4,90.0,0.0
pool1zlqd82qjavkl83kx9d5axkew9tss2r4yud3vd39akxn9j9mr5rj,10,10,7,3,0.0,0.0,2238.1701283999996,<3M,0.0,3.9999999999999996,70.0,0.0
pool1ppemdatc6h388xhcx0kd95vd2y2ly6cz6gnjpeul3fmjk27hfsn,23,23,16,7,0.0,0.0,19394.407131869557,<3M,0.0,1.0000000000000004,69.56521739130434,0.0
pool16a23pum2srw5xmkknvw8dtc8ynqedx3wecmhacez4chrv9huvyg,336,336,15,321,0.0,0.0,1564.8848082321372,<3M,0.0,0.0,4.464285714285714,0.0
pool1kqpy3de52m07versalrkqd57w2qh5cze3wupwrgx39m5gvtkjct,336,336,336,0,0.0,0.0,1277.6759517678584,<3M,0.0,0.9999999999999917,100.0,0.0
pool1lwpyvezcedsv222m35e4cfxg8kza2y8quqftsaau4klfsmptz6c,28,28,19,9,0.0,0.0,16752.29130489286,<3M,0.0,2.000000000000001,67.85714285714286,0.0
pool1z8tvv9cg0pu9f8nj309uukw2yw3ej32m57al9fve82w8q26ma5j,127,127,9,118,0.0,0.0,4962.590360566941,<3M,0.0,0.12598425196850394,7.086614173228346,0.0
pool1xz99attpr3hf2n3stpveg282xktwuqf2m74hhhculq8g5nmycyf,26,26,25,1,0.0,0.0,9132.631971923072,<3M,0.0,1.0000000000000002,96.15384615384616,0.0
pool1y3s9nkynwf9kcw5lus6w6mtarzwa8sxz9v6h5vda89fuwvy00g5,23,23,10,13,0.0,0.0,12344.998225826095,<3M,0.0,2.1652173913043486,43.47826086956522,0.0
pool1dhzv896pw40c4tw23w4h2ux5yzm47r59h8qaqhu89shwkugqygj,336,336,336,0,0.0,0.0,1219.5326062857089,<3M,0.0,0.5431547619047569,100.0,0.0
pool12hmkuq2khrwaqz44aajawp0n92mpyk3nhexgujd9xtu3q4exnau,13,13,12,1,0.0,0.0,841.7977970000001,<3M,0.0,1.4692307692307696,92.3076923076923,0.0
pool1udqre34wctydxl4u8p2flyjw4qncp7y6lkv25wn7036254ytlps,6,6,6,0,0.0,0.0,3760.277057,<3M,0.0,0.0,100.0,0.0
pool1lv9e0n4sc3uv5gpxhx5s6060pplz29m9nzwrsh6ml35y59wz22v,33,33,32,1,0.0,0.0,7968.990920363634,<3M,0.0,1.0000000000000004,96.96969696969697,0.0
pool1lrgpe8s7yskeqwvgu4t6tmkmh8eqwu0xj56yvufpxcn2kjgn7ss,336,336,0,336,0.0,0.0,6846.3067054851,<3M,0.0,14.999999999999911,0.0,0.0
pool1vzquqa6clffwsegafvyds0zkaqpjcw0hurq3a0xc8ape6h0xhkh,336,336,336,0,0.0,0.0,2010.5971575654874,<3M,0.0,5.000000000000031,100.0,0.0
pool1qzye552zsje06c8ywtacdee6glsxlrrksl7l6qmqmmu655vxjq3,8,8,8,0,0.0,0.0,12403.315390875001,<3M,0.0,5.0,100.0,0.0
pool1fv5vleayk43pds6e20kguxr6lsh87sdcf47y92hm0hyt6vn6sfz,16,16,16,0,0.0,0.0,2.4155784375,<3M,0.0,1.0,100.0,0.0
pool109a9tnt8zsmwr3cvmghrmtxrxj5utyf87hexrn6sncqls7pg3gu,47,47,47,0,0.0,0.0,8744.307749000009,<3M,0.0,0.0,100.0,0.0
pool1lm3mahzpzxzzdxnftcamjc9zkqs37z46lq49c0fmtpyj5cy3rsj,6,6,5,1,0.0,0.0,3772.5330168333335,<3M,0.0,1.3333333333333335,83.33333333333334,0.0
pool15lc77pueslcx44ezd87rykg3l9ks6kk2ckq3xxknsl8q2drkqn3,19,19,19,0,0.0,0.0,4757.938241210524,<3M,0.0,1.473684210526316,100.0,0.0
pool190fke89hjqyyvsc0snhnzrgg3wjjchf0y7n79jlal0yuj8060xt,335,335,335,0,0.0,0.0,5184.8999844955215,<3M,0.0,5.000000000000031,100.0,0.0
pool1p7rhyhffkw7xewl8c2c0dlaa406q7qfztg2hxa3aw4u2uaqlqla,311,311,311,0,0.0,0.0,730.0313752250802,<3M,0.0,0.0,100.0,0.0
pool120jxy0dz2nw3e3lh5khnn8khprd6upe6tmzktgs8w9afkrkrm0z,100,100,100,0,0.0,0.0,24517.441602029972,<3M,0.0,1.0000000000000007,100.0,0.0
pool1kzx3c62vymxv7grsq94m4dg24xzdnngajar6hfv8gvhsuzljygj,61,61,61,0,0.0,0.0,609.2026889508205,<3M,0.0,0.0,100.0,0.0
pool1tfye5tfgd6x2mw5xwe5lr2y6cu9grnpvenj7dc8258xmq8cuc04,334,334,334,0,0.0,0.0,936.5930402544899,<3M,0.0,5.000000000000031,100.0,0.0
pool1qarmuvc39q7ygl2affsuly2hs39mukcag9tunsnu8xudwv8mf00,334,334,334,0,0.0,0.0,29926.171498610787,<3M,0.0,0.9940119760478962,100.0,0.0
pool16frhs8wyqj3j5p20zkqj45mvhpj58fwcfh66gn646fy7q46xpnc,10,10,9,1,0.0,0.0,1847.9894654999996,<3M,0.0,2.6,90.0,0.0
pool1wjt7mjhdaj857hwk3qg2wswn30ghjczm2qetrs7k6sjc20x4hfx,334,334,334,0,0.0,0.0,1842.0353196886415,<3M,0.0,50.0,100.0,0.0
pool1trxkcm5vnaj07htsmlfgjpwxmljy70ucs8z2n2qy8mvgxr73qlv,334,327,327,0,0.0,0.0,7163.700051086808,<3M,0.0,0.9999999999999919,100.0,0.0
pool1uepsx7m029tmfmy60pfp99cp70an7retw69hs9m4dfdquvp9phz,38,38,38,0,0.0,0.0,3.4209919210526287,<3M,0.0,5.000000000000003,100.0,0.0
pool1dzq7728vsl8alh46l7vdz7wa5pxt2kx58glwnteymaz7c6jmv4t,334,334,127,207,0.0,0.0,4563.950354080813,<3M,0.0,0.0,38.02395209580838,0.0
pool13tnpm4fq90zfq0v47ad4pmk25t5dvrh3udhcr5wv7mm9uq6g787,25,24,24,0,0.0,0.0,60.77631100000001,<3M,0.0,0.06800000000000003,100.0,0.0
pool1z7l2rgt7vdlkxqulpvtvq9tash3zgydstpyhe47rtxv0kggyzf2,1,1,0,1,0.0,0.0,47.446209,<3M,0.0,15.0,0.0,0.0
pool1mv3umnru8hv59peuhxmc8lcqrs3gr3nhvn65nca472592a77jda,2,2,1,1,0.0,0.0,103.437959,<3M,0.0,10.0,50.0,0.0
pool170jjhp3s7gw23clx6yvfdfvv9t6egwazjhk3gy5y0xnq6y8mjjt,334,334,334,0,0.0,0.0,6328.834839278448,<3M,0.0,0.0,100.0,0.0
pool1rp466amdpse0gsmdkteqpqmnm5fl4v0q8juwwq4xagwygwzu8ln,333,333,333,0,0.0,0.0,507.10253500000164,<3M,0.0,2.999999999999994,100.0,0.0
pool139l6650n4u0gg9fmnd3aczp62q5xwngp299pwwhe2mj7sm5vqs6,333,333,333,0,0.0,0.0,8.222052897898045,<3M,0.0,0.0,100.0,0.0
pool1n0tqrkw62zmr20h9jz5ev2ph428ym49wt2z0mq4vlylf5u0sv7y,333,333,333,0,0.0,0.0,62321.45523573277,<3M,0.0,5.000000000000031,100.0,0.0
pool1aznnuv8rx07e6djpheq3kh05r7zwm0z672u8vd8tr3yxsnegkp4,308,308,308,0,0.0,0.0,1794.8473467207743,<3M,0.0,0.0,100.0,0.0
pool16rgkmc6gw7w07udz0gztuz4zvd4arnwck3mmdp0g7hqdjnzf6fn,85,85,83,2,0.0,0.0,766.169258776471,<3M,0.0,0.5000000000000002,97.6470588235294,0.0
pool1jdth3p9nesd83n493f4hhtf236ggxakndyjmuhgtdlrgwwkr8um,134,134,52,82,0.0,0.0,19205.065984940222,<3M,0.0,1.4999999999999958,38.80597014925373,0.0
pool159lt33zgmwm4ehyhr39lw5gv4flncg0lswxrrny8fnc4uun4h74,333,333,23,310,0.0,0.0,629.6278862072129,<3M,0.0,0.0,6.906906906906906,0.0
pool1ph7r97xcqudw7xuvmlv86pz2rqzzjzkvp8t4rlu9x6q0w4eq794,5,5,5,0,0.0,0.0,26084.902754999996,<3M,0.0,1.5,100.0,0.0
pool1ey97shazvk483tzqsvda6hvh8z0kld4g5ssxanrgetddgcf2mns,333,333,6,327,0.0,0.0,3380.563399729726,<3M,0.0,0.9999999999999919,1.8018018018018018,0.0
pool1xxfkkvtk2nekehjeunpr5p9e9ejktwxetunpka8ffjpr7amg45v,15,15,15,0,0.0,0.0,276301.67623986665,<3M,0.0,0.03333333333333333,100.0,0.0
pool1csg5dsc26uu5u8ktdcxrh00ptvum6274hzfu8yrncev0kg4jg5a,36,36,36,0,0.0,0.0,14329.705363805566,<3M,0.0,2.5000000000000013,100.0,0.0
pool1jdthgk808h2dtl2a8m2xdu7lefwsc59gmd5k5y27vsw8xlmhhda,8,8,8,0,0.0,0.0,2.963138875,<3M,0.0,2.5,100.0,0.0
pool1rrzlme4g2r49x7tcesdkuk5wqv5ks2dkq3ptapgnclgvkcxy9sc,333,333,332,1,0.0,0.0,7089.76162140541,<3M,0.0,1.0840840840840742,99.69969969969969,0.0
pool19dgzjpt2uvnkcca9cnrzkvrre4p6587esw4c8wgty0397c552a7,59,59,59,0,0.0,0.0,592.7457650508471,<3M,0.0,1.949152542372882,100.0,0.0
pool18te4aqp0umd6xunyps0mlg9tzk4dcjh30wgntqu8kf2n7k3y88f,332,332,330,2,0.0,0.0,6775.244783012052,<3M,0.0,1.018072289156618,99.3975903614458,0.0
pool1d0329t36ac7udkqe9k5w4g4jpn8xrqfjh2u5jrrm4h4d50wkz2c,332,332,332,0,0.0,0.0,3472.7212435933584,<3M,0.0,0.9999999999999919,100.0,0.0
pool1qdrzlpjyf8qvscu3wyttg6z9s475mfmlkk69ulpmlekgyx73fuy,87,51,50,1,0.0,0.0,2019.3444007816088,<3M,0.0,4.9465517241379375,98.0392156862745,0.0
pool16ceelqjus36kgzkcscnjstv0upva203vvzv8zdpv06h9cjgzynz,28,28,27,1,0.0,0.0,2085.238214071427,<3M,0.0,4.25,96.42857142857143,0.0
pool10n5e9hupkx0fs39fmhzpusdhd25vh6twxyq2n5dncegpkumhuz5,51,51,50,1,0.0,0.0,1525.3049559999997,<3M,0.0,4.225490196078428,98.0392156862745,0.0
pool1p7mhtnmcst29u7ws7d70lhugg4udywmhdgggy4km0dnnga0tymr,60,60,60,0,0.0,0.0,47239.35933976665,<3M,0.0,1.0000000000000004,100.0,0.0
pool16vk9aj2ml9llc3upqg8jpgn6lzkqakty8nkgx3vy0ayf78zdsgj,51,51,1,50,0.0,0.0,499.7525654509803,<3M,0.0,1.0000000000000004,1.9607843137254901,0.0
pool1swywvk87zmgypz45ura8d5af6aw5nrrgalt96raqm6ze2uqkhk0,332,51,51,0,0.0,0.0,1444.6601523524123,<3M,0.0,0.9999999999999919,100.0,0.0
pool14n0rhrcukundhm9jqtk8fksq6vkzdra4tdgmu3emkrqy7ume8sy,28,28,27,1,0.0,0.0,2895.1209963571414,<3M,0.0,0.0,96.42857142857143,0.0
pool1r6udkjtvusnrw6c7w76lh9lhy440049n4sa46e3xkhgewdc7dqt,12,12,12,0,0.0,0.0,1500.0,<3M,0.0,0.9999999999999999,100.0,0.0
pool14xgsw2ctjmnrlhw6fddq89sxgj89l9gvexx9hjux9z2uwj3av90,1,1,0,1,0.0,0.0,6.455311,<3M,0.0,7.5,0.0,0.0
pool1qczjl9df8lfj90d9zhc77wmy80u98xc0f56c45pjx6tukffncsu,5,4,4,0,0.0,0.0,20814.746065400002,<3M,0.0,0.0,100.0,0.0
pool17j4er5hpzkzyzpqzc98hxc7srvt5pvuye9q86mcrxluhjjj2aaj,332,332,21,311,0.0,0.0,9233.28632765361,<3M,0.0,0.009036144578313253,6.325301204819277,0.0
pool1hsz96n0ptdpfd7mvxju3q27a2zrufvxy04ydyf64l66dqke8uq9,183,183,136,47,0.0,0.0,1383.4001359125662,<3M,0.0,1.0000000000000007,74.31693989071039,0.0
pool1srsrtymd9dqxwduke398zxx9724zkct8qchkm7xqjq9vudxwxm8,100,100,100,0,0.0,0.0,52547.03153768035,<3M,0.0,2.5700000000000016,100.0,0.0
pool194rde70lnsrdu692j6hzrth2ka08l2t4g9mj0xl8tyfmuny7faj,332,332,0,332,0.0,0.0,11.741972662650644,<3M,0.0,5.00000000000003,0.0,0.0
pool1ldq57epl0w8xfz2tmnfjrg26m70207va95334zzwvc3d2evdtca,18,18,17,1,0.0,0.0,17920.12890555556,<3M,0.0,0.0,94.44444444444444,0.0
pool1ljkk4073wy35jmk70nhags9tc4m8qd2gsckn62656n387fuvxx9,8,8,6,2,0.0,0.0,7970.928472625,<3M,0.0,3.0,75.0,0.0
pool1ew5543rzgp7vs5qvmc0c42zucz9v6d3vct2zsa74erjfjen2p2d,332,332,332,0,0.0,0.0,97.01735407530157,<3M,0.0,2.999999999999994,100.0,0.0
pool1hnxgzyzsyk89gnsnvfuulw63k3r05t4z8yg5lk4gsa0aygj384a,1,1,0,1,0.0,0.0,1.64317,<3M,0.0,7.5,0.0,0.0
pool198dphfrsfal4ezddmpamqeder9lj4fk60c83aagrxmqxk2yyvnh,63,63,11,52,0.0,0.0,132.71326792063513,<3M,0.0,0.23809523809523808,17.46031746031746,0.0
pool1nfje5mrmse7m2ru34ye5pzpm4wkv30sj3fqm9rxxffevue7wdhq,64,64,63,1,0.0,0.0,9876.273500343752,<3M,0.0,0.0,98.4375,0.0
pool1l5jfc3zv4nue29uqh32fvz9khstd24azmxjltus3s90ckzw37p8,331,331,330,1,0.0,0.0,631.3407409486427,<3M,0.0,0.999999999999992,99.69788519637463,0.0
pool10cpz0zepq23hm6lrk8vgnsdwl772lasq9caaemvw9kh9ktxqygk,331,331,331,0,0.0,0.0,11505.681425531715,<3M,0.0,2.999999999999994,100.0,0.0
pool1h6sgs4c4hn0njy5ah9dxn7rjlwe2rfhxj86mumggaz887hevftk,43,43,42,1,0.0,0.0,3842.9674034883724,<3M,0.0,4.000000000000002,97.67441860465115,0.0
pool1rglej4fkg4l99e5agyxsd5w977n5u7chq8wrpwsgmr80292fw65,331,331,23,308,0.0,0.0,1110.9904590271976,<3M,0.0,2.0006042296072346,6.948640483383686,0.0
pool1uae2f4eg8mhzuur43w9l8vpk4dur58w600x0cy2ef5angazhg3x,331,331,331,0,0.0,0.0,2489.621972138961,<3M,0.0,0.999999999999992,100.0,0.0
pool1rcg65q6m4y2w49n0nvj570xfa3hsyarm5tjnnumy4xm3sw0d6lu,331,331,331,0,0.0,0.0,1210.17397724772,<3M,0.0,0.1057401812688822,100.0,0.0
pool1r2z2v45320taq385pny6gz80hyq3rsue8r8n0w9zpq0c7yjl9el,331,331,331,0,0.0,0.0,1019.9356989395818,<3M,0.0,1.999999999999984,100.0,0.0
pool1ylhh4u260wz52zpct0ce8txh8alm0zmjaf4fn69yz09xs68y70v,331,331,331,0,0.0,0.0,233.5971156435043,<3M,0.0,7.877643504531672,100.0,0.0
pool1raua8hvrv65aq3gjuk0re4juzdpw4gnpkeq7lyl94j8cv2grye4,331,331,331,0,0.0,0.0,2678.9893591842897,<3M,0.0,7.877643504531672,100.0,0.0
pool12xyhj4ktuhy0gage20p3e6z6r3s0tun7lmsk89lxv4y5wh93t0g,331,331,331,0,0.0,0.0,1631.0409212930535,<3M,0.0,7.877643504531672,100.0,0.0
pool1xamkqfkkfm4eldv88jhdcm5uzs8kd3p776e789hqv8yfzjgqh9s,331,331,331,0,0.0,0.0,188.78243465558865,<3M,0.0,7.877643504531672,100.0,0.0
pool12nhydvz643puda5jjc7hxyphk9685n8tlsgeenfvtttckd803e5,331,331,331,0,0.0,0.0,7143.867614220531,<3M,0.0,7.877643504531672,100.0,0.0
pool1snnfhfk7fk3t2pn3frgwsu8zteygwv3a7pmudur80smdc7q7ytg,14,14,13,1,0.0,0.0,5255.208479,<3M,0.0,0.9999999999999999,92.85714285714286,0.0
pool1c39qg80pu8596huf5kh6cmfuxp8yzxz4kfqc4csfz7xdcwfwcnc,331,331,331,0,0.0,0.0,391.172377196374,<3M,0.0,7.877643504531672,100.0,0.0
pool1smwc36uce35g6jv7afhzej64yun2h6ec6uvdplucnzhj6x5fcjx,1,0,0,0,0.0,0.0,2180.696595,<3M,0.0,99.0,0.0,0.0
pool14clxuuwlvusg66e0x92cflu35yeesrnu4m04gjeupegxq3f6h3h,43,43,42,1,0.0,0.0,3487.4955647209304,<3M,0.0,2.267441860465115,97.67441860465115,0.0
pool1dfvmup52v24w07jlg9l2w3mvsu4l34vf3v3e4asq8394yru2qqn,8,8,8,0,0.0,0.0,1489.082811875,<3M,0.0,15.0,100.0,0.0
pool1uzdaq49efzkl36f5kf0gd0fk0uh0l9tsf80p02ksm64v7y98rw6,2,2,2,0,0.0,0.0,546.1576755,<3M,0.0,99.0,100.0,0.0
pool166n6ap3nt8tljz8p53r03lzuhn8n0pmsdqk3557fqxhzy6uqkcg,113,113,113,0,0.0,0.0,4978.576979141595,<3M,0.0,3.605309734513268,100.0,0.0
pool163rgd0ar6k9mt0w9y86t6f3zku5rc7vrfejesevdq3hfs768n4g,10,10,10,0,0.0,0.0,9136.1854604,<3M,0.0,1.5000000000000002,100.0,0.0
pool1vxcgn9k5zvryrw32zxnkygwkeuyj3ed3fscraeh234ft5hk04du,15,15,15,0,0.0,0.0,2511.4363662666674,<3M,0.0,2.1333333333333333,100.0,0.0
pool10dyxr6rscva9k3x9zcu70zda2ln0gtyf3g8h7j02pzzwz8e5ddm,9,9,9,0,0.0,0.0,571.5552698888889,<3M,0.0,1.0,100.0,0.0
pool1d0ld90s42dnypxxp08923d7pezh4xnzht2gfl5c6xm2pg6lyyyq,330,330,330,0,0.0,0.0,4314.1945982515235,<3M,0.0,2.5378787878788036,100.0,0.0
pool13am73gpq93hrngwpnlz34cwcytuykpytxtkz9srmrq3x6x8qlsu,330,330,330,0,0.0,0.0,821.4166768454601,<3M,0.0,0.0,100.0,0.0
pool1xsvt4g0aukace8gfcy0e9y038fpt3ea3zu6fhfh24f3tspm84cv,98,98,98,0,0.0,0.0,51526.81378827567,<3M,0.0,2.5204081632653077,100.0,0.0
pool16uxl45xl9vdav3qpk7ul0ggy7h5r7ghwt4nkaxwlsms26harw99,98,98,98,0,0.0,0.0,99488.54063774469,<3M,0.0,2.5204081632653077,100.0,0.0
pool10f5k6djk7m95dls80f5n2temjlkacsqd47758z2xal8g79kg9ct,330,330,237,93,0.0,0.0,38599.10005350611,<3M,0.0,0.0,71.81818181818181,0.0
pool1uyfg8ysc2fpmx8aclq3u06xx5u9rete5kq68aysfdvxj5a5wcza,330,329,13,316,0.0,0.0,5973.383315724197,<3M,0.0,1.999999999999984,3.951367781155015,0.0
pool1esnguwymrxrtpqu33hxtqssywwqdfa9hyak8jwk2pd3s5qhytda,34,34,34,0,0.0,0.0,5219.296809205881,<3M,0.0,1.0147058823529418,100.0,0.0
pool122pmneflla304ptc7s5ws948u28zaek08k6hk3fmw8rgkzmgect,330,330,330,0,0.0,0.0,6029.286547221195,<3M,0.0,1.5999999999999788,100.0,0.0
pool1ff9rrcn2qdvv754al6d8qx8f3mecyeez3hp2nunm9uj2k7tj4pf,329,329,89,240,0.0,0.0,830.9632693616929,<3M,0.0,0.0,27.0516717325228,0.0
pool189elcklfyhaczaasjdyrrxmhaeepg6avn9gxjte78ntny5fqdl7,329,329,128,201,0.0,0.0,9033.022907465094,<3M,0.0,0.0,38.90577507598784,0.0
pool1727puaq6a3era6p8l5069yldy2z77hm3208aehh6csvs2y3hpqh,10,10,10,0,0.0,0.0,11231.979241500001,<3M,0.0,3.0000000000000004,100.0,0.0
pool1eulcvxljsppqjvu9mszhv3vn5jcaaq8qgxhw55p7s4ytx7ajnaf,27,27,27,0,0.0,0.0,997.6258779999997,<3M,0.0,4.800000000000002,100.0,0.0
pool1adllnm43t3nuspvnr5r08jh6gpyvedu76hrhc6xymjzavd5d8f6,329,329,153,176,0.0,0.0,1496.8112924012157,<3M,0.0,3.329787234042563,46.504559270516715,0.0
pool150jyvy0fu53ujzg4evxdw8mc58ntn4sazu004elv5mw56cw4pda,27,27,27,0,0.0,0.0,20742.171377999988,<3M,0.0,4.500000000000001,100.0,0.0
pool1z67f7602nfugu5z05tn2t5p3nffafk9v9rfxkwrhdj4rv6dg3sm,1,1,0,1,0.0,0.0,0.0,<3M,0.0,1.0,0.0,0.0
pool18au4xxwcu552tjyxgyfssc95lwcf08g49z0ln5f7l060qh8r3wv,329,329,329,0,0.0,0.0,103.10367522492365,<3M,0.0,100.0,100.0,0.0
pool12ap74hlxqd5hejgywh298kevzemzqa2ahz6d5j2379epzsf008m,24,24,24,0,0.0,0.0,869.0432243749993,<3M,0.0,1.3750000000000007,100.0,0.0
pool1pewu2uxvauhs4r5hqcgqaczqjd289ralm67dpqv2v5sdqzjzxf0,37,37,36,1,0.0,0.0,1447.3285762702703,<3M,0.0,15.000000000000007,97.2972972972973,0.0
pool1g3vqq9cj30cmp4e57y3jpqzuj2hl72twp5qdlh2v89ejk4vnazs,19,18,17,1,0.0,0.0,7223.958389368421,<3M,0.0,0.0,94.44444444444444,0.0
pool1p8cfa5u3spcxv68y2fl2vs4yl73zg2fpfkm9wu96237sss9hux0,13,13,8,5,0.0,0.0,1417.2966388461539,<3M,0.0,5.0,61.53846153846154,0.0
pool1xgyye5qn42dv9trzj4duec6q7hlhdjnjfpch9fztf926w3xpp2g,13,12,11,1,0.0,0.0,4089.1496925384613,<3M,0.0,1.5000000000000004,91.66666666666666,0.0
pool1lg4pepngyq03jdkskr3689pv4a4djra9q8nkzu6hwtzezwanhyn,329,329,329,0,0.0,0.0,25026.40079370813,<3M,0.0,0.0,100.0,0.0
pool18yp9wal36lzzw34ujcds8vtfpsndkzq484zcm360evp5khex0l5,329,329,329,0,0.0,0.0,7866.680323620059,<3M,0.0,0.030395136778115502,100.0,0.0
pool1j9qrcwg28mgsu38p5jkrwpthff5pmm5wdpprghg2xrvfyfcm5ls,329,329,13,316,0.0,0.0,2526.17662993921,<3M,0.0,0.499999999999996,3.951367781155015,0.0
pool1nja2z0x9lk4wns44zly9jmgcgcsrwk6mwuv3759mg64u6ag6f7a,136,136,136,0,0.0,0.0,9260.20844608089,<3M,0.0,1.0000000000000007,100.0,0.0
pool1ll5mu4rgne203spelzdgrse0v7yk9rfzkp243rtt60rgu8mh3q8,329,329,329,0,0.0,0.0,43818.58342092713,<3M,0.0,0.5136778115501477,100.0,0.0
pool1935an8luwm387wgnx6dduf2txzfh9qncuaffpfzysumr7nmq67k,6,6,5,1,0.0,0.0,3603.1051230000007,<3M,0.0,1.0,83.33333333333334,0.0
pool1xa7zku52cj6aagevv5z685jm2ljhpqsekrrcrulpmkqrknnt2kz,329,329,329,0,0.0,0.0,1966.5564404589695,<3M,0.0,1.4999999999999971,100.0,0.0
pool1gs6v2c3rn0stulfce9m90hy2hdagf900d9src83lnl2wuksc63d,6,6,6,0,0.0,0.0,1390.4176355,<3M,0.0,1.5,100.0,0.0
pool1r5tyzz6p0z2s2qjtu85fsq82upur5q4ze4wfht3yd7jcxrjj4wj,107,107,107,0,0.0,0.0,506.11302814953353,<3M,0.0,2.0000000000000013,100.0,0.0
pool1tm0dmf856czcn5gn5g604cwtz9m5s6xz7rzcxjrt8rq37hzqyp7,4,4,3,1,0.0,0.0,25186.53992825,<3M,0.0,0.5,75.0,0.0
pool1tu6vw24surkzumnm3jnqwkkdwprxhv2yj95qjzyl6dsxccj3rg5,16,16,0,16,0.0,0.0,2453.4949904375003,<3M,0.0,1.5000000000000007,0.0,0.0
pool1ag9mxn6ftzf6hyrtatq4kjs4lwnxn86j5um2nlq9q36y7vh2ff7,31,31,19,12,0.0,0.0,8324.776352741937,<3M,0.0,37.225806451612904,61.29032258064516,0.0
pool1qktc9c8e4ffna7e2aalevr90q7rlslg2x4m3vyq6zgqq7ydvdme,17,17,17,0,0.0,0.0,1413.917806117647,<3M,0.0,0.0,100.0,0.0
pool1ap0mx7frdu2mhk6f8rp3psy6wkd8t560dgh0cwnlxxfswtqjg9v,328,328,328,0,0.0,0.0,278.3676131249982,<3M,0.0,0.012195121951219513,100.0,0.0
pool1ufh42ppqnet625mqql2fkc79p3emuqsnmf6s6ugxygqa75xgc8c,328,328,328,0,0.0,0.0,7027.1189378902145,<3M,0.0,0.03048780487804878,100.0,0.0
pool1vn4gsw8fdg85yh8urxs9t5ykyvap4uscewy08g2refxzxwztnga,328,328,0,328,0.0,0.0,970.9200030365898,<3M,0.0,1.4999999999999973,0.0,0.0
pool1jnqw2krum5gkzsxnthtsrdu7v6zqe6d5fv8c8d530dqwzkvxlry,20,20,20,0,0.0,0.0,5848.572445149998,<3M,0.0,2.0000000000000004,100.0,0.0
pool1s48lfc3ds4qpalfrfej62eeegpltf362t53pzxygnxu6gdtfnte,29,29,29,0,0.0,0.0,2043.769339068966,<3M,0.0,1.0000000000000004,100.0,0.0
pool19ac39z72h5e9h3048l84wyqdw39j7f4ekdkmqpnf0zepvgg0nka,31,31,31,0,0.0,0.0,168.38870196774192,<3M,0.0,2.000000000000001,100.0,0.0
pool1r2ztq76ufvwxgl4pyc70t8gccapeqaumdjyv6ug96guz6230e69,94,94,93,1,0.0,0.0,1064.8517141382993,<3M,0.0,2.999999999999996,98.93617021276596,0.0
pool1k3mtxd2duy4848gx8knvlsas7w77f3k2cplwk6hjul72646fjte,328,328,327,1,0.0,0.0,5000.111612911588,<3M,0.0,0.999999999999992,99.6951219512195,0.0
pool1eh6msmm3v7fs90lapzem3lkpl4sn2dgtz4hfvnfmqqtxya3k8yh,328,328,327,1,0.0,0.0,2471.246717862814,<3M,0.0,1.085365853658527,99.6951219512195,0.0
pool10j6jhz443lkurcwnt96wawxumcgc6pzpqsamqph8rcyxsu5rnta,4,4,3,1,0.0,0.0,8991.745279,<3M,0.0,2.0,75.0,0.0
pool1vz59e00250xfjck8qd04kns89j56430wjzpdf37zfjnnyxttm37,327,327,327,0,0.0,0.0,33140.27672992074,<3M,0.0,0.012232415902140673,100.0,0.0
pool1tlgwdlde3v5aq3vlm7pk8l37tydmjjhucsf0g84xwjtwvwfsmhm,327,327,327,0,0.0,0.0,1178.152489342506,<3M,0.0,1.9877675840978437,100.0,0.0
pool1xtevc3n3cm27lxa58egkklnkf3kn8je5g5p2czseghlhvcrja93,21,21,21,0,0.0,0.0,1454.3755435714284,<3M,0.0,2.1428571428571437,100.0,0.0
pool1jwpt6qmmkvfusvwan4f9pfhn7pljsm33lcqf7ftya3mtc0fs2nz,327,327,327,0,0.0,0.0,184.64034085321137,<3M,0.0,0.9999999999999922,100.0,0.0
pool1nz5gv6s4erxdmzq2yuxrqzlazyw8mmev6qzc8uwyhr93zcylpxh,11,11,11,0,0.0,0.0,121.33480145454546,<3M,0.0,3.0000000000000004,100.0,0.0
pool1cvj2g2e6ynk6ygdgmdhmxmhd4crpum0yy209dh4ac2xzvey9rhh,3,3,1,2,0.0,0.0,787.4343046666667,<3M,0.0,1.0,33.33333333333333,0.0
pool1zx0lmhdymz23e702clzyywdw522nh66eqaseaye8sue3cyfzkar,327,327,325,2,0.0,0.0,151.69899551070264,<3M,0.0,4.0672782874617415,99.38837920489296,0.0
pool19m3xzv58uymw76tg4th6q5fwkg9zktc8alvyysr37u04yw86axc,327,327,327,0,0.0,0.0,10157.433602886858,<3M,0.0,1.4999999999999973,100.0,0.0
pool1y8g5sk4maqzpg6k04t0e8x296xtumuph7k4ya8rsfqh9xhc5a7h,327,327,327,0,0.0,0.0,1590.7469655168206,<3M,0.0,5.00000000000003,100.0,0.0
pool14kte54qp8ckszl042tsfkwpmvyfhdh3vckdaykpls6nryma209j,3,3,3,0,0.0,0.0,165.91495033333334,<3M,0.0,10.333333333333334,100.0,0.0
pool12f9spr26phr9fc94shfmeuy8hvhqlm4932vz7v5j796t5tyyrj0,19,19,18,1,0.0,0.0,2521.1106761578944,<3M,0.0,2.1578947368421058,94.73684210526315,0.0
pool1suh727daxldvgyduawzwf4keg5f9mdjgw25p2y2ffk96x6z4ppg,49,49,47,2,0.0,0.0,2147.4518157755074,<3M,0.0,1.500000000000001,95.91836734693877,0.0
pool1gl90juvqt674dhvr06f6vtth8uarhglx3q6cj3y3q0vdsy5ujsc,327,327,5,322,0.0,0.0,254.50189348318045,<3M,0.0,1.4999999999999973,1.529051987767584,0.0
pool1tt9jnp33mua5vznrdm8lja2qpjnam8w0lhx982ssjexv64rm8fr,134,134,133,1,0.0,0.0,2013.5816187313442,<3M,0.0,2.9999999999999916,99.25373134328358,0.0
pool1s7v278tcxu305z7g4n3qg7ntuecrdyyptpl4cem5ezmqvg78a0t,34,34,33,1,0.0,0.0,1272.9206763823527,<3M,0.0,0.0,97.05882352941177,0.0
pool1p90ymkn27wj473ve0leq0u6s935atjspsq77kxttyzzqsekqjh3,326,326,326,0,0.0,0.0,4975.502991662556,<3M,0.0,0.9999999999999922,100.0,0.0
pool139y78ptawg47ckf5z9h46t9z3k8m9q6d4t8wgtkq7jxeyg5x7p3,8,8,7,1,0.0,0.0,682.0496714999999,<3M,0.0,6.25,87.5,0.0
pool150tpwr9xvlcqe6hjx54atwxyer6e2mz4ptslm6m0p52kugk6cl6,9,9,8,1,0.0,0.0,319.06712311111113,<3M,0.0,0.8888888888888888,88.88888888888889,0.0
pool15m3nrmzhaef66j4sue7p66yshtxfug84zuhfd8skxhh9q6mkgyx,326,326,236,90,0.0,0.0,732.6067095705552,<3M,0.0,3.5000000000000107,72.39263803680981,0.0
pool1y9kyay477kukjfsqxfxzg852lpfvp9d3ref5v3kzmqt67hywn08,66,66,65,1,0.0,0.0,235.84105612121232,<3M,0.0,0.22727272727272727,98.48484848484848,0.0
pool16lhf47d0u8h5ugfcwgf658jyt9zvks8ha32ctyvfchzjy4vk8rt,23,23,19,4,0.0,0.0,6015.624342956525,<3M,0.0,1.5652173913043477,82.6086956521739,0.0
pool1nlv8mxyx5juqe5aua9tplr5j9ar4wy950zlya3ul94wkgqmf9z0,326,249,249,0,0.0,0.0,245.20538490490702,<3M,0.0,1.0276073619631818,100.0,0.0
pool120s8wucgh9dnshf3xkvffq30lcf4kta9uzf35s44eulezc8puwj,326,326,326,0,0.0,0.0,23.59855239263801,<3M,0.0,0.9999999999999922,100.0,0.0
pool12nqsj7f8g5veavcu7xz6h95h95pugkn6nje8c2hl3ulm7m9zu5u,27,27,26,1,0.0,0.0,18443.41636285186,<3M,0.0,1.2407407407407411,96.29629629629629,0.0
pool13wd88txwe9xhgld7hf6v8kstppcexmqu6t4fhxwx5zktz0l5nxv,272,235,235,0,0.0,0.0,2844.697770628669,<3M,0.0,0.11029411764705882,100.0,0.0
pool1v3k5mqs5elfv4fcz5peqrxlyzsrfft9zp8xvjtkc66lj5q94aaf,10,10,8,2,0.0,0.0,96.9153982,<3M,0.0,0.9999999999999999,80.0,0.0
pool173trwz74lv2ncl0dn5fqvgnhqtmqu3yvnf6dpx7k6psuwhzn2fc,326,326,326,0,0.0,0.0,280.6226631503068,<3M,0.0,0.9999999999999922,100.0,0.0
pool13udllqnym09n332tkgee7uems924n3xxa9msa4c6734u2tcsw7q,115,115,115,0,0.0,0.0,3572.013582582611,<3M,0.0,0.0,100.0,0.0
pool1zst2k3wnmtq69vqzm086q9m7v7dn3gpsu9fgxy2vasew6l8nlt0,326,326,326,0,0.0,0.0,1097.2306261993874,<3M,0.0,0.0,100.0,0.0
pool1l8gnvs4kvnvy8r843375txw5y33qt7vzkcvscshgrnkjclqvaum,8,8,8,0,0.0,0.0,96.024487875,<3M,0.0,99.00000000000001,100.0,0.0
pool1rgg3n2j0e7xmsk9cymtuhzva44y7ap2mmjf4r7gvdaqcu629hs4,105,105,105,0,0.0,0.0,16954.71020043808,<3M,0.0,1.2666666666666673,100.0,0.0
pool15zvek3jke3z2uml5xeztl6wt56zuye5ne9caadz8mjn9ykyuu8n,326,326,326,0,0.0,0.0,24144.971924806694,<3M,0.0,0.0,100.0,0.0
pool1qkwseukqpnezhh9gjcuhtse7wp7v8m8asgekl34lh3f5xnnl6z2,326,326,326,0,0.0,0.0,3915.809282745407,<3M,0.0,0.0,100.0,0.0
pool1d2zx2npp0uvj8vyxupmpj26sqs53r3ah4uuc0gve9dm7j5p8ta7,45,45,43,2,0.0,0.0,6589.109795377783,<3M,0.0,0.022222222222222223,95.55555555555556,0.0
pool1wgf47kr3zljkzjlk2mvfx8lp8uvq8lqqa70nt6huqkdhg86y404,24,23,23,0,0.0,0.0,8580.542851458331,<3M,0.0,0.375,100.0,0.0
pool16ud5rnhmhwpvqg50n3s0m8m8uq3jzyfrnpkwmp237l6xjuzfz4a,2,2,2,0,0.0,0.0,2407.1557025,<3M,0.0,0.0,100.0,0.0
pool1rek8m67j3lrslpkrv5twxr5adpt2r5k3qq2huh6vgx8jkcw4qc8,325,325,325,0,0.0,0.0,2306.768430292314,<3M,0.0,0.9999999999999922,100.0,0.0
pool1fvadefmt5faedw959qr0dawa7tsmr2vlgp4veua2uwur6sa997r,14,14,13,1,0.0,0.0,10302.127595928572,<3M,0.0,0.9999999999999999,92.85714285714286,0.0
pool1xtqmzs4x6yhgfesyjpu5cted9fqd2d87lqt6k4k36n3z6k7qydp,14,14,13,1,0.0,0.0,127.91176449999999,<3M,0.0,0.9999999999999999,92.85714285714286,0.0
pool1vardr08v42wx7tmhfjzk73345nkkuqeneh2ywcam82h82d40e47,1,1,1,0,0.0,0.0,104.440489,<3M,0.0,7.5,100.0,0.0
pool1vrpme37hyyysgl4n8uk87p0njvfejc8kswzn5yxmgf4dyxx8haj,325,325,0,325,0.0,0.0,7.740906018461583,<3M,0.0,14.999999999999913,0.0,0.0
pool1rv3f2ctg35ke7t5azmaha6393skhvnhwedh96e6r703tg00wp77,325,325,325,0,0.0,0.0,20165.423806972336,<3M,0.0,1.9999999999999845,100.0,0.0
pool1nezlkf5l3fc7p5c0ksvvdgvsy5hzu23lt627fjtcl4nv2zrc9ng,5,5,4,1,0.0,0.0,10776.579837199999,<3M,0.0,1.0,80.0,0.0
pool1agau6rm7aakuc7ftw5cd9mkn3r6haqfqfcc876afkdwyw3wac6t,36,36,36,0,0.0,0.0,590.951653027778,<3M,0.0,0.0,100.0,0.0
pool14zx5y80c5m5x5hch6e57pck6rlxfwlkvjujhypzzkne65mdl588,20,20,20,0,0.0,0.0,78.35311144999999,<3M,0.0,0.0,100.0,0.0
pool18499qzkx0gcsa92ykrv84yr9pycqrje2dndcg2xxq7pxyadvwjj,117,31,31,0,0.0,0.0,307.50203469230746,<3M,0.0,2.01196581196581,100.0,0.0
pool1j8r3q09v0tx48f78u4kxldmakryd384uk6cg9rrlzjhtu93027r,325,325,160,165,0.0,0.0,6860.22023743392,<3M,0.0,0.0,49.23076923076923,0.0
pool13h7z0g56m0atqukzpdt8anrdytpyt57xmu8v5vv8rase5hswern,234,184,184,0,0.0,0.0,757.7195135085459,<3M,0.0,0.22649572649572658,100.0,0.0
pool15nr3j0nq7wjlx8u3egwlemhzvdr08vryykktqvav5l96yhlmm68,1,1,1,0,0.0,0.0,2.5,<3M,0.0,3.0,100.0,0.0
pool1qlkr6qu4mm38x77ldp2vnxn0gatgq4ernvvdw4pxze2tuyw5pfh,325,325,314,11,0.0,0.0,4003.5710109107713,<3M,0.0,0.05846153846153845,96.61538461538461,0.0
pool1fffe3u59tqruqt835mry4x43zkl77dwe5lfr73hgnckzxh8rhz0,2,2,0,2,0.0,0.0,4.212771,<3M,0.0,15.0,0.0,0.0
pool1qtn5ey55rje28nwq6ckv3nxfz4jum4285v7jlxr8za03gld7yep,72,72,71,1,0.0,0.0,6970.243964611104,<3M,0.0,1.222222222222223,98.61111111111111,0.0
pool1jjsfk03854lmmzexcjz6jjkck4vvjkegkwwl64upr9vhjldggne,13,13,13,0,0.0,0.0,106.68755915384612,<3M,0.0,2.5,100.0,0.0
pool1dzk2hrh2vtfcc6wk5n69ml6a08jc8d8s3lpg7jsaydcdwrerlq2,325,325,324,1,0.0,0.0,996.5063881784553,<3M,0.0,1.9692307692307545,99.6923076923077,0.0
pool1ru5ltcffgwnz6qdmccq9lcfu4zncygacm5fzvwz6tq9zcfwyl0v,325,325,325,0,0.0,0.0,7145.877903080021,<3M,0.0,0.9999999999999922,100.0,0.0
pool1h5spwddnynn6dt2z3qz9tvkju7sn6s8ptqetyfpltsppwalukyg,325,325,324,1,0.0,0.0,20290.577801535466,<3M,0.0,14.000000000000043,99.6923076923077,0.0
pool16m5zwqdcplelkg93skjentwk7pcyhknjdxu49x9ea0mk7qhf94t,138,138,138,0,0.0,0.0,1593.1410190362333,<3M,0.0,0.32608695652173914,100.0,0.0
pool1nyj2wwps0nk9kn48rtqck5876la35k3j4talj24gpvnauxqsfh3,325,325,324,1,0.0,0.0,2627.049694790768,<3M,0.0,1.9999999999999845,99.6923076923077,0.0
pool1wngesrk9ju3x7fzmuqae49lp385k5khgmtz97rza629pwg86nlj,324,324,323,1,0.0,0.0,9835.352447166684,<3M,0.0,0.018518518518518517,99.69135802469135,0.0
pool1te6e6yc3p46yvdakrpngk49npvfvkcutk0z5qpj5xwx9gswkkpz,324,324,47,277,0.0,0.0,1244.8570366635856,<3M,0.0,1.4999999999999978,14.506172839506174,0.0
pool1d5twy2u8xrdx7eqyazjsc2ppjxj62x8py5fcyuh5xklsjd0f0e8,4,4,4,0,0.0,0.0,21003.13454075,<3M,0.0,1.5,100.0,0.0
pool1k6u3rdl30ruf85q3jpzcfyq4ta0umrxdlt30rcpxqqasumcnkgu,324,324,324,0,0.0,0.0,1061.0948518456823,<3M,0.0,0.4999999999999961,100.0,0.0
pool1n0nx63de2cvtmptcqejzls4h9557k09wt4wy42me5fcc2axfr6u,5,5,4,1,0.0,0.0,11.341224,<3M,0.0,1.0,80.0,0.0
pool1t0r8wdelcqs50cggakqnqjsz6fpw2dd8f40fzzf8tj6qvtlvfet,62,62,62,0,0.0,0.0,1751.070173241937,<3M,0.0,4.999999999999996,100.0,0.0
pool1s0dpuv0gd6xvmegaa3d4z63vzdtuu79ruvt36qa0hqxug8crynn,67,67,67,0,0.0,0.0,224117.4163423137,<3M,0.0,5.044776119402976,100.0,0.0
pool17d6xuyhwkvp5g44q5jwukrfldhvcz3equ2tk34yuyrd0jlh4jjy,324,324,78,246,0.0,0.0,5068.8678901296,<3M,0.0,1.9999999999999845,24.074074074074073,0.0
pool10a92ufl803mysgtuu2jcf7yqp9xdczsdj5zlxdjaxzr778wtfz4,42,42,40,2,0.0,0.0,2961.0230434047594,<3M,0.0,4.952380952380954,95.23809523809523,0.0
pool1hkcy0k7fjlcwtuyh6wsdn2t637qtg52mrdg39equrmpjyg32z0h,19,19,0,19,0.0,0.0,1.6869885789473686,<3M,0.0,10.000000000000004,0.0,0.0
pool14tycljmyfjrnwfsg98ed54vn5ttr4w2rg5lceecm7tjcs9n2kas,3,3,2,1,0.0,0.0,4633.640673666667,<3M,0.0,32.3,66.66666666666666,0.0
pool1f6zwfx8a8pnfusuv7fj8h8uusln49sl45hdpzfz7965ag00wycf,263,263,262,1,0.0,0.0,2854.290931463887,<3M,0.0,1.923574144486698,99.61977186311786,0.0
pool1fwkr02cg2z4er0gcwhqgkxw7er36v3plz9w9ydzguc8jwgsx3yg,2,2,2,0,0.0,0.0,106.64966749999999,<3M,0.0,30.0,100.0,0.0
pool1nj7twe7yjwhe0s8zma8475ctr8jl9l7e7njm27gcnhs4cffzdh7,8,8,8,0,0.0,0.0,21.09205625,<3M,0.0,2.0,100.0,0.0
pool1cwc8jnc89xnd0qlyl4tp9gu2uf6jxhc2xay9xqdwt88s66a5yzx,324,324,321,3,0.0,0.0,4937.733744830227,<3M,0.0,1.135555555555549,99.07407407407408,0.0
pool1qd9yemufpf2fctpd2zyx9v2lv3h4fne3v8jplse284gqxk8ketu,324,324,324,0,0.0,0.0,2274.9428287962896,<3M,0.0,2.9999999999999956,100.0,0.0
pool1ajmkdnn5ujds7l70c4txn8a7x2cm7hn2mdmcg92nnzruqes3l6p,6,6,5,1,0.0,0.0,22460.8331,<3M,0.0,0.0,83.33333333333334,0.0
pool1fzcc7kqutem6rxrsaqueunfpqrrxkts4ys7f24l8nusk23v9zac,85,85,84,1,0.0,0.0,7653.007519764711,<3M,0.0,4.000000000000002,98.82352941176471,0.0
pool1hd5r62ktu43k53tskpr8xja8pyt5k6vws2fxylqm7hp5ye954ea,324,324,324,0,0.0,0.0,140.46790418209943,<3M,0.0,1.9999999999999845,100.0,0.0
pool1x5t4qgstlr7qmv28e5svrv3j53nqv43p08tlp9m3jcuaxk8eq2d,26,26,26,0,0.0,0.0,48923.261771153826,<3M,0.0,7.692307692307694,100.0,0.0
pool1zpcrreedrs5xmc6pxs4zh0gzpl4j5gq3305dqnyxf5nqqhfzhmn,25,25,22,3,0.0,0.0,2423.6484730399993,<3M,0.0,3.0000000000000018,88.0,0.0
pool1zsfyca7vnftr3ywzhwq07whjev9nau2j65mq6kehnpvvccstlzz,323,323,21,302,0.0,0.0,1072.2829653034073,<3M,0.0,5.030959752322011,6.5015479876160995,0.0
pool1fn5fq6r68hsxv5yqa2xjxmrchcwrmylmyluqvsmvfam5jr36nnx,323,323,0,323,0.0,0.0,0.0,<3M,0.0,1.9999999999999845,0.0,0.0
pool19g22fp3tglnf785ap0caxn73vxyx5ynu4cvufnnq7xanzc5d292,10,10,10,0,0.0,0.0,202.8860315,<3M,0.0,14.999999999999996,100.0,0.0
pool15hj5h9vf9hf26j9aez3dgqcsuk8wctr2d7dd560qpalszpeu69n,26,26,24,2,0.0,0.0,976.0685685000003,<3M,0.0,2.129999999999999,92.3076923076923,0.0
pool1zu0r24er0aune3g8p9re5t6svlm5chnp3clt5e4t38s6g5tyu3d,20,20,20,0,0.0,0.0,1037.6146056000002,<3M,0.0,0.14000000000000007,100.0,0.0
pool1vfmaz6pe6kvnafhlytcaxx33pgdn7jqjwk8a434gzhsgsfpmeaj,6,6,4,2,0.0,0.0,1006.739363,<3M,0.0,1.0,66.66666666666666,0.0
pool1vxz2dtul2asqpxtuy60hqg4749dw7uy7tyg907hn65luws3wxfv,205,205,205,0,0.0,0.0,1258.2032079951218,<3M,0.0,1.0000000000000002,100.0,0.0
pool13xlhhdl2phz8sup0hwcuhp6c4kscrtxs6d05n99hnmuakfkd6ws,323,323,323,0,0.0,0.0,42.22716858204325,<3M,0.0,0.0,100.0,0.0
pool167r4k4twa3lrqzpzdd44hl4ahc9rnt4x7rjtwz60gtf7j7pnk5x,201,201,201,0,0.0,0.0,500.19395809452686,<3M,0.0,100.0,100.0,0.0
pool1p7rnx8zj3xaxknz804dhreeursssge98sqtpzxwlr630ks7axdp,2,2,2,0,0.0,0.0,4003.5655564999997,<3M,0.0,0.0,100.0,0.0
pool1vsdsgufhfellves050nf8mh5jzrvwwcq7qlxwkneyp8hv3z4w9w,322,322,100,222,0.0,0.0,372.21818361490637,<3M,0.0,3.5124223602484315,31.05590062111801,0.0
pool1dk7amefkjspgaknam7zkxdjs4ytld40fdk5hh6ytf4zrvm3n2ps,9,9,8,1,0.0,0.0,3222.7690255555553,<3M,0.0,0.5555555555555556,88.88888888888889,0.0
pool1ffuh4tz68rmv9tcdfqazlu8wzwwc8m3nhfl0tzwq9tsp649lcxy,17,17,17,0,0.0,0.0,17187.044484294114,<3M,0.0,0.0,100.0,0.0
pool1tav5sukegfdam9cq4shm4hnlzclh7nvk366mmnq0ycyfjqymlcw,12,12,12,0,0.0,0.0,2167.00246825,<3M,0.0,2.083333333333333,100.0,0.0
pool1w2h7fydfv23zu3g6wpkxukv2m9pypgdzem072fdzszrl7jlnmjs,12,12,12,0,0.0,0.0,1021.2925801666664,<3M,0.0,3.000000000000001,100.0,0.0
pool1g206nprdtmyad978rtnjtjvwx287mg7ss79u83vfplk72k3elsa,12,12,12,0,0.0,0.0,1984.7535800833332,<3M,0.0,4.000000000000001,100.0,0.0
pool13y0l8hkl0qepn2uaphk3vm7u03vhuxzsr37euhmgfq35qqxh456,13,12,12,0,0.0,0.0,2343.22824,<3M,0.0,4.975384615384614,100.0,0.0
pool1cy77h3wzf5z9ea0z66wr8luczcp2u4wchhkejkndjvyrvyvqauj,322,322,49,273,0.0,0.0,19155.275576043554,<3M,0.0,0.012422360248447206,15.217391304347828,0.0
pool1x6g6ec57etvwjdla7wn3va8qzkq3rrrtfz9zk5rmjv8cuqf328x,5,5,5,0,0.0,0.0,959.1152534,<3M,0.0,0.0,100.0,0.0
pool1erhqsjjx8wy6del7nuhr25rdmxxsjpr75mffse3htcmr670afhy,22,22,22,0,0.0,0.0,21634.233352363644,<3M,0.0,1.5000000000000009,100.0,0.0
pool1am69d5jfzgjepwhseryw59j0lspn0c0307shw3v2cvfq77gvnrh,322,322,34,288,0.0,0.0,2326.3694984720432,<3M,0.0,0.9999999999999923,10.559006211180124,0.0
pool1vk83w9488pqfmjplnf5p0e33t93m5qlk7ljgx57jh202zayzthw,15,15,15,0,0.0,0.0,8618.743959733334,<3M,0.0,0.0,100.0,0.0
pool10nfznlnt7u46rfaqrclf2zljzprjps8muxugrtynkfk85rv033m,21,21,20,1,0.0,0.0,1292.8004949047613,<3M,0.0,2.0000000000000004,95.23809523809523,0.0
pool1elzez5afahe0earxh002qzucuml5gdzgvjkqf6wpncqnga4j4j0,21,21,21,0,0.0,0.0,23933.896347999995,<3M,0.0,1.0000000000000002,100.0,0.0
pool1ylpjhmwvye0783vhftff9jarf3jrfwajhk4nkf02fl6fv37jgwz,12,12,11,1,0.0,0.0,2927.1353128333335,<3M,0.0,0.0,91.66666666666666,0.0
pool1aqk244n4f74f80djytcwwr5gcxmscp0e76z5as3yz4alu39568r,195,195,193,2,0.0,0.0,82574.4692185846,<3M,0.0,0.5230769230769234,98.97435897435898,0.0
pool1xja6nxfmrav83p8fkf638je3drvtgy8jpy6jx8k6709kyyq7xgt,20,20,17,3,0.0,0.0,6950.6312560999995,<3M,0.0,0.6499999999999999,85.0,0.0
pool1v7v9248nczqdplztgn7fwf4x4sd59utl0rx4uj7wewslxruwplu,322,322,2,320,0.0,0.0,147.18802916459526,<3M,0.0,1.0559006211180035,0.6211180124223602,0.0
pool1j2lzgkv7lpjd727tq5efty2aqemphw32vx02ldu3jnuxuyvwvyx,321,321,1,320,0.0,0.0,80.41982937383183,<3M,0.0,0.9999999999999923,0.3115264797507788,0.0
pool1py9ntapt4vwfqy9fc9zdhpxyhv6g2hsvu3qndjvq2lhdg38f92v,57,57,57,0,0.0,0.0,102.16609394736847,<3M,0.0,15.000000000000016,100.0,0.0
pool19ac3ae9tczcmh0k8562p7d7x0x8k5g863e3y9p0nq5zrseqxypm,57,57,57,0,0.0,0.0,102.0835397719297,<3M,0.0,15.000000000000016,100.0,0.0
pool1knjwjuye6tqq7sj7euvrwz2cvwumpk9e6hxdt05pxuhecnaj3tz,57,57,57,0,0.0,0.0,102.0835397719297,<3M,0.0,15.000000000000016,100.0,0.0
pool1u4e9h7ssr2hcd550luvkua88gly3vzusu46ftmqn6kvlkh3v9gf,283,283,283,0,0.0,0.0,15332.948230395776,<3M,0.0,0.689999999999996,100.0,0.0
pool193spq4aagtqthqxnwzat2n53ugjkyx8d42wqu6wm8lckj056y0t,321,321,320,1,0.0,0.0,427.1865443426758,<3M,0.0,5.000000000000028,99.68847352024922,0.0
pool1rcdq9r6f0nwv376afk5dx3ugaumlhm4kx7g8tue74dlwgwsmd4l,321,148,148,0,0.0,0.0,32579.602386601193,<3M,0.0,0.9999999999999923,100.0,0.0
pool1efzgjuzzfvzrhhc6kwy3qwsagq0w9wddwk7rd6gyyjqykqlrjlx,2,2,2,0,0.0,0.0,137.3392365,<3M,0.0,100.0,100.0,0.0
pool1hqrr90tqwpn0nm4sdcxeu9nxhqp6u2km8jsghchcac0mvc7e6z8,3,3,0,3,0.0,0.0,22.380383333333338,<3M,0.0,15.0,0.0,0.0
pool1wr5ky4r3hz6hxenllvxpuncg7jya8gv89jta03059w9eqqjy6c6,321,321,320,1,0.0,0.0,729.4506172149503,<3M,0.0,0.01869158878504673,99.68847352024922,0.0
pool1zlsrcv64qzzahdky99r3e2m0wd68uav3d7f5nxegalhj66r8nnj,320,320,320,0,0.0,0.0,2277.006060634381,<3M,0.0,0.0,100.0,0.0
pool1yqd4ln05uj7qd0fs657yufwa29an8lu49farezn0x6a9xph9h49,320,320,32,288,0.0,0.0,2269.963306996876,<3M,0.0,5.062500000000029,10.0,0.0
pool163c7nqw4fflkqjt0jgua94cxmda8rhu9zup973uvzyhruner2hq,1,1,1,0,0.0,0.0,1549.420246,<3M,0.0,0.0,100.0,0.0
pool1l7mpegmvfj4ph5fxkuj7ucnu4w0j50h622lncgwkvtlkvhjfp9n,5,5,4,1,0.0,0.0,18690.257577200002,<3M,0.0,15.0,80.0,0.0
pool1fqx46frp39gpq29rs68lea59cnzpu7gaa3m4wu99qg6dcaqx2mp,43,43,43,0,0.0,0.0,8755.367781906984,<3M,0.0,0.6279069767441864,100.0,0.0
pool1pnr90ceh9e8trtg84fyjuc6ruqnxlgd0fl683hqt7eckymjtmrq,7,7,7,0,0.0,0.0,8475.79404857143,<3M,0.0,0.0,100.0,0.0
pool1duchrkagp78kh62u7eawt0fyjxztr0ghftq6rzfsx8lhclny47p,11,11,11,0,0.0,0.0,2007.0581398181814,<3M,0.0,0.0,100.0,0.0
pool1673d663ml4p0mtreukyfx5jt7ekk9pajsyyv6utzlakzj0y9v0w,320,320,315,5,0.0,0.0,34981.176685278,<3M,0.0,0.9999999999999923,98.4375,0.0
pool1nfpt7k64kql7lxj9zvu7f604vwssgf27djalfqp2zgvtq9un3zs,6,6,5,1,0.0,0.0,1265.4332558333333,<3M,0.0,0.16666666666666669,83.33333333333334,0.0
pool1935erruagz8y3lkq5fycd7jk7ye9ldp86638nntmmwp9558jmhf,320,320,320,0,0.0,0.0,11372.458103374962,<3M,0.0,0.9999999999999923,100.0,0.0
pool1vvcme0mh56hlwv6vn42hve5rs0kzlugaau3k4qwrd8txgsdcl5q,29,29,29,0,0.0,0.0,1987.7062071379303,<3M,0.0,0.0,100.0,0.0
pool14rf039l9kskejp4g7synrefujghemdwkenx544gywgp9cttert6,320,320,0,320,0.0,0.0,213.59730529687454,<3M,0.0,100.0,0.0,0.0
pool1aga0u8m7rqpdvkqa7qfr8rhyweyqlg3jxt3skfq660vdczwzyca,320,320,50,270,0.0,0.0,1535.2682234624995,<3M,0.0,1.8206249999999868,15.625,0.0
pool146er59fkf9rmg8wsfw3rzvf2telk6vh9r3qdk45dfys6z8uqucj,25,25,25,0,0.0,0.0,864.1959967600013,<3M,0.0,0.0,100.0,0.0
pool1pcu5nprv9nl9ravx6xm3ywucax7fczkn3gmngyvg33na2pyrf7u,1,1,1,0,0.0,0.0,11.26148,<3M,0.0,5.0,100.0,0.0
pool1ev37zcm73e2t7ahtjgerv4ztknn7jc33qwp84a3rwg38v32atuy,1,1,1,0,0.0,0.0,11.26148,<3M,0.0,5.0,100.0,0.0
pool1edratlpqcsrpf827s58a97sr4zp8p3s2au7ad53y4emj5c8evhc,54,54,54,0,0.0,0.0,9478.813544759252,<3M,0.0,2.4999999999999982,100.0,0.0
pool1x2vzayp7kgeq53sx5qqs5khntu2l0vpyg4dkwtp6q66gjdjagyh,15,15,14,1,0.0,0.0,703.4913513333332,<3M,0.0,4.0,93.33333333333333,0.0
pool1ns6veetewra0zqlljq36rwt4g3d5s0lnvxmzmx82epph50weacy,319,319,319,0,0.0,0.0,20747.671580755457,<3M,0.0,0.0,100.0,0.0
pool1lgves5hhdt5h6jzy7sf57l6gq9x3csf5w05ymv5zq7a9jfwn7kk,319,319,318,1,0.0,0.0,15083.232322065815,<3M,0.0,0.5015673981191184,99.68652037617555,0.0
pool1qsql4xy359qgypnnh3hu3hm7ax4rs37gkas9tnhun03ygglxtth,319,319,2,317,0.0,0.0,8.620009752351208,<3M,0.0,0.0,0.6269592476489028,0.0
pool1f7ae434je9m7uak63y33t7c7ye5h4pal3d2fzlh65cq9xm73u5p,30,30,29,1,0.0,0.0,9037.006250666667,<3M,0.0,0.2,96.66666666666667,0.0
pool1zsfp9ruedsq69s5m7kgarnkz9dw7nhqje42dl7lcpe9fgyfssv2,4,4,0,4,0.0,0.0,133.31990900000002,<3M,0.0,1.5,0.0,0.0
pool15efv3frhy4tutp4252mntfgv28ylsv7hsdduwnemyvkkycf0rgh,32,32,21,11,0.0,0.0,36528.68878534375,<3M,0.0,2.000000000000001,65.625,0.0
pool19dgw979v3pax8kc029f0th3us892fuvllpd5j9qmcyay6vgr444,42,38,38,0,0.0,0.0,9047.846921166663,<3M,0.0,1.0000000000000004,100.0,0.0
pool1exuuc47qw48jwe86c52yfxeg9elfqkfe2cv6sx9nqqqzq7jdpzm,35,35,35,0,0.0,0.0,5497.617541400002,<3M,0.0,1.0000000000000004,100.0,0.0
pool1w3rezwl9vnl5ufg9lvsu5h0fspgh7wc4whsqdn3dw49hg8mrp6z,55,55,55,0,0.0,0.0,3395.098526690909,<3M,0.0,2.000000000000001,100.0,0.0
pool1qdw8vw3tk20e4lgcd9evd9u4hxj8zekdg2qpmnzdk83dcncavpd,318,318,276,42,0.0,0.0,1378.3070116603808,<3M,0.0,2.0062893081760858,86.79245283018868,0.0
pool1rk2mshek3ln2uahk9xg2r2yf6z5u00h37g4jc2mkyt6yk0r2xw3,318,318,0,318,0.0,0.0,9.490390999999962,<3M,0.0,14.999999999999913,0.0,0.0
pool1j5zcud08y3m5swrcf2h6rg68nhs65emwl2t6xqgnpz02v9ffq93,53,53,53,0,0.0,0.0,2054.6277534150954,<3M,0.0,1.500000000000001,100.0,0.0
pool1ny7wcf5gwhqcdx4g9ujm3wtula9w8fm58stfe7pkxjg9cp9h3g0,2,2,0,2,0.0,0.0,27.028541500000003,<3M,0.0,15.0,0.0,0.0
pool1p2vgec7gamn3zq0pgevauvu5m7gzhzwal48sutz4hc5tk54vnxn,318,318,0,318,0.0,0.0,36.703022226415214,<3M,0.0,3.014150943396223,0.0,0.0
pool1qsdg8ylzy4kv624drfgkzuqgqj3y29lw44qnvltepht2wegh58c,318,318,160,158,0.0,0.0,4297.7728889088585,<3M,0.0,1.9339622641509222,50.314465408805034,0.0
pool1dg80xj5qfgu2caursxwk67cm34esh03kzmu63qu89vdv2vk3x4u,318,318,318,0,0.0,0.0,1341.6602675880467,<3M,0.0,0.0,100.0,0.0
pool1ap5sw2p7erpvegveucua66gy50cadjvq72apar0hvzrdv8s27nl,318,318,318,0,0.0,0.0,4607.356064022018,<3M,0.0,0.6880503144654084,100.0,0.0
pool12ghnhf3fr04r2z5k2wtqt6pt7m2alw2w7j5dtvuh6g67ur8f3ph,27,27,26,1,0.0,0.0,2441.3357926296308,<3M,0.0,1.0000000000000002,96.29629629629629,0.0
pool1r2htvwxah6t3w83465ecmyan5s87ehezajnq6yftkktyz0fnhrx,2,2,0,2,0.0,0.0,57.303655000000006,<3M,0.0,100.0,0.0,0.0
pool1mntgymmmct8209tk7r47lu5tel5tf8aj40qgxpxmm0eqywgpgh4,2,2,0,2,0.0,0.0,57.303655000000006,<3M,0.0,100.0,0.0,0.0
pool1hjrg6r0acq42py9zsk7rw4ugcr73xxhtlc2scuplvu0c2w968wm,3,3,0,3,0.0,0.0,7.303655,<3M,0.0,100.0,0.0,0.0
pool1e5d5m65fqm8y3xpmpm48rplyj7kkxzqesk7vj0vdg685734fgly,2,2,2,0,0.0,0.0,507.621962,<3M,0.0,1.0,100.0,0.0
pool1wv7l8wkauhyassyzgfe6ly7u8z48alhm5kj9ecxkhp4qya6ft48,35,35,34,1,0.0,0.0,10651.387727485719,<3M,0.0,0.08571428571428572,97.14285714285714,0.0
pool1v6y24cnjfjcr37353v72ewn7qq4k20xyrhdgdd6sgp7fxha6ddu,151,151,151,0,0.0,0.0,13395.866114264878,<3M,0.0,2.0000000000000013,100.0,0.0
pool1pxsvz3yy606zr6qnhl2snvgzhcwny74pqaa2uvrk7hh7cwnal8r,13,13,6,7,0.0,0.0,491.19057292307684,<3M,0.0,3.000000000000001,46.15384615384615,0.0
pool1k7gvq974d55yqcs4g6xyx4wy2fdlf97pffwgesjfqgprg99z409,2,2,1,1,0.0,0.0,9148.864418000001,<3M,0.0,2.0,50.0,0.0
pool1nagu8ut6hr70kj6x0wnd73fh3u5k5w0y4pmsfy2pne75z850am7,123,123,123,0,0.0,0.0,575.9219436910563,<3M,0.0,2.4999999999999942,100.0,0.0
pool1wz5klzzjstlzmqgv55q8zwaxfxvyjyjhq49u9hg3fk03xgwcnhn,118,118,118,0,0.0,0.0,110105.37299568643,<3M,0.0,1.0000000000000007,100.0,0.0
pool1r668ensak3cthqv98j7rsxsmlrsfge9lz6ytwhu8uh5cvd6c8mx,1,1,1,0,0.0,0.0,2.447353,<3M,0.0,0.0,100.0,0.0
pool1ss7flxmvmhgupfl9d694jdn30n5knexk43qj0fpp5qjp22jpg3k,4,4,2,2,0.0,0.0,100.9401005,<3M,0.0,0.25,50.0,0.0
pool1a0acjm2zh6ufrht8yzxk6nqw64hk3kpfghr28kxeqq6vqvr9mhl,11,11,11,0,0.0,0.0,34356.31659418181,<3M,0.0,0.2718145454545455,100.0,0.0
pool1usumnw5klscs76ycpmkgf5re5v8pul462g5mmzc0knxs5u04kag,317,317,317,0,0.0,0.0,1518.467785577286,<3M,0.0,5.999999999999993,100.0,0.0
pool1uyqvgumuy8azzs4mal9hp89lkpqjgvy32s9ahq4aqwprs9357ud,316,316,7,309,0.0,0.0,10.790913632911394,<3M,0.0,1.0822784810126491,2.2151898734177213,0.0
pool1zwzzkekysxk0qxuyn6d02mrungzpcejj8e7hka50pdke690jafx,8,8,3,5,0.0,0.0,59741.771379375,<3M,0.0,2.5,37.5,0.0
pool126aflwh8s9fypp4vp4ucl77lls9mwe7t97e55qsaxmeqvygpszj,34,34,0,34,0.0,0.0,7738.243229764707,<3M,0.0,0.7000000000000004,0.0,0.0
pool179g45tuvqr3r7fxv0p6fjsmj6dv5zfzjcanyw24f0v0dxjfg6xk,38,38,0,38,0.0,0.0,106.93642276315794,<3M,0.0,0.0,0.0,0.0
pool1njgax5g706nhknujnntnrx0gyu8zqvrhexwmmp7qrfhjvaumfq4,316,316,316,0,0.0,0.0,10137.242941544278,<3M,0.0,1.9999999999999851,100.0,0.0
pool1s9zjwj4pwy75260qm9r275gtf54cqeqdslq6pe8q29u4gg53lmy,6,6,6,0,0.0,0.0,307.54217033333333,<3M,0.0,3.5000000000000004,100.0,0.0
pool1qvl6rnwpwxfl5025neu4tyvejcs7wj0a0m6g7uuqg6x3gr3wkur,5,5,5,0,0.0,0.0,1038.9454594000001,<3M,0.0,5.0,100.0,0.0
pool1f5s5lqe7e3x7wxscsawaj0ddjz42y4ckcfqcxrd3nxg7wwvsysn,316,316,316,0,0.0,0.0,5910.426203727816,<3M,0.0,14.999999999999913,100.0,0.0
pool18tchat44f64u7h3jsjqp26g7xamat252789wg8ly9t25xfnnw07,4,4,4,0,0.0,0.0,205.96022675,<3M,0.0,5.0,100.0,0.0
pool1r8zzmq5y2g6ctj2nexxg3232e9ltf7t5tks3htd0m9apq5ml2y8,6,6,5,1,0.0,0.0,433.66272966666673,<3M,0.0,4.500000000000001,83.33333333333334,0.0
pool1wwjj0tcr6w9nvk0jpvnrqq9p7ukn7wux0h669wcw25t0zmx3zfh,316,316,316,0,0.0,0.0,21034.178680148907,<3M,0.0,0.018987341772151903,100.0,0.0
pool1mw9w0jx4080afk6tm872qh2yaar3r90nmwls07ugtmjqyakcsth,8,8,8,0,0.0,0.0,616.0886563749999,<3M,0.0,15.0,100.0,0.0
pool1rtr6nja4hh8j8hkrmevehw7009za3fu2vucv27rl6qdr6xttd09,316,316,316,0,0.0,0.0,788.8348747626578,<3M,0.0,0.0,100.0,0.0
pool14wfydr6sewgx0qw39ccv53dysgg9m4u2763ngcyuyuxrxdfhq3e,316,316,315,1,0.0,0.0,1599.0230478132933,<3M,0.0,0.9999999999999926,99.68354430379746,0.0
pool1eww2f6gu0g65v5l6xvqhuqq32qg3jeyadzz3jxlfn0e3739337k,316,316,1,315,0.0,0.0,129.65574713291164,<3M,0.0,14.999999999999913,0.31645569620253167,0.0
pool19s8v8hdlpqnwafz5wc3ph5ztaj4m0mn2kealfg4zawmwurpg06d,56,56,56,0,0.0,0.0,20177.218685375014,<3M,0.0,0.0,100.0,0.0
pool1es7867e973f59y07uwn04sylwd7myrv49q76e3jqp4a5ktvzpeg,315,315,176,139,0.0,0.0,44076.670382016084,<3M,0.0,1.9999999999999851,55.87301587301587,0.0
pool1drs3u8jmc0fwmmn039z2tpjud40sn9uk6ux8rglzn0jt2tdmagf,65,65,64,1,0.0,0.0,16753.751314861544,<3M,0.0,2.4999999999999973,98.46153846153847,0.0
pool1f2uwt68neknpyk8pw2rh68gmpc6czndekl5ym22n5zf4vy8ecct,315,315,0,315,0.0,0.0,730.280608012699,<3M,0.0,0.0,0.0,0.0
pool15ttu2vykfdfdxv7vve93l3dvk6tlrcegz7r6749syys4us2k3tu,315,315,305,10,0.0,0.0,1144.1962271682605,<3M,0.0,0.0947619047619048,96.82539682539682,0.0
pool1x5amja7ew2mes53ztaf93uuuvaygfk2a5f6f2jncgt88uvys5ww,41,41,40,1,0.0,0.0,17.03349536585366,<3M,0.0,3.0000000000000018,97.5609756097561,0.0
pool195fcsws5v9vwf2jx4tk9ndlxu3tq90ltats6qfwnw062gmsnycz,41,41,41,0,0.0,0.0,517.4218798048781,<3M,0.0,3.0000000000000018,100.0,0.0
pool13ucrkq4t2fcxafd38vch3744ee6rzyx343ducu04thsvvuaklv9,43,43,43,0,0.0,0.0,17.616133139534877,<3M,0.0,3.000000000000002,100.0,0.0
pool166casnxyty2nzzkvmwlyhyzeqsm3q4zgs9pjm2kcjgkryashttq,37,37,37,0,0.0,0.0,11112.313634351363,<3M,0.0,1.0000000000000004,100.0,0.0
pool1rqlfl3r0sxzpjypaejuyxxy3rnf70f906wp7f6hx2zu82em7ps3,41,41,41,0,0.0,0.0,17.61645836585365,<3M,0.0,3.0000000000000018,100.0,0.0
pool1yylt40sgz358x78ckh7xmudk962ahe9uf6s4eu57zxkhuuempsg,41,41,41,0,0.0,0.0,17.61645836585365,<3M,0.0,3.0000000000000018,100.0,0.0
pool1th8afnzy79jerwjg0cqgm3y4xz5pfphtfkggyqw0htz8ssujvf5,142,3,3,0,0.0,0.0,363.54959922535096,<3M,0.0,2.0000000000000013,100.0,0.0
pool1ty3d4m6px86ns3mnchqgmk64pecj7ep8fq98ffd7fx5cwgpma70,41,41,41,0,0.0,0.0,5510.923869536589,<3M,0.0,0.0,100.0,0.0
pool19aljt40r4yjp0cskmzq9ycz88v3nn0ju22dkghgftmud5e6548y,47,47,47,0,0.0,0.0,289.4392662553185,<3M,0.0,0.0,100.0,0.0
pool1uklezq2zz38zldrjrgujqmvrnswfzmupakgfp5wzgln9zx8tcju,315,315,76,239,0.0,0.0,674.2559532888881,<3M,0.0,0.9999999999999926,24.126984126984127,0.0
pool1fr95farr6sjlucycplvth8saqx6h07g638mnlt8cex0kg353wr4,5,5,4,1,0.0,0.0,11991.605556999999,<3M,0.0,0.0,80.0,0.0
pool1x909haq22shn2479qtzkkr9ww2s9nr7v9xzyhxefg50yyt3lzfy,315,315,136,179,0.0,0.0,219.13191808253936,<3M,0.0,3.689999999999985,43.17460317460318,0.0
pool1syt2h0690xyjhkr5mntv868xgl82m407e83e4sznaucpkr0lg85,314,314,132,182,0.0,0.0,3702.2798344936396,<3M,0.0,1.9999999999999856,42.038216560509554,0.0
pool15eera5yr3eur7tz067wfpp98yxv0y4n2zzfq4cr4wc2920zsmg9,9,9,9,0,0.0,0.0,503.8080064444444,<3M,0.0,1.0,100.0,0.0
pool1ec62uwr6tk5xerz94w6zf66zjd4thag09yqrnvn6cnfpu6065va,82,82,82,0,0.0,0.0,547.2641503902445,<3M,0.0,2.000000000000001,100.0,0.0
pool1wwqaw3edn664ydywtndlf06x7zjnjc7g45lt3fqae8lnqsvajdj,80,80,80,0,0.0,0.0,547.1161040375001,<3M,0.0,2.000000000000001,100.0,0.0
pool1rcad400cdqvuqh8s9x4rxkk7v72x04pn3kucw4y4uw36xlfcy4f,80,80,80,0,0.0,0.0,547.1129182250005,<3M,0.0,2.000000000000001,100.0,0.0
pool1em82wluecx7rp85jfr3xfggck0j44e4yq39cpklt6tdcvngjds7,15,15,15,0,0.0,0.0,20624.09824473333,<3M,0.0,0.0,100.0,0.0
pool176rlgcj6uw4a9062fxa4up8kd9mnekxtsz2568f2xt4ejvz68cd,82,82,82,0,0.0,0.0,547.1145067439024,<3M,0.0,2.000000000000001,100.0,0.0
pool1qp3j2cy4xje783x3a98y08yz6kwr3emu05zm2xyxryajjhmt48p,314,314,107,207,0.0,0.0,53224.602469505924,<3M,0.0,1.4999999999999987,34.07643312101911,0.0
pool1c4lk5ftf4l02mtxl9dhp47fylfkkzq97ef9lr626nxt5v40z9fa,14,14,14,0,0.0,0.0,1600.0380539285713,<3M,0.0,0.0,100.0,0.0
pool1gfa3mp5ulr2kghdq45d3npc3kn43fmgv8hlxqpwr2r4ecpzungy,41,41,37,4,0.0,0.0,7435.588748219512,<3M,0.0,1.1682926829268299,90.2439024390244,0.0
pool10cw4rujr8ljlk08n2cu8jyahn8w2nj7qsgtl4z3lmfty7gt8t0n,24,24,23,1,0.0,0.0,5767.976946333335,<3M,0.0,0.0,95.83333333333334,0.0
pool1xud7vek6fnshrk722h22w59dts8zvsfh9ng48p4rvxapx3ean85,11,11,10,1,0.0,0.0,99.98373445454546,<3M,0.0,14.999999999999996,90.9090909090909,0.0
pool17yhjdl9ktrcu35w7hxsmlanat2qafqx9yfzrwu94enkg6teasjk,6,6,6,0,0.0,0.0,1992.9707738333334,<3M,0.0,3.3333333333333335,100.0,0.0
pool1rhexm4ry46qhgtq9zlj0rdsh6v758wr65fxnf67nxjcm5kva8aw,27,27,27,0,0.0,0.0,103.60745929629631,<3M,0.0,0.0,100.0,0.0
pool1hrfhk0lhv4pvlejv8jy6hu62d7932d3xjg2tlt5e6gu0jucu6mf,81,81,81,0,0.0,0.0,547.0986867160503,<3M,0.0,2.000000000000001,100.0,0.0
pool1j5kx7rp08axydqevxhmujs5vthfv5kjzq2h40edpychlxg5twqw,313,313,119,194,0.0,0.0,1537.1807513003116,<3M,0.0,0.9712460063897697,38.019169329073485,0.0
pool180r706q842fhz9lhv4dp3t7rcudtt9q4xfk4dnty6j57gw62lx2,81,81,81,0,0.0,0.0,546.9467452962969,<3M,0.0,2.000000000000001,100.0,0.0
pool14qmlrjywm47puwuf54lpe8her8awu4hswuedyj2pgmfn6yu5ymy,82,82,82,0,0.0,0.0,547.1036180609758,<3M,0.0,2.000000000000001,100.0,0.0
pool1djfaf8a77tey4hkzqwdqd2p6a9xccsf9aaz0qlrg2r6gsspldzc,79,79,79,0,0.0,0.0,546.9470722531645,<3M,0.0,2.000000000000001,100.0,0.0
pool1xply0kq63yvhwl6v090yuf4mxwrq37rse75w69ddw4k7sxwnxd8,313,313,313,0,0.0,0.0,258.7033564664542,<3M,0.0,99.00000000000043,100.0,0.0
pool1zrsclmngm5vva97sv0ry98mdrudwmhvch2s8ht2tt8rzgc8sy7d,79,79,79,0,0.0,0.0,546.9469107341778,<3M,0.0,2.000000000000001,100.0,0.0
pool1zhv6xecz8qyrmjn4n6qdacs8ae5tzxxk0n2cfph48qv2ylq8fmv,81,81,81,0,0.0,0.0,546.9467452962969,<3M,0.0,2.000000000000001,100.0,0.0
pool1v64qxd5fvrq6yzh84jnsmmurnmt2x2femcne4az8wamcvxcf6x4,79,79,79,0,0.0,0.0,546.6331221898741,<3M,0.0,2.000000000000001,100.0,0.0
pool18xn4r5ewchr6c69kcrhxsgc03c5xmpfmdy45aynn5dqp6gvtzy6,79,79,79,0,0.0,0.0,547.1084069493668,<3M,0.0,2.000000000000001,100.0,0.0
pool1v9z04yz8cs2dvnmvfp2fmuhfvs8w784x6w6r8ah9xanugdzlmg0,313,313,313,0,0.0,0.0,6879.632214670926,<3M,0.0,0.3000000000000002,100.0,0.0
pool1vut3caulpx8eukzwy8xd5fyhst0w7x2frdfsacpzr3jzxduazh5,312,312,312,0,0.0,0.0,6381.892717939104,<3M,0.0,14.999999999999917,100.0,0.0
pool1p86vmfhr4xnerm4kjltlhxrpzaeqjg30h7p8f6h279ulcty9n7e,312,312,312,0,0.0,0.0,458.25780799999757,<3M,0.0,0.0,100.0,0.0
pool1u8su00jdnw6h40ajuvgjkmuh42gzrje9umzzl097g9lugx4cc8t,10,10,10,0,0.0,0.0,497.60682429999997,<3M,0.0,3.0000000000000004,100.0,0.0
pool1j2eyaqku6kqh2w37376kvygn84mr5a7qx0pgjtvckaz0gcd2ccs,80,80,80,0,0.0,0.0,547.2785747375008,<3M,0.0,2.000000000000001,100.0,0.0
pool1t8tw057cgksma0f6pawcy7npnwfu0psx64jdr6sqhza55mdvkls,312,312,0,312,0.0,0.0,3307.4092335352543,<3M,0.0,14.999999999999917,0.0,0.0
pool1x80vcdzgw07fd0vcerlf0vpws6n22wr7avvxrn2q3a5muu6t27c,55,55,55,0,0.0,0.0,31453.65692656361,<3M,0.0,0.0,100.0,0.0
pool1phk75mwe007kkrfam78yyd6jv6k7dmr2nsdvaw80amx6k4q5nl0,80,80,80,0,0.0,0.0,547.2539912499994,<3M,0.0,2.000000000000001,100.0,0.0
pool10p2l20g94yknymzgp4tkvye9vwz99kvxf46m78ezpfzjzvr82zz,1,1,0,1,0.0,0.0,9.821079,<3M,0.0,2.0,0.0,0.0
pool1ce0qwn3vm0xux0w06ka23sxptrmju7qz4cg0ny4uf4vx6srts85,71,71,68,3,0.0,0.0,2613.097468450703,<3M,0.0,1.0000000000000004,95.77464788732394,0.0
pool169afelnmfw6ccaq52v74szufuya8ayft378z7ntt4n0hv9zpcz9,3,3,3,0,0.0,0.0,86.121781,<3M,0.0,6.6000000000000005,100.0,0.0
pool16qehwrwfykf4pj3auasjh895uchw2a4lujyz3cyxda96g523wkl,1,1,1,0,0.0,0.0,7.445373,<3M,0.0,5.0,100.0,0.0
pool1ajy6eslg9ju7mpqzlaeehz02algkfs7fk3qsym7wun7ks6z06tu,312,69,69,0,0.0,0.0,424.126736759616,<3M,0.0,0.0,100.0,0.0
pool1lp9pugfvyrjt8rqj5v02yvucchzj27tlru9kwl7nj0fh2mjc5d3,312,312,312,0,0.0,0.0,23065.99553958335,<3M,0.0,2.9999999999999973,100.0,0.0
pool12lmfzu2n64dxtv35p5am4qhzkxe4uxcrxef63zfuylvwzly3zm4,127,127,126,1,0.0,0.0,15225.128465228328,<3M,0.0,3.9944881889763812,99.21259842519686,0.0
pool1urucklcx2zxptvkaqvc0dalkh2lu4mtu777xndaqv2vygwmxzhv,56,56,54,2,0.0,0.0,55075.15415942861,<3M,0.0,1.1607142857142867,96.42857142857143,0.0
pool1aduw0xmlqltnjxzfka4vgy5nh3jsjh2rkql85w5fsn5xv0t6zj6,14,14,12,2,0.0,0.0,2399274.9900550717,<3M,0.0,11.428571428571429,85.71428571428571,0.0
pool1tem8k8927zvn5jg22g3mxuzhnu62jdnqvn523dduupce24vwlrl,312,312,312,0,0.0,0.0,135.10707004166665,<3M,0.0,1.4999999999999987,100.0,0.0
pool1pq92gz7vnrydu4ae5tadhwkw72svdp9kmefqgl0prd276hftua7,2,2,2,0,0.0,0.0,809.5002360000001,<3M,0.0,5.0,100.0,0.0
pool1ksg2m4vwaj3x0awl2wr6cutvejf743xxrz0su7wpmlx86a2eacl,1,1,1,0,0.0,0.0,102.308456,<3M,0.0,0.0,100.0,0.0
pool15xln2eavvh7a8r2v6ke2hcyzgj3hgyfxgexkfv4fn4uv6gjcv9s,1,1,1,0,0.0,0.0,101.420901,<3M,0.0,0.0,100.0,0.0
pool1kq9kqs09499g83vlnkwusy45jrw8vnf4yeq0t30jwcvuqgd8zlg,1,1,1,0,0.0,0.0,2111.245169,<3M,0.0,3.9899999999999998,100.0,0.0
pool1jgcqnvptqaktjyz48jfw6mywtk86e32w0t37zampt4utvuxp7ut,1,1,1,0,0.0,0.0,12022.735224,<3M,0.0,1.0,100.0,0.0
pool19ngaxs72nctwjunp434e8s86mc0pesly2syvymc3tuafgzy9xu8,1,1,1,0,0.0,0.0,2.299028,<3M,0.0,1.0,100.0,0.0
pool1dx64gmgsq75ezwfuvam6wmgds0j9a8w22tjjza0c6xg8y8eeu97,1,1,1,0,0.0,0.0,102.218148,<3M,0.0,3.5000000000000004,100.0,0.0
pool1uggsgm4g8lnpza8qxyld6garq9ydkytyta4px6gcalwrxzqv4zl,1,1,1,0,0.0,0.0,103.2496,<3M,0.0,5.0,100.0,0.0
pool1c3fxag83fhpnrf672eu0z2n72rkas820s05sfjnrvvxnx767mxh,1,1,1,0,0.0,0.0,97.500642,<3M,0.0,5.0,100.0,0.0
pool128r5j5fclyxms24qnlrcl9aph7tqghp520llsnensss0c2hcfev,36,36,36,0,0.0,0.0,1937.482253527778,<3M,0.0,0.0,100.0,0.0
pool146rjvlmf523u0sk3rkkxxn8u73s8ed60mxw7p4f8uu6y5g4ma9u,1,1,1,0,0.0,0.0,2125.216365,<3M,0.0,9.9,100.0,0.0
pool1kf9f3n4480rgar9qmng837t65u2psmqd2dz05hsvvp7jx9zeqpw,28,26,26,0,0.0,0.0,16195.319788964285,<3M,0.0,57.14285714285714,100.0,0.0
pool1feqf5489grar3cpu97nzhu0nr5qfufk5fysdastwmqedzvfltyf,33,33,33,0,0.0,0.0,3713.103240969699,<3M,0.0,1.0000000000000004,100.0,0.0
pool1cp0296javx3c22ca003e08pkrqave6xtw7c6600c8w79vy6yvgs,77,77,77,0,0.0,0.0,547.2835872727277,<3M,0.0,2.000000000000001,100.0,0.0
pool1ygn86kh02qcmc5h57nlhye9a49hcdq430cumxmw2ugzkc9f75g4,77,77,77,0,0.0,0.0,547.0944952857145,<3M,0.0,2.000000000000001,100.0,0.0
pool17578dvvcu38v8pgc853euxrmtgn9899dq8ea7kq8graw53y4s35,79,79,79,0,0.0,0.0,547.0904824050626,<3M,0.0,2.000000000000001,100.0,0.0
pool14kylaacel98eg4x70xhneh0mw2qcnhs33afvmes8p2yy7m0wqzf,79,79,79,0,0.0,0.0,547.1183770886065,<3M,0.0,2.000000000000001,100.0,0.0
pool1eqy35fv5xvs69nfz8l65gd4h29zxfl8utxgf2x2phsx8gj5vv4n,79,79,79,0,0.0,0.0,546.9287678607601,<3M,0.0,2.000000000000001,100.0,0.0
pool1k9exej4gz8mh4jgfp7ntu8h0vrgkt0kunnf0rgx2vvjx6uht0pv,8,8,8,0,0.0,0.0,644.189127625,<3M,0.0,3.0,100.0,0.0
pool1u4u6jpf2verwtq2wjcrdr9ktnhgjpa7ag9qnnkfgqtxj2rh9d68,311,311,311,0,0.0,0.0,3001.8687840546772,<3M,0.0,0.7289389067524084,100.0,0.0
pool1auvwj75q70s7jce63nvptujs6460kvyxqn0wjegkz4mhja7g5t6,88,88,88,0,0.0,0.0,616.5401269090906,<3M,0.0,0.0,100.0,0.0
pool1jd6aq046jn0268dspcg46z4fq9ayrz6dkmfam0wshh2dxscz2t3,33,33,33,0,0.0,0.0,194.01115548484856,<3M,0.0,0.0,100.0,0.0
pool10swdy6f3ugz6plcr7sdz4mzdf75gxrjz2yefpfs0n95mxddg2dp,4,4,0,4,0.0,0.0,7.57978375,<3M,0.0,15.0,0.0,0.0
pool18kdvmuwxp0s7kp5782lzyd0qewhnqfrrrqltpa4fsm3syxn7jtj,13,13,12,1,0.0,0.0,580.3143803076924,<3M,0.0,1.9999999999999998,92.3076923076923,0.0
pool1kdr3lv2e7h5tx3gp3fwrpxhaj8cxh7v422uwj84enqxf6j5flj7,311,311,311,0,0.0,0.0,1165.561976369774,<3M,0.0,0.0,100.0,0.0
pool13f4038h5vcltguncfwxccuh6rw664q29r9w7ct6ltgg7yglhww7,29,29,29,0,0.0,0.0,6.729962724137936,<3M,0.0,3.0000000000000018,100.0,0.0
pool1zd5jmdvhgcqja28at800tle5qltucce5979x3jgdv0g9qcmw268,310,310,310,0,0.0,0.0,217.33042036129032,<3M,0.0,0.9999999999999929,100.0,0.0
pool1lgpgrxawvu4w0qkusdga9jz7207eqdqc6m8fhdw0heg8gcpu7r9,1,1,1,0,0.0,0.0,2007.369392,<3M,0.0,50.0,100.0,0.0
pool1wmw6zzvk0shj9gelqly9skmg8lsc67nsqdzrjpw3873tymtmutj,1,1,1,0,0.0,0.0,2005.472239,<3M,0.0,99.0,100.0,0.0
pool14mu8l3wuaspcdhydvmhsj2gvverr84smfzeekzuv6rjpqg89ysg,8,8,7,1,0.0,0.0,49584.77151512498,<3M,0.0,10.0,87.5,0.0
pool1dstg4uvzqd8akv0jctkgqay7f90gx74vgz8wv5mhzkp9kxx9tgk,131,131,0,131,0.0,0.0,0.0,<3M,0.0,100.0,0.0,0.0
pool1rhc6xz682sa0z33pnlurzlg0lj02t38v7mg3l8m552v7v7lxagm,131,131,0,131,0.0,0.0,0.0,<3M,0.0,100.0,0.0,0.0
pool17na2s6dtfz4gjrn8zpvef48y0agnq0rv09f46a34e3jtjdpvlnq,131,131,0,131,0.0,0.0,0.0,<3M,0.0,100.0,0.0,0.0
pool1h9963wgrj44xx6zaz0n3djj0ps8n2knazmgq7mjt4hnm2eynwrn,71,71,70,1,0.0,0.0,133026.4583245353,<3M,0.0,0.10000000000000006,98.59154929577466,0.0
pool1dvp46zdtmzwkt6x74g6dzq7cyygp5armhrzh2t5hm8scwtxvsnt,310,310,309,1,0.0,0.0,367.8905902193541,<3M,0.0,14.999999999999917,99.67741935483872,0.0
pool1tz6u0c2f2l30xt5cs3qtpc6nl7fems2e0awg53n5k575w9x5auy,30,30,30,0,0.0,0.0,3217.7260257333332,<3M,0.0,9.899999999999993,100.0,0.0
pool1vnk3p2j2j4e3uz9ed5nh87utp0t3fr6w58nge3r2m8fnjdzwn5l,3,3,3,0,0.0,0.0,58.060496,<3M,0.0,6.0,100.0,0.0
pool1uldhsw66hukpsk3ram4kjgaqktw3l2hyuklvl3r433upgmhck4h,95,95,95,0,0.0,0.0,1845.5699473157927,<3M,0.0,1.0000000000000007,100.0,0.0
pool1jwnwfayw3gq3wpn76n9vc6v4pmu8jdwtjdqz5zrf0aljcmd4pl9,1,1,1,0,0.0,0.0,1.749593,<3M,0.0,99.0,100.0,0.0
pool1wqragurpyzqd9v9rnlqdcgjnvmlhta9xagka2x7lgunjyp7426e,59,59,0,59,0.0,0.0,70.24732886440677,<3M,0.0,5.466101694915258,0.0,0.0
pool1gyasf94f8l6w7ht5x6pga9my6dmh346dvznzg5w0hmg9w4nv8vp,97,97,97,0,0.0,0.0,8808.437223144343,<3M,0.0,4.289690721649489,100.0,0.0
pool1ypjuw08k96xme0fagr4yq54f4uxre9a37a3z7laj0wru5ye47uz,97,97,97,0,0.0,0.0,4813.246954216494,<3M,0.0,5.480412371134018,100.0,0.0
pool1dlzpcfmnn727lfsav0x8jmdwjz70sy429xfxjwnzk7r9wm6stws,309,309,301,8,0.0,0.0,5019.445768048555,<3M,0.0,10.129449838187758,97.41100323624595,0.0
pool1d8vnmekw77xn89uuq09y4gup3v3pwenhhet9fg9h9dj57znh5rq,43,43,43,0,0.0,0.0,1689.4189229069764,<3M,0.0,2.000000000000001,100.0,0.0
pool1pqdgdhka8xegl8y3lt780n0v4p9yl5z3vdh6qqs4vdlvgaujaxu,309,309,241,68,0.0,0.0,44251.12335540136,<3M,0.0,0.7391585760517804,77.99352750809061,0.0
pool13ch4c85v5rms7q9fk977jyd0w9n8370zkefh9re4d3l0vl070rg,16,16,13,3,0.0,0.0,403.7374838125,<3M,0.0,3.5624999999999996,81.25,0.0
pool1jphnr6n8v7hg4rhsmel2s6yunjalthar07vv7rwvgsky5q8k49h,309,309,309,0,0.0,0.0,815.7260780938458,<3M,0.0,0.9999999999999929,100.0,0.0
pool1j8hdpr3vhzvn4pa0cvtwjzz2ujcukk8uqdvnlnkvp6xvvfxg7vh,2,2,2,0,0.0,0.0,208.4087035,<3M,0.0,1.0,100.0,0.0
pool1xt0gxs63r5vgjsrzhm7jfuhuqzga9pf8kqvp38qmdzn3wjxudvr,309,309,308,1,0.0,0.0,2.2289640000000106,<3M,0.0,1.4999999999999991,99.67637540453075,0.0
pool1pk3ezu3kdaqrkz8xcmd50tagnvxym76hsye2atmepuc7vh4j8hu,37,37,37,0,0.0,0.0,10804.826547756751,<3M,0.0,1.0000000000000004,100.0,0.0
pool1l0mkg2hrkg06qcjvrr0mn36a0gjxvj46ljt2mldgvu6xv9s8vla,30,30,30,0,0.0,0.0,353.5454314999996,<3M,0.0,0.0,100.0,0.0
pool1rryu0ckdfzcrxuef98q78fzw25dh3lck8l0u3lq6zpv7x5a6qyd,309,309,19,290,0.0,0.0,320.23105688025885,<3M,0.0,5.0000000000000275,6.148867313915858,0.0
pool1pwfdasxs7ht7878g99fnw86g7u77hqjvv4qgvr9jx6reznfrllj,309,309,309,0,0.0,0.0,19470.09297201307,<3M,0.0,5.064724919093879,100.0,0.0
pool1pc05up84drpn9lgvv56c0grakfk4hnff8j678ag9pp0qx86lmzy,25,25,25,0,0.0,0.0,381.78848719999985,<3M,0.0,10.000000000000004,100.0,0.0
pool1dtpmhyl59nxcptphk6a8l43vg540r6jnssrvwf4gcl7dc6uxzyy,144,144,144,0,0.0,0.0,68561.83769473615,<3M,0.0,98.99999999999989,100.0,0.0
pool16e0qmln8gvtnjcpcvgvjdlhcnsz6z95uw90c58t50qfkc6rqek6,309,309,309,0,0.0,0.0,10081.511754650552,<3M,0.0,0.0,100.0,0.0
pool1sduhuyqh3kecve728ghxyzqxegfgy7t98669yq5vx99m5k5lcr0,94,94,82,12,0.0,0.0,10532.832597170198,<3M,0.0,4.000000000000003,87.2340425531915,0.0
pool1hkden8jdnfr246809hc5eqv4dylm3gwtvju92ay38yvywfnthcg,1,1,0,1,0.0,0.0,3.442381,<3M,0.0,15.0,0.0,0.0
pool12ls3f7yvwj8lx29lxfepvk5ltyal6s6x6hcrx3xqpfp8xxmtwg9,83,83,83,0,0.0,0.0,1686.074353192771,<3M,0.0,0.0,100.0,0.0
pool1pkqtms0pzd2x8phsrxn9kk5gmy4gn79edg9hhldykjd0guv0av9,308,308,308,0,0.0,0.0,818.0166790811684,<3M,0.0,0.0551948051948052,100.0,0.0
pool12wjd9fn6p2drjpx9xz9zd6nwze6du0hys67p5sg0pxfp28pgvxe,9,9,9,0,0.0,0.0,107.46830566666667,<3M,0.0,1.0,100.0,0.0
pool1wsm5lm3k8p5ltfehlnr5zqkky476p6kf9le434exu5ycuw2jqxl,96,96,96,0,0.0,0.0,22660.14239733333,<3M,0.0,0.0,100.0,0.0
pool1n8al6mjs45507rz7ncu5fta3kaam5ftr3gglk3j7yda4jd94dhp,137,137,137,0,0.0,0.0,7517.795163795623,<3M,0.0,0.0,100.0,0.0
pool188g58sl5ndez3p5c892vs0l7xnkpevt9euv995dg3uhc6yauyyd,25,25,25,0,0.0,0.0,2964.4146149200005,<3M,0.0,2.1200000000000006,100.0,0.0
pool1axgtqenpdpu0knhul326q8add2zpuar8fupt3fxcy3u3qz9dq4e,31,31,31,0,0.0,0.0,4144.1536714838685,<3M,0.0,1.0000000000000004,100.0,0.0
pool1a3d53dcsdv3v5jwylwh66j6x6pfy6mv9ylxfqsedm4yxy7zu03d,55,55,54,1,0.0,0.0,34266.80096101816,<3M,0.0,0.2727272727272727,98.18181818181819,0.0
pool1f4ah57u5h7slgz4gph6dx8aks2vq9ff7a4hvp837st0vuj9gr45,22,22,17,5,0.0,0.0,2675.678491318182,<3M,0.0,14.999999999999995,77.27272727272727,0.0
pool156nm6ztwnck2mtrpmzf8g3tj6s4gchurkrz8ff48hyvj7xredvs,6,6,6,0,0.0,0.0,1541.0753160000002,<3M,0.0,8.25,100.0,0.0
pool1ugl4vuqnemcwu09ud0yszktxlq6xxnngg257u6exgl64c3dxgdj,18,18,0,18,0.0,0.0,94.43678816666669,<3M,0.0,14.999999999999996,0.0,0.0
pool1qvqpd95v4k2ge6unntpettve72ntguk6qp9ktet572e7v4v9de8,307,307,307,0,0.0,0.0,137.62114996417014,<3M,0.0,3.312703583061881,100.0,0.0
pool1mnuwy85gq5wvl426dwh4zz5laryatvrvh6sw8dlvqyadctw02s8,27,27,27,0,0.0,0.0,7732.7404452222245,<3M,0.0,2.0000000000000004,100.0,0.0
pool1mtn5utfv3d4d6vj8rjh2mcs6ytkwqg97x93y5wkqtllu7r5u8ny,33,33,33,0,0.0,0.0,7283.943855333332,<3M,0.0,0.0,100.0,0.0
pool14sy0qjv6fl5jcv0gfn6zl8w9tqnm67drxum6tdmazcjvypy848w,307,307,307,0,0.0,0.0,6169.480501905566,<3M,0.0,0.0,100.0,0.0
pool1pg9twqvv0e9ds3q4n9dcd9xfuu0x4xu0ra9rttq0yw50yhp4frg,1,1,1,0,0.0,0.0,18.447705,<3M,0.0,10.0,100.0,0.0
pool1jj674cqm2uaexhwjkuv23nav6egcwz9f5xls76nfhal2qk8zr5l,6,6,6,0,0.0,0.0,204.5169075,<3M,0.0,5.0,100.0,0.0
pool1evun4ps8xa0dfpj2r0cw9p94t2pctcvusccsm458enajuw2mftw,306,306,245,61,0.0,0.0,720.6519267450961,<3M,0.0,10.000000000000053,80.06535947712419,0.0
pool1g4d7fv0j6lrpsmk2vvsvpjqxthw8pce5xtw6c7z9ewedugqfqle,40,40,34,6,0.0,0.0,876.0303627749994,<3M,0.0,69.99999999999996,85.0,0.0
pool15grn4zm690mfdxa2gspgg94l0t53n4y4608767rl9scqjz7jy4h,40,40,34,6,0.0,0.0,876.1579578749995,<3M,0.0,60.00000000000003,85.0,0.0
pool1hjlqkwx604reu9q2azkmqp9ek7f5yy37qz662afzl4gd5phcwhm,40,40,35,5,0.0,0.0,1336.5824494249998,<3M,0.0,100.0,87.5,0.0
pool1pnt0yy2znty3ewmqht5y7vq880mznh0y2cp6awevldkgg2v4u8t,40,40,35,5,0.0,0.0,875.917927475,<3M,0.0,80.00000000000004,87.5,0.0
pool1wj2j9zfv9mly5m7ax5fen0r8rp7tjj9uyz5gnwmyfmn26lyyy92,39,39,37,2,0.0,0.0,9850.722234846155,<3M,0.0,0.9746153846153852,94.87179487179486,0.0
pool1324lgsmm6aqkyeamzxjkfhsk4v9qtkr5knyza2r8lkf85mhgx4z,4,4,0,4,0.0,0.0,33.2760985,<3M,0.0,15.0,0.0,0.0
pool13udfpn5ns59y4g5zw033u5h8rwesf2r0nja4fvfcszx0qrq2vej,52,51,51,0,0.0,0.0,4714.877454057693,<3M,0.0,0.0,100.0,0.0
pool1smfmxa5qkz6aj9ch67p8w3jqsg7ctg8kfd9j3qw7rhkcvrmdv3f,67,67,48,19,0.0,0.0,938.5266398507462,<3M,0.0,0.0,71.64179104477611,0.0
pool1m3ntfj2yl2nuezf6xt4hmew8ma77rtj2afuyfjrna8pp2usyjvh,22,22,22,0,0.0,0.0,481.0081394090908,<3M,0.0,0.0,100.0,0.0
pool1dwvtdk76v5vg99d8h2a28h5f94hy2zwcxnj576g6w90ezapqjyn,305,305,305,0,0.0,0.0,5954.673009013126,<3M,0.0,14.999999999999917,100.0,0.0
pool1g3hkp6tzs6y79d4dzj88azrzt9xtfqj8nr3xmr94r2lx2ehl02k,94,94,94,0,0.0,0.0,3636.3544279893613,<3M,0.0,3.303191489361705,100.0,0.0
pool12ll3j3sfjp5sh34zahawfka254kw9lkmemymxue56vapcmwafu8,13,13,13,0,0.0,0.0,425.89556846153846,<3M,0.0,2.7899999999999996,100.0,0.0
pool1mnqtgsrwp0kq6v25gmukyum9ula6n608smszp3xar8f9k0vwz2c,9,9,7,2,0.0,0.0,646.3199212222222,<3M,0.0,0.0,77.77777777777779,0.0
pool12320ed3wn94ey8rr7f0rlxr6zr0t6cntx7tvg7xmu3srghgc05y,23,23,23,0,0.0,0.0,296.82465543478276,<3M,0.0,10.217391304347831,100.0,0.0
pool1qhnjcmyy9xrf00z4uj66yedje5ue2ukqte2hr6dmty9a2gz7tu5,304,304,304,0,0.0,0.0,197.2288976447378,<3M,0.0,1.325657894736828,100.0,0.0
pool17p4syst04f92ylfzlcn8qwq8w5muxkwqn0a5fl98ksxhwj6y7g7,304,304,304,0,0.0,0.0,197.22876622368528,<3M,0.0,1.325657894736828,100.0,0.0
pool1v7pgvhy35gc0kdu6gvaqvv9x32ddeh9fu5v26ues9muq26pvk8m,69,69,68,1,0.0,0.0,32911.23546491304,<3M,0.0,0.0,98.55072463768117,0.0
pool18qamc87vnl2sjd888f3gv4ssh4qjww859z9v6mr622fvjhemunh,304,304,304,0,0.0,0.0,197.22876622368528,<3M,0.0,1.325657894736828,100.0,0.0
pool1fagx52jnyh3dz0d722c2fedjvstc3mmwt4a2mlkgvszvqgkvt2g,304,74,74,0,0.0,0.0,1106.4241181447371,<3M,0.0,1.0427631578947292,100.0,0.0
pool1mg7ttyvpxwgehr2z6m8udlnzru2k7a9c7636z8y7smles9apmq5,40,40,40,0,0.0,0.0,186.53418074999973,<3M,0.0,2.4500000000000015,100.0,0.0
pool1a8rm0jk5cnjdhlz9qn5jdspt2p5wap9f3927289lw7r3gaznasu,37,37,19,18,0.0,0.0,43404.28775929728,<3M,0.0,0.0,51.35135135135135,0.0
pool1u7frnvts6gfkqrvfxum6tczyks0mmdtf4v8s4a4w9u435ewv79x,34,34,34,0,0.0,0.0,1787.2587056764703,<3M,0.0,2.000000000000001,100.0,0.0
pool1k6eygrsfaakyz9d29hf7lz2httfq6v054np6sw343px6z3j9lgg,5,5,5,0,0.0,0.0,20943.6372604,<3M,0.0,2.2,100.0,0.0
pool17t7s7nq7plgnddv6pstqxany6zl0nkucjq5acac926fs2tqkuca,19,19,18,1,0.0,0.0,885.3962951578948,<3M,0.0,1.4736842105263164,94.73684210526315,0.0
pool192ez0m2xn67tz4kx9casumhdkq9fz96rc6ja4ndl49v8ycnuwe3,303,303,303,0,0.0,0.0,2154.686784547844,<3M,0.0,0.0,100.0,0.0
pool1dkpt0xwf0wzh0xzkqzxlyygznj9pt8pw6sdze7cs8tdd26hc3v2,158,158,50,108,0.0,0.0,11843.920895683514,<3M,0.0,10.925316455696212,31.645569620253166,0.0
pool1thqlwcl3fw42hjx3f25uqut734rx9ex3dvhpqz2a0mrckg0c23j,145,145,145,0,0.0,0.0,4543.035354427592,<3M,0.0,0.0,100.0,0.0
pool123p5t5udn44hd9e7pml5d4h3cgsmlw4837sk8sgjz9dgjr4m5zj,1,1,0,1,0.0,0.0,166.267508,<3M,0.0,5.0,0.0,0.0
pool1q8xqp4w6yzt3z7wd7359ywn6xfke2qj249gyxtru684ruk8kazv,302,302,24,278,0.0,0.0,2669.6431992549233,<3M,0.0,0.0,7.9470198675496695,0.0
pool19l2vz7pdk09k49lezr9zcmc4j98zc30htuw2rnqk3cceckuce96,302,302,302,0,0.0,0.0,1259.2912557350992,<3M,0.0,0.9999999999999932,100.0,0.0
pool1sk6jvl4u8m4peddwqxzslgt82n57qy0rug2j0jfzkrjvy9f5mw6,302,302,302,0,0.0,0.0,35034.513483456816,<3M,0.0,2.0264900662251515,100.0,0.0
pool1re05a679dfnjdlfk4uhcwzem6c4jqneu6xekuvhg54nnwuat2pf,236,236,6,230,0.0,0.0,9833.924338080507,<3M,0.0,0.3771186440677969,2.5423728813559325,0.0
pool1vcc9lngr8g2j8xh0kgy84nne026adr5zmvwagkda99spy23993l,302,302,302,0,0.0,0.0,4116.551592238464,<3M,0.0,0.9999999999999932,100.0,0.0
pool1qcu4r9rw853pyvfznfeujfzxlku4xtvp8cas6c2y79hvuy22vl4,301,301,301,0,0.0,0.0,55629.65115262123,<3M,0.0,0.04983388704318936,100.0,0.0
pool1rd82wz8ce9saknrxu072dj59furzc0kzgu0x5yszj0twk25fyt5,19,19,18,1,0.0,0.0,1459.9090825789478,<3M,0.0,14.999999999999996,94.73684210526315,0.0
pool1etwkskpk7smvppts3d0wryqyxkm2udk2a4qy6eek56g8w6auw38,1,1,0,1,0.0,0.0,1.821255,<3M,0.0,47.5,0.0,0.0
pool1qm656ca3pdnu3gfetusmslva555j3m3efaq5u44sgpdsjn7dg4d,301,301,301,0,0.0,0.0,1090.6817528936854,<3M,0.0,0.9999999999999932,100.0,0.0
pool1jy9uaygr9wzr3p5x87knflu229lj4lsgtzc3g2gvq2jf5hf7lcl,23,23,8,15,0.0,0.0,340.9287887826086,<3M,0.0,19.29130434782606,34.78260869565217,0.0
pool1354q8s4rskppn5wys40y0p5e9xrgmh8nkdmwnjjaumy37kxw2jl,3,3,3,0,0.0,0.0,594.6200279999999,<3M,0.0,0.0,100.0,0.0
pool1wxktpcvaceu8zcsmjk5k0nu2nldm762ra6m9ept87fcvsqucdkx,301,301,299,2,0.0,0.0,1937.930096990035,<3M,0.0,0.006644518272425249,99.33554817275747,0.0
pool12h5xyakqqs83hhvanqqjw3tylkdey7hf3wyy8grt5dcc683g0a2,30,30,30,0,0.0,0.0,10544.888072766671,<3M,0.0,1.0000000000000004,100.0,0.0
pool1wcpy2rzgc6gnx8mehm5cud25nrzudl5rqa7m4rv4ghfdw96ujw2,57,57,50,7,0.0,0.0,5781.343442210531,<3M,0.0,1.0000000000000004,87.71929824561403,0.0
pool188837cdkhad7w2dwk2arsldyre3tcva8aardadf4ekc0j56267t,301,301,301,0,0.0,0.0,3268.3783887109666,<3M,0.0,0.0,100.0,0.0
pool1438c76pfxeu99ul0kdu4mzcakd5cjmwh7hk3z4zeugt5xshq06a,14,14,13,1,0.0,0.0,3398.2346302142846,<3M,0.0,5.0,92.85714285714286,0.0
pool1yxg62r3cm9r0pxq0eetv6vudd468sxmwuqlyjx7t3nd2yqkqux7,74,74,74,0,0.0,0.0,5428.516686162152,<3M,0.0,0.5405405405405409,100.0,0.0
pool1tgt94w0gmhmg5yw2v366fsl39yh90ktxr8uk2xsx3alsyh0tywg,300,300,7,293,0.0,0.0,91.48830500666791,<3M,0.0,0.0,2.3333333333333335,0.0
pool15z6cv04zauz63jcjqmy5uxw657rrhf5aqts3lhk6x6zswsjdpmd,4,4,3,1,0.0,0.0,199.98599675000003,<3M,0.0,0.1,75.0,0.0
pool1wk37820zgughs6fj88st8j6qy5m6zss0vzeu5mmrjjj2srp9yf7,69,69,68,1,0.0,0.0,1687.2597760724643,<3M,0.0,1.0942028985507255,98.55072463768117,0.0
pool1m5pf6a9nak0x5af9mtg0q7tn5855csfj6cnv22x2pyx8ux0lj85,68,68,68,0,0.0,0.0,25102.184688985293,<3M,0.0,1.0000000000000004,100.0,0.0
pool1620fkxluaftsvz5lge29tjur3flwa8wydpzqy0zd4cllxx2w3ma,299,299,299,0,0.0,0.0,372.5272409565209,<3M,0.0,0.9999999999999934,100.0,0.0
pool1l464qrnwsfjwgrx9x7uh7qavaygdkwntl468lyddddx7zyz8jpj,22,22,21,1,0.0,0.0,17489.671318136363,<3M,0.0,1.1363636363636362,95.45454545454545,0.0
pool1g54w943gqsk6az9h9u2vm6ztc5zn5qlre63r3pc88zmtsvdrn9v,14,14,14,0,0.0,0.0,11995.547713642858,<3M,0.0,0.0,100.0,0.0
pool12jzydsj2yjjn59zefvgz2q47rvfk950xckm5x4ejcdvucueg5c8,299,131,131,0,0.0,0.0,1106.749918257524,<3M,0.0,1.999999999999987,100.0,0.0
pool1wq3szturzwa6n8n3sv6d0jgcqw50pmgxzw6mwq4j09lrq0cwhm9,84,84,84,0,0.0,0.0,54.41845297619044,<3M,0.0,3.989999999999995,100.0,0.0
pool1v6xpvq7argftng40s80804eyf4m7as45292las40jw0nxte295m,298,298,296,2,0.0,0.0,178.70015720469777,<3M,0.0,3.080536912751677,99.32885906040269,0.0
pool1d7e2d4w2deu0mfetwdevnlsxrmj5yxxwgp5ny4f45hn2j43uvgp,15,15,15,0,0.0,0.0,502.6096936666667,<3M,0.0,1.0,100.0,0.0
pool120cmlx3qf0yx3zz32lxcv2e782lq43y2290tz69rr7f9xp7dre4,137,137,137,0,0.0,0.0,96.06709411678833,<3M,0.0,4.000000000000003,100.0,0.0
pool1fndvmevsjh5a0hkt5me9mrtlk4ugu4n8yns0dwk4jyhdqcq3ayy,298,298,0,298,0.0,0.0,4082.838410942948,<3M,0.0,20.000000000000103,0.0,0.0
pool1kms0jl9ur23qp8fu7hvcnnx9y5aqjsuu49cgndhgk00tcpr0zd7,14,14,13,1,0.0,0.0,1905.2974548571433,<3M,0.0,2.5,92.85714285714286,0.0
pool1s7twjtnmdcsucawn26dpxp0l3a4aajd7rj8dwlaf0n7qsalg5z4,83,83,83,0,0.0,0.0,97.61914665060243,<3M,0.0,3.9899999999999958,100.0,0.0
pool15akyuka0wkj5024fmakw5wr4uv0emc6s2fzje5kp0970qxx85qd,4,4,3,1,0.0,0.0,2828.6713127499997,<3M,0.0,0.5,75.0,0.0
pool1xpd294wkl9uh7jj57ak93v5dxgyvg33cmdl326s9skyzjq5m0fq,2,2,1,1,0.0,0.0,12756.2531475,<3M,0.0,2.0,50.0,0.0
pool17tvwtkp542kr707ggn0v3lwgd70c3kd9ard4prg43d5dj4x7e0n,9,9,9,0,0.0,0.0,1015.5681904444443,<3M,0.0,6.4444444444444455,100.0,0.0
pool16mttuxypvg57vx7acegkxnpwfjjvtpdz5azp6930sk2nq4gv2gx,4,4,4,0,0.0,0.0,128.02225475,<3M,0.0,3.0,100.0,0.0
pool1rven0s3l30qawndj2m8v0fwgc8rsthumda72l4wkgwdhx7qgdjw,297,297,296,1,0.0,0.0,427.2443073737432,<3M,0.0,0.985151515151517,99.66329966329967,0.0
pool12k9dcw2nalx5k4navgrcuulym35c4jr2aqqr2vft6cnlvxh5rye,222,184,183,1,0.0,0.0,12037.943409671134,<3M,0.0,0.6747747747747753,99.45652173913044,0.0
pool1xyau0kf0d632lal3m0dnud0mu8l99t5fqs20tvn0xxuv6d4949c,14,14,14,0,0.0,0.0,796.9952152142857,<3M,0.0,3.000000000000001,100.0,0.0
pool19t833uyjq92aajf5f7qd9w3jcnyq78p4hsx0fn63aejfjtyn99j,296,296,296,0,0.0,0.0,2010.5930069121457,<3M,0.0,2.0405405405405266,100.0,0.0
pool1g6s7gy86hpgpyl2nyyyd3sqvs8zq0vjuc4sgh249g8rz7fycumq,43,43,43,0,0.0,0.0,445.01409376744135,<3M,0.0,2.3255813953488373,100.0,0.0
pool1y9l6npzwcpx2lygj9l3eaa2xy60ryx3f5wv860yu7emsqj2q5kq,81,81,81,0,0.0,0.0,1099.5060523950615,<3M,0.0,4.000000000000002,100.0,0.0
pool1wp0yez530qyyxu6nzeej9m9f2sma2w4r54hkw7dfewtts7qqvwc,296,296,296,0,0.0,0.0,8460.19527782762,<3M,0.0,0.9999999999999936,100.0,0.0
pool150xuslyja9e46v6ux047fau4py9d0zl0k5keh8cv5yk8v2r40d2,15,15,14,1,0.0,0.0,3248.276943399999,<3M,0.0,0.0,93.33333333333333,0.0
pool1xslwd5dznd507v8hyhyz008zc4fm5z29zwhx5438xlse6rxer36,36,36,36,0,0.0,0.0,13243.270065861107,<3M,0.0,3.0000000000000018,100.0,0.0
pool1vazy9q3064xgmqn7fxwgysyuqfvlxlcn7dfcn79ydcn3kw2xuvm,296,296,8,288,0.0,0.0,113.28972220270272,<3M,0.0,10.033783783783836,2.7027027027027026,0.0
pool1x0afydtmd80ucuj7taaqlh6h4jaddmpf0mmjrmd2w3286qrpz8k,11,11,11,0,0.0,0.0,166.45557163636366,<3M,0.0,0.0,100.0,0.0
pool1wc2vw2x2xu2van4acthhk08xtucm8ddpuphmw0ahnc99qtz4a64,295,295,295,0,0.0,0.0,7896.5295592271295,<3M,0.0,0.9900000000000017,100.0,0.0
pool1uhp45dah4vfqyyuqa7xnvk3frffx38fx4zks0lqluxdhx5zkq2s,33,33,33,0,0.0,0.0,21833.978887393943,<3M,0.0,5.909090909090913,100.0,0.0
pool1wa5v3vnyjyjd4kedksww0p7wqzrexfnan0hc58p4hhc9uud6922,4,4,2,2,0.0,0.0,10416.97183025,<3M,0.0,0.0,50.0,0.0
pool1nt00f6p0frek3f0jza4u9ka5rey76752j5zkrpldkpqvjspytm3,295,295,0,295,0.0,0.0,1014.0656964779673,<3M,0.0,2.5000000000000124,0.0,0.0
pool15adjfpfxey958sy0g2l2n8faufnvefv8g9r7pf6tknxewuh343u,15,15,14,1,0.0,0.0,14003.81113973333,<3M,0.0,1.0,93.33333333333333,0.0
pool1r6td5w6xpvuls35fzafps37dvkt4y9m3g3dps6ly3kq57jzzjtp,16,16,16,0,0.0,0.0,301.477574,<3M,0.0,1.0,100.0,0.0
pool1h4n266z2xz0v754qf8uu09cda7q68gpymt5dlf4zxcvlg3hq3r7,295,295,295,0,0.0,0.0,24.350459657627255,<3M,0.0,0.9999999999999936,100.0,0.0
pool1u47c6lcdn3sg0s3a063xuart26v4w6u2h5vtwkqxvvngchz7jp5,54,54,52,2,0.0,0.0,40526.05239616664,<3M,0.0,1.0000000000000004,96.29629629629629,0.0
pool1nkldjqr5pml3tsg8wxr7ss88gguyjez945vpwda797jdj6zxghj,1,0,0,0,0.0,0.0,6.693257,<3M,0.0,15.0,0.0,0.0
pool1zlp7tdvtc2t989hnzxsenh4k74tt4gwpg000smf908jj64w4vg4,155,155,155,0,0.0,0.0,95.90322580645162,<3M,0.0,7.584516129032284,100.0,0.0
pool15l7f5vd5sqchjqys6x5ygmdgs88q4y6ndwc7xy9a05y2jfced93,294,294,294,0,0.0,0.0,99.25850340136054,<3M,0.0,100.0,100.0,0.0
pool13ds97sp5wtfpu7x720pj843ax2chfrcj25d88a39l8czjmg4gkf,294,294,294,0,0.0,0.0,99.25850340136054,<3M,0.0,7.2608843537415035,100.0,0.0
pool16lsx9mj2s2wr337hv9402enw0886d09grx5c0d4pk97w63kjn2a,294,294,50,244,0.0,0.0,7055.656034418458,<3M,0.0,0.0,17.006802721088434,0.0
pool1qxpzlkxfem0q230hjp9f622c6yaej8qycwy34nwyt98axedf78f,294,294,294,0,0.0,0.0,99.25850340136054,<3M,0.0,7.2608843537415035,100.0,0.0
pool1g90xrq0qrgn7z9xdfpx6xlgxwedf7unrcmh2drj7j70hxr35jxk,294,294,0,294,0.0,0.0,0.0,<3M,0.0,3.0000000000000013,0.0,0.0
pool1nmnauud7ghvm3l9tyw9fwhgus6vcymqyksynlwjxxjeyx4rrsvx,293,1,0,1,0.0,0.0,12031.194645498284,<3M,0.0,1.9999999999999871,0.0,0.0
pool1dxyj26fptj4muj6r2xp8h6lsp3s9ycgup6ssc0e62arxw6gc2xz,294,294,294,0,0.0,0.0,3769.1417602346987,<3M,0.0,0.0,100.0,0.0
pool1lz95nzjjmr6449lk0avhplw9678m6kxghvxzg2yfcmy3vl0k6jl,294,294,294,0,0.0,0.0,103.23089899999928,<3M,0.0,3.5000000000000107,100.0,0.0
pool1vksehrwtsdvtyrsy92smnqey4wzhdej882clzc08xakmkx3eh7y,8,8,7,1,0.0,0.0,1947.545971875,<3M,0.0,0.0,87.5,0.0
pool1elncm67fcahguxu3l5n7lsr75f5q89nu00xsa5ay57p8gypxyuc,25,22,22,0,0.0,0.0,987.340382199999,<3M,0.0,5.8000000000000025,100.0,0.0
pool1fxrxatul2edy2cvys2j25cafstvysf80juadr3a7542pggcjvv6,155,155,155,0,0.0,0.0,855.4001367483856,<3M,0.0,6.990322580645181,100.0,0.0
pool1vzpdcm9jvxf535k6jvhurs2fs06anajxdryuutk6nv4rwsu87se,10,10,7,3,0.0,0.0,55021.87260559999,<3M,0.0,0.0,70.0,0.0
pool1xj9rfjk2kee7wf85kdg84qlgmnz4tq82fh96ez3f9l69s7yr0q7,42,42,42,0,0.0,0.0,122.24241664285724,<3M,0.0,0.0,100.0,0.0
pool1yz7qjjrjkstydzjqsa50s4y296h5djt5zpfz05wkrvrs7w8z80d,124,124,123,1,0.0,0.0,3147.3605074838765,<3M,0.0,1.4999999999999962,99.19354838709677,0.0
pool1a9fmzl8m8ql8kk5s8cgxf0ny4c06v2540977gps5mjunwvk5zc0,293,293,293,0,0.0,0.0,1250.7073830511954,<3M,0.0,14.999999999999918,100.0,0.0
pool16ypn6g8sm5um7mkxyhdu7j9eq9zl35wywq5n9x8g0aujc060qzp,293,293,293,0,0.0,0.0,1016.7570799590452,<3M,0.0,14.999999999999918,100.0,0.0
pool1e4vkh07ttnzxqp06xs8tzprtgrgufxh24hcr76msp7lvzxymhxk,137,137,137,0,0.0,0.0,1172.7503033868625,<3M,0.0,1.9708029197080281,100.0,0.0
pool1gdyn4dggh5c9yn5cjve3dlljjkpwzdt2g4au8aszgwd6y97wde8,291,291,291,0,0.0,0.0,39647.56452469421,<3M,0.0,99.0000000000004,100.0,0.0
pool174s9fj3073jx2t8zlm5x8rvyqt52uult4jn7slyrtg8gx8ay9jy,292,292,292,0,0.0,0.0,5583.7036987191605,<3M,0.0,3.0000000000000018,100.0,0.0
pool1ttxsd0ls8w35mrluxa49v0vslt7a85pfusxxemxrkpasy27tkcx,292,292,145,147,0.0,0.0,3309.4850060274152,<3M,0.0,0.0,49.65753424657534,0.0
pool1e3aqrucesk7mafy7sl5npzsc65ccy4xfz8ct22y7wcaa2jpmhul,17,17,17,0,0.0,0.0,3367.0623550588234,<3M,0.0,0.0,100.0,0.0
pool14rh487d7t49dxwtkuhgl9rfm8ezkul9njss4482xz28h6c9smm2,19,19,18,1,0.0,0.0,5546.032427684212,<3M,0.0,2.3894736842105275,94.73684210526315,0.0
pool14yhkwrd7kw8d92vdpnlua99gr7sum3a77d2rylatzggzsfxpr2e,88,88,88,0,0.0,0.0,19669.961711999997,<3M,0.0,1.0000000000000007,100.0,0.0
pool1pjcdpfg0fef6rfqpkcn2q9wgrkcqd7ym79ys2h9dp3xwu985afv,14,14,13,1,0.0,0.0,485.45329742857126,<3M,0.0,7.499999999999998,92.85714285714286,0.0
pool1q7ms8x75835h4prn3hjr2v8s9facg2fhwsjg4mrcvjt6v4ugyw7,20,20,20,0,0.0,0.0,994.1027629,<3M,0.0,0.0,100.0,0.0
pool1tx8u0u9zzz8e2ttwa95nneaganpfpd57ha3vdsycdj8zq2xe7kx,21,21,20,1,0.0,0.0,99171.43459752381,<3M,0.0,5.23809523809524,95.23809523809523,0.0
pool19jmvkt2qhhlqjk55m2kz4y3n4nr7w44jpny4zlzn59vdqdk60qn,5,5,4,1,0.0,0.0,13640.8790118,<3M,0.0,0.0,80.0,0.0
pool1yytrxcl3qsflq0gkak0f9frcq67v8ty432rnjd4mnkla7858699,2,2,0,2,0.0,0.0,749.113602,<3M,0.0,1.0,0.0,0.0
pool1uu5ve3qdv7zxpmger77u0kw7pm8l4apmgr5xy6wspceayl05vsd,291,291,291,0,0.0,0.0,5.583012886597956,<3M,0.0,100.0,100.0,0.0
pool1c6ezumxqayxzfwec8q8nz40zpf58n3sr22nstpxf2pg3gggx0ce,290,290,290,0,0.0,0.0,1542.435144965525,<3M,0.0,0.0,100.0,0.0
pool1nh66pel9vh4wrwh6am4allpkkwd6mtyv6a93whs7cmsuk7kc920,75,75,75,0,0.0,0.0,1109.7201187333335,<3M,0.0,4.499999999999996,100.0,0.0
pool1adryduxm4puhn67tuxys7rhvdleee6gw5pc9ufnwwzp8k2wjc2z,290,290,285,5,0.0,0.0,10144.18462445864,<3M,0.0,3.0931034482758624,98.27586206896551,0.0
pool13uqms6fsaqmlmt6zr8z3v59a6k0e2u2npnfnufer4mesz74nry0,10,10,7,3,0.0,0.0,4480454.4838977,3M-10M,0.0,99.60000000000001,70.0,0.0
pool1qw4h9v0yqy53m2yx6ngcj5w8394q7wtmfk06edlpvu0zw4gn9ku,290,290,290,0,0.0,0.0,8289.98406323447,<3M,0.0,5.000000000000025,100.0,0.0
pool1n7j9vat4zf7hcqdvknv2sfg5f9x625n27csex08gl6nkwfg7qa2,3,3,2,1,0.0,0.0,673.7978253333333,<3M,0.0,30.0,66.66666666666666,0.0
pool1lum6jezln4dtxsvjgagnd06uavwps9ntks9rk93h7spzkgyzu9w,289,289,289,0,0.0,0.0,6893.880004314865,<3M,0.0,11.22996539792381,100.0,0.0
pool1g6rugsgxrl7ylqnuw2qvma0kuk63wc4yv43a4tmw3qaawgu87c0,289,289,289,0,0.0,0.0,13818.232497737046,<3M,0.0,99.0000000000004,100.0,0.0
pool15zuu7g6030wsfafu6a80pf6z2w6ceu4aumu2d6neykgtcx650u2,289,289,289,0,0.0,0.0,1633.1919138615963,<3M,0.0,99.0000000000004,100.0,0.0
pool1e7nfdwhwc3a888v7myz3xulkcxuzl9k9yq82ud4qgssh2hw2wj9,69,69,69,0,0.0,0.0,3.406808536231879,<3M,0.0,100.0,100.0,0.0
pool1rn25pylervsvvxytr8ur56tf347zcrwaumpesrv97mfl70d4syy,69,69,69,0,0.0,0.0,3.433200347826082,<3M,0.0,100.0,100.0,0.0
pool1llknxwa7zzugc52mnv3lpxgh7az8wnqylrxxfqhzzm9e2eufug3,288,288,288,0,0.0,0.0,240.420060059026,<3M,0.0,20.000000000000096,100.0,0.0
pool1v8q0qxwzny7menehpf9s3rrgw3lsc76pn6800wyjmzx8ujphu7n,63,63,63,0,0.0,0.0,2465.661306650793,<3M,0.0,0.0,100.0,0.0
pool1mnfvexj5rxp72gt5nwqucqpclcsjnt0ly3dzfvggxckdu5n48ps,2,2,0,2,0.0,0.0,2.5322375,<3M,0.0,40.0,0.0,0.0
pool1vd9a6q0jknarhwfyg7mspplrgsxf8zsna7yjr7crrtqdwftl7yw,287,287,287,0,0.0,0.0,4568.060893923459,<3M,0.0,0.999999999999994,100.0,0.0
pool1v2dq9rex477rxqh7f8wwyprtc0qvxr3vvysvep7nj2qu68zdfaf,287,287,287,0,0.0,0.0,4584.191736613265,<3M,0.0,1.999999999999988,100.0,0.0
pool1jftjpe0cvdw5paj0anuja6kf5mqvssec5gn0c2mhj3w6jgp6huy,23,23,23,0,0.0,0.0,15.534018130434788,<3M,0.0,100.0,100.0,0.0
pool1kz0gh586tn9fh77fgc7em9tl6d82e3ly5quwsvvfevvszt64g8d,286,286,286,0,0.0,0.0,2489.3381438566366,<3M,0.0,1.9999999999999882,100.0,0.0
pool1dseqc4gvvfs7u6f072ha4rqxgwx4kyvglegfxqu7ydemsngeppg,137,137,0,137,0.0,0.0,7.637465897810233,<3M,0.0,100.0,0.0,0.0
pool1ygkgjut5uqwl7tvpgmfdtrw4ap3nxdsf9uzu4z246hnngl9glx7,5,5,5,0,0.0,0.0,1240.762201,<3M,0.0,6.800000000000002,100.0,0.0
pool1hy3fjpuq844ttntzcnr3j07sr6ljh79ef6ny3u8hdd8w7zhrwgz,18,18,17,1,0.0,0.0,24037.2694436111,<3M,0.0,0.0,94.44444444444444,0.0
pool1jsfxaefsh9rrjxqzq9axxlj4p7dwp9kfapqssdtyux8exxg9653,27,27,27,0,0.0,0.0,15213.937460555555,<3M,0.0,2.0000000000000004,100.0,0.0
pool1a8h7s4q2674s5aaqkp5dg598qh097s4krjwggdxx0pwgcl2c5cm,53,53,26,27,0.0,0.0,236.10407552830188,<3M,0.0,2.000000000000001,49.056603773584904,0.0
pool1h04a5fzpr42nsyj7lxczhtswma04t258jd8wvqjc9z3a58n2mgg,20,20,19,1,0.0,0.0,512.7792678499998,<3M,0.0,1.1750000000000005,95.0,0.0
pool1xpf8g0mh3hae5rhgmqglllquueetpeasremncdghp6j675pehcp,4,4,4,0,0.0,0.0,2495.57648375,<3M,0.0,0.0,100.0,0.0
pool16xkhtfxa86dc66m6zu33xlkffxrp9wtz22n9pjlwvhfzgrfhg9n,1,1,0,1,0.0,0.0,97.079284,<3M,0.0,0.0,0.0,0.0
pool1ppglmlfxglhv6y9qt2w6ktrlr275pja9eejpz30pjn8tvnlrspd,9,9,9,0,0.0,0.0,5027.602057444445,<3M,0.0,2.5,100.0,0.0
pool1jgs5yjfs9kt5fpqf2z5yqalxxstr7e88qyzulfyn5x5477zvcs7,26,26,25,1,0.0,0.0,1095.4893250769233,<3M,0.0,100.0,96.15384615384616,0.0
pool1enlrk2lcjrjy8g9dghac5tupgx94cv3px0ms3p3e7mqaq70rlqw,72,72,71,1,0.0,0.0,2047.2138886111109,<3M,0.0,0.0,98.61111111111111,0.0
pool1kqs5tzsmgrjkq7aesf8rzgak2np864y66qsg203zyy5hgerxnlz,52,52,52,0,0.0,0.0,1073.967157538462,<3M,0.0,0.0,100.0,0.0
pool1txc25jkafa2ta5wmftt4y9qp72d7w4rx5nq44amkmcdqs3xa5xn,9,9,8,1,0.0,0.0,8643.875572666668,<3M,0.0,1.8888888888888888,88.88888888888889,0.0
pool1xvxftqa2vdtq5lhgckdk5l9grpm4mhw5drj0h3gnjlqzkd2kqty,182,182,182,0,0.0,0.0,113.19678058791185,<3M,0.0,0.0,100.0,0.0
pool1ypy4v8h6vc8mygjpw0tgztj99rzsh4gancmlfqrsc3yey5f2ujm,18,18,18,0,0.0,0.0,117.43566461111108,<3M,0.0,6.66666666666667,100.0,0.0
pool1r80l6hsdftyfvqftjak0r6llnszdtnh2x7rvtllawzj7x3afq2k,284,284,284,0,0.0,0.0,3493.6900589154898,<3M,0.0,1.9999999999999882,100.0,0.0
pool1fpsp2ayycsvpj2k43jnctdp306murzt7nzrlg0fuyyr9y8vx3pp,283,283,251,32,0.0,0.0,28750.741289264904,<3M,0.0,1.5000000000000018,88.69257950530034,0.0
pool1s7c386n0t7n9tgef6qmqdw7ses4kzwzxulaq56t3ghgfka29jnw,8,8,8,0,0.0,0.0,8940.624832125,<3M,0.0,0.0,100.0,0.0
pool16jah3490dqhzq7r25rv5z05x2as8mg2vupdnmskdt9hzu65aepu,38,38,38,0,0.0,0.0,98.50674934210515,<3M,0.0,2.5000000000000013,100.0,0.0
pool1jgglnwtsle6f4dvswsd5mthdcpyc8jx9s49et2sgd9vqkkeah2v,30,30,30,0,0.0,0.0,252.9925901,<3M,0.0,1.0000000000000004,100.0,0.0
pool1fu6cvwqamrfxkzc0pjsmd7mqazfqh558sckequqj3ckvgyyg5ta,282,282,282,0,0.0,0.0,300.08801539716166,<3M,0.0,1.9999999999999887,100.0,0.0
pool1fwgyndndjf4d5u3ypzuma64wnmea9llzxa7ek9lkupuw786zv32,57,57,57,0,0.0,0.0,892.5752753859646,<3M,0.0,0.05263157894736842,100.0,0.0
pool1xcesfga2h2fh7s4es4v2nsu4npc3ayg5x93m4mvt7whn2pfswma,282,282,282,0,0.0,0.0,7.6216540000000235,<3M,0.0,6.000000000000008,100.0,0.0
pool1s4hxwet8ezjgfjxekeexezzyu2zhg302hpex6f683hvsw8qpd5v,281,281,281,0,0.0,0.0,6494.674542597901,<3M,0.0,0.9999999999999943,100.0,0.0
pool14atewgzlv6nl2e8k3ndrzwt9y07sepuplj9vuxk3trzzj5lmg64,282,282,31,251,0.0,0.0,704.3017930354599,<3M,0.0,10.000000000000046,10.99290780141844,0.0
pool1wumx7h5vnkjwhv0rycjwdqd8cykvr380etvszgevquxwz02p5wx,281,281,281,0,0.0,0.0,1794.5144656263296,<3M,0.0,0.9999999999999943,100.0,0.0
pool1fr3ws5vwm7l5y2ywau2jrlaan0xmfqv68h5g3g3sum2ywthurt2,281,281,52,229,0.0,0.0,46041.041034231435,<3M,0.0,99.98999999999995,18.505338078291814,0.0
pool1uampzpvzmzuh8fk76xdtu95m70y8t23mgmgpp4g3p88vqtnva4p,8,8,8,0,0.0,0.0,13674.983776625,<3M,0.0,87.00000000000001,100.0,0.0
pool1pj5wv8tvu5f5dpmx6w5wthqy4sg3vs4qjvumg439v0plxgnu8a6,281,281,278,3,0.0,0.0,6066.86486910676,<3M,0.0,0.08007117437722419,98.93238434163702,0.0
pool12xnpxhc3qcltgdvrjkanpnvergmt7njm9cj49ra4qcg0w6fuplu,45,45,45,0,0.0,0.0,19790.137872133346,<3M,0.0,3.000000000000002,100.0,0.0
pool1xafjf3ydnay4tmkfaalxtk58puuk9wmjwemnd9e24eppka33e84,75,75,71,4,0.0,0.0,23263.453516026682,<3M,0.0,1.0000000000000004,94.66666666666667,0.0
pool1reje63x6l2dh4t6d8ya3m04c9lypu4chc0cvn4jnk7lmus54ckn,281,281,281,0,0.0,0.0,2408.540172487537,<3M,0.0,2.0071174377224086,100.0,0.0
pool1qjv6z4enegjdyfuf25tmjzng0uva5u7epsm7whm09jc0ytja8ft,52,52,52,0,0.0,0.0,2111.603034211537,<3M,0.0,0.605769230769231,100.0,0.0
pool1p39fgnpatsmyln2nyhr64elqfzxxk8q25xtkny97qgnlkllaxry,280,280,280,0,0.0,0.0,1573.3388579678451,<3M,0.0,0.4999999999999972,100.0,0.0
pool1wv6ar43c49xd5mlw989kevj3rk5ph6tw4vpnptu9m0sp6uyx2j6,26,26,26,0,0.0,0.0,3659.629776153847,<3M,0.0,0.0,100.0,0.0
pool14t5mu3sc07e92k6etpq2xftwjy2z3y8gxq0wny2crdckq2rpt0r,280,280,66,214,0.0,0.0,132.44721664285646,<3M,0.0,0.10000000000000006,23.57142857142857,0.0
pool1yj7k9t5ctna2hvzwz9s5j2pctzzrjrck9xcew7jdjv2lgyaz8tg,10,10,9,1,0.0,0.0,126.6560679,<3M,0.0,14.999999999999996,90.0,0.0
pool1pmsjsvnd506xqzwlcavexcl86ta046eqz74xzvt97688urmd0qj,280,212,212,0,0.0,0.0,627.2443534392864,<3M,0.0,10.000000000000046,100.0,0.0
pool1kcw5dj8rnuk3pvd52f7nedpfwdqatng82q5yj6eg7g68gt2r79h,3,3,2,1,0.0,0.0,2267.802761,<3M,0.0,4.0,66.66666666666666,0.0
pool1mlkjpe0rtmrxx9x0akz8azv3fdjue468u59hd35vg36suapgmeq,21,21,21,0,0.0,0.0,6347.598869904764,<3M,0.0,0.0,100.0,0.0
pool1wdfph6nk4l8x5ld8lvvwmnhu0phukxuzu0w2q46t6r0nc93x8q9,17,17,14,3,0.0,0.0,44685.431555705894,<3M,0.0,2.5000000000000004,82.35294117647058,0.0
pool1nfv6hdwqw7agtv939275vtpp4r0d7d4ct4fuwv896metsgl2jx6,1,1,0,1,0.0,0.0,16.441897,<3M,0.0,5.0,0.0,0.0
pool153wrr2x0ld6k54nydlpnj6c6qt6dc8resxlumad0lpzws5sfnym,76,76,76,0,0.0,0.0,496.6224260921054,<3M,0.0,1.0000000000000004,100.0,0.0
pool1j5sgmtepvszu63rnxs7ft8sk04c9z4jn76qhyepa0fwxx82ncg2,37,37,37,0,0.0,0.0,1510.1972033513505,<3M,0.0,1.0000000000000004,100.0,0.0
pool1ssn7vj756vpv84h5vgkkvv5rzk0zp6pp2kdrqwfjsffu60djyy8,279,279,279,0,0.0,0.0,1929.0731664910306,<3M,0.0,1.9000000000000066,100.0,0.0
pool1233gq8vt6nzytuw60sr9gy2jmehc88fpglrjrzsd8kys5gqelgg,279,279,279,0,0.0,0.0,4204.304030279561,<3M,0.0,1.1003584229390604,100.0,0.0
pool12sm246gf3avak3h8kptzvl32y0z5xdzz06ysp7sv9q7cgu96h5s,8,8,8,0,0.0,0.0,6927.945985625,<3M,0.0,1.6625,100.0,0.0
pool15uk32kvf7nlq4ac8lev2gmyx7lgdew7nnsflu8xygaav6r9u6h0,10,10,8,2,0.0,0.0,16414.9291496,<3M,0.0,2.5,80.0,0.0
pool1lq78uw50ple5j3ruk6rx3np3u5ya0hcgq2k47yfmpuj46mahwnl,279,279,49,230,0.0,0.0,5528.284604501793,<3M,0.0,0.0,17.562724014336915,0.0
pool1jepxzmqljthtfvcx9dhcp7rysg9n40z6jxr9cw7963h0qv8mz60,279,279,279,0,0.0,0.0,752.443499820789,<3M,0.0,1.999999999999989,100.0,0.0
pool1utg3c2nzhtd3uqj9ca8ayucup043d7yvhql3lputk5t56txxhjy,89,89,88,1,0.0,0.0,16173.392780146085,<3M,0.0,0.0,98.87640449438202,0.0
pool19dxv0ssf5037t2hst02a3teacta0enwtx7j6rxqftxh5sngfame,67,67,67,0,0.0,0.0,507.20116116417825,<3M,0.0,6.999999999999999,100.0,0.0
pool18f4d5kj6n3ex7vl9udw3qczf3aye0qcuusgg0tkdja5sqm3604s,12,0,0,0,0.0,0.0,98440.56620024999,<3M,0.0,5.0,0.0,0.0
pool1c5f6yd5fxrz970lu4064tpzmzttpaxc4csdtrm8uz8x3vtf9gua,3,3,3,0,0.0,0.0,97.565519,<3M,0.0,1.43,100.0,0.0
pool1tyfdyg85t50lj69ehgmg90e4xr6y42he6pt8pvmau8v5x46fy67,277,277,277,0,0.0,0.0,10659.778963769011,<3M,0.0,0.9999999999999944,100.0,0.0
pool1sy86l3j2aumxgsvp2nmw4ukuq2tc7drnqum9z8796hxnzksde4j,277,277,277,0,0.0,0.0,2452.114455285212,<3M,0.0,0.0,100.0,0.0
pool1jaz3uhlpwgpjsaayvw3jv70sp0gqz597rxynwvuneq0e692hjaq,18,18,18,0,0.0,0.0,59229.76978833336,<3M,0.0,8.222222222222225,100.0,0.0
pool1zw2jtdlmmnrq06sx78rnq8ha90d0xs3gyaxrqc3llxe9y4edtv8,5,5,5,0,0.0,0.0,446082.17215959996,<3M,0.0,5.0,100.0,0.0
pool1lunsvxzwgxjqf622gq72n6jhclq5juy0mqh9v4ktufdrzulfncr,276,276,276,0,0.0,0.0,25047.223081822463,<3M,0.0,3.0000000000000053,100.0,0.0
pool1n9x72fyywa7f6ca9smp4t0plc4s7f3nuldh0fjl7054tv9qggf7,54,54,54,0,0.0,0.0,2960.9048047592596,<3M,0.0,2.128888888888892,100.0,0.0
pool1eq96x3rdmq0dxdyx0wwwy064p2jzrlg6dp37r5uwhehnja29fxq,276,276,275,1,0.0,0.0,366.30487248188484,<3M,0.0,10.000000000000044,99.63768115942028,0.0
pool164nml0s3vt20jd8uf0lwf5hjnt4vcan9sjmxr8huq7k2qswd8jq,275,275,62,213,0.0,0.0,1663.768428323636,<3M,0.0,3.0000000000000058,22.545454545454547,0.0
pool1c0zg0udyxu9lfzwy54vz8q8q6xja0fmlz8mgtge3ul066ghduqc,3,3,3,0,0.0,0.0,14.01692,<3M,0.0,3.0,100.0,0.0
pool1nqphygvwwy7kmy4eke38vfq92mdmx74jgw3g633pkcpyw05l2qn,4,4,0,4,0.0,0.0,14.32441575,<3M,0.0,2.5,0.0,0.0
pool1sslwzd3uhe8pxejg4ck3fk0g7jhgw7ce0v72ymfc8g0vv7v279h,6,6,6,0,0.0,0.0,1151.8118028333336,<3M,0.0,1.0,100.0,0.0
pool1y9x5kv6acume88rx5nu7jegxex58p4se899lcgjqqw8565dsspr,88,88,88,0,0.0,0.0,507.8005683409086,<3M,0.0,2.2727272727272743,100.0,0.0
pool1ygexxgl3tume7d64vatxxc9keugjlqzkdk534yxz9pd32ppxc6w,99,99,99,0,0.0,0.0,8425.645352525262,<3M,0.0,1.0000000000000007,100.0,0.0
pool1m37r49mpy4tzhger3kysn0fhx9akgplax56xs6r39p43xfpffwm,2,2,2,0,0.0,0.0,62.3479705,<3M,0.0,5.0,100.0,0.0
pool10zlvwtctcsk9mns2a0e5f7h5qdaan65h0pfvvdym0hvkwzsns86,6,6,6,0,0.0,0.0,182.1560155,<3M,0.0,1.0,100.0,0.0
pool14tj8njl3ggzj4dzcsrm5yjekrahytp4zkh3s78gsxz4c55jfuzv,271,271,271,0,0.0,0.0,34647.805678026045,<3M,0.0,0.999999999999995,100.0,0.0
pool1mkprng8gaw4uzkd0x9ppjw5y52gv2qnwuet9dtvmdy6fkjuv9u3,8,0,0,0,0.0,0.0,64999896.936243,30M-70M,0.0,100.0,0.0,0.0
pool14akj80fz4z2zpxfld2jwvzdelvctck52uavy2kjv0l925nmj37t,148,148,148,0,0.0,0.0,428.6504323648637,<3M,0.0,0.5000000000000003,100.0,0.0
pool1vgfc8fqul93hf6fnl9n23czssgw6xyqx2yjn0lxqmcmvvc839th,270,270,270,0,0.0,0.0,1644.3900188148066,<3M,0.0,1.99999999999999,100.0,0.0
pool1n0096v5d76a0rlu5vlnh2qc7zw7ylquj7gp75djtjujwquw95s3,3,3,3,0,0.0,0.0,406.839085,<3M,0.0,1.0,100.0,0.0
pool1057u7q40d3azwak890qe9rt3yh554udtqjgj8nkuk0d5unenspe,12,0,0,0,0.0,0.0,43333334.308106996,30M-70M,0.0,100.0,0.0,0.0
pool1f0suxgvttj0rvag8xnreafaf7lr3hhjsur53ty65yvjesekxpum,13,13,13,0,0.0,0.0,5871.540053538461,<3M,0.0,2.1538461538461537,100.0,0.0
pool12l6mjdfs08t5g9q5uck8mw42yr8l2rkxk26kpljcp4p0u9zz9v7,100,100,0,100,0.0,0.0,23289.120096830015,<3M,0.0,2.999999999999995,0.0,0.0
pool1vdfv85qwf7arqpfp80jnwc67g3hvhvphdelfxd9g3rhyqtkal4z,2,2,2,0,0.0,0.0,47.5354055,<3M,0.0,100.0,100.0,0.0
pool1hk6hlpwzkf97z7d384x2zc79ntgxp5u4hj5rccjdmc4j7688nrw,19,19,18,1,0.0,0.0,977.0426370526314,<3M,0.0,10.000000000000004,94.73684210526315,0.0
pool1zy2jj9a3uqwtykkfmxfmypala5gup9anfdm6tnn0jl86jsjjlxx,85,85,84,1,0.0,0.0,2299.337342752942,<3M,0.0,0.0,98.82352941176471,0.0
pool1xj0rwtjunvkprckyne7kyvrja0u4nhp87h5eagml249xzzsac42,96,96,96,0,0.0,0.0,2454.678662687502,<3M,0.0,1.8000000000000012,100.0,0.0
pool1q6me7w5a3kuwhhdxyyfl8vyawgscyqncudw86apsjvtvk7r2d3v,57,0,0,0,0.0,0.0,0.0,<3M,0.0,4.9999999999999964,0.0,0.0
pool177h9ngr5eyylrkrn39p4jdqjfnjlanc4vcyrn5366l7czkpsngt,57,0,0,0,0.0,0.0,0.0,<3M,0.0,4.9999999999999964,0.0,0.0
pool12te7g032e9dqjqe5xsr05mrk7xs9ve4w6t275cda7e9quafr3zq,266,266,23,243,0.0,0.0,1813.3655097105263,<3M,0.0,7.499999999999963,8.646616541353383,0.0
pool1hjz482dskv7vvc3wpmgwy2avx784c26xq8v5pc8dm0ne6shyfzr,266,39,39,0,0.0,0.0,2862.320896063921,<3M,0.0,0.0,100.0,0.0
pool1257katluv06rs2zhp4hgkw24fy0qhx7ru0v07435w3fcjskqp4s,30,30,28,2,0.0,0.0,1858.895763533334,<3M,0.0,0.9666666666666669,93.33333333333333,0.0
pool1tcctsz9jec45ugkcl8lyk8gz0yss675cnp63gazqalcwsx2dr37,265,265,265,0,0.0,0.0,948.7069410301918,<3M,0.0,5.00000000000002,100.0,0.0
pool17wdqcn6xjym38wlry6t2ull00fg7ghqejd0xuy4p20djyua800c,265,265,265,0,0.0,0.0,98.6240299999999,<3M,0.0,5.00000000000002,100.0,0.0
pool1d0zg367y8079zxyuq04quq30kcga80gxhtd7z0l0p48wwdcdgfs,21,21,19,2,0.0,0.0,10785.782587095238,<3M,0.0,8.57142857142857,90.47619047619048,0.0
pool1a7tdlv4re0fj309jgdx8fxrjy5sz9rw94cj2dfrkw2u7qmwnhm3,13,0,0,0,0.0,0.0,515.9200311538463,<3M,0.0,3.8999999999999995,0.0,0.0
pool1z8m6n53kn0ehj744mr5ltlqhfqluawaexg9tj2jdkrm52kg2x93,13,13,12,1,0.0,0.0,10181.480334846156,<3M,0.0,0.0,92.3076923076923,0.0
pool15pggy59smh8465ldedcc5ks0nlr6xxlna73wmpkfp5jn7sh23pv,264,264,264,0,0.0,0.0,11238.956366924189,<3M,0.0,0.9999999999999953,100.0,0.0
pool1lsextprexjzcjmdspntq6dmg3eqlsup36yrwj4lhdmtm5jmlsut,17,17,17,0,0.0,0.0,7684.442009882356,<3M,0.0,0.0,100.0,0.0
pool1a4520vgx4rrcllk3an545r26atjnsr6c5rkye2jcuptejnz7jtn,64,64,63,1,0.0,0.0,2321.301234421876,<3M,0.0,1.0000000000000004,98.4375,0.0
pool16r9h72hjg64cv2vzsmxmtxl50twrk6sky9e8l8wnhgrnv09yrns,14,0,0,0,0.0,0.0,497.2774406428571,<3M,0.0,4.135714285714285,0.0,0.0
pool14neacjjtdmve89pchn78ku36dvza90mtk89v6ldw8jt52f0vqnj,42,42,42,0,0.0,0.0,10933.443379428576,<3M,0.0,100.0,100.0,0.0
pool127cp6le6v4hs453tkwnjd6ua9fcmmh7y5zc44zx752yzklgcrcq,261,261,261,0,0.0,0.0,1841.2216251340915,<3M,0.0,6.068965517241395,100.0,0.0
pool1pvxuqa2nh2wwuwzx250tyaev0cz03d3cc50c57m4ycac7uhsz2w,8,8,7,1,0.0,0.0,1124.0111441249999,<3M,0.0,63.81250000000001,87.5,0.0
pool1zydxfglzuvv6septzwzfgyslcdjsytealqmflft7kc57j9tqcvz,260,260,260,0,0.0,0.0,819.375897826922,<3M,0.0,19.96153846153854,100.0,0.0
pool1hnr6a6tvfz623j94yzyy4eunh6g9t3ltw2s9wda494n0cgke8zz,66,66,66,0,0.0,0.0,56.28605519696968,<3M,0.0,2.499999999999997,100.0,0.0
pool1w9cz3yyz8glemkwpn8hue6s89jrlhkap3nupzac7kdx77gj9am8,259,259,0,259,0.0,0.0,3.625350000000018,<3M,0.0,100.0,0.0,0.0
pool1km88m74x0l6gax9whuw9v86ftejwztxyg4arfh5cartjv8eqsze,259,259,259,0,0.0,0.0,5370.225502173747,<3M,0.0,14.999999999999927,100.0,0.0
pool1jk8c0gptpht6u0wzryx90g5r2jjnemm2z4al5qucpxs6kpqtcvn,20,15,14,1,0.0,0.0,1957.5812733999999,<3M,0.0,3.5000000000000018,93.33333333333333,0.0
pool13ss25l908k5vqfw0aq2t66xr3hrvlqlsf4tfsmp59kyfxhfmah3,259,259,259,0,0.0,0.0,10573.027034000024,<3M,0.0,14.999999999999927,100.0,0.0
pool17we8ycehylszd2n3haxut8gll239m9m9q5a8ytsc9pg9g3uuga6,258,258,257,1,0.0,0.0,1457.0722141511728,<3M,0.0,14.999999999999927,99.6124031007752,0.0
pool19rjcjrsyn9nrg73h458p0xa97jthz2pwgx96ll6qs9gs7zn8hzq,1,1,1,0,0.0,0.0,1346.600172,<3M,0.0,1.0,100.0,0.0
pool1kusq9ku7q9ml9wkjvujyqygsl80l0czx0xdwkgxf0p4074ls4wp,6,6,5,1,0.0,0.0,44891.297507999996,<3M,0.0,0.0,83.33333333333334,0.0
pool1lrqr8t2dhmsme3kmatn2va54lz2995vdf3heeg5xrpgp6ady0jy,19,19,19,0,0.0,0.0,3293.848033789474,<3M,0.0,0.0,100.0,0.0
pool1kmmxtm6dq24utnj4ru6kttdf0krs6cpuwf960yw8jadxknt783a,45,45,45,0,0.0,0.0,295.9646103333333,<3M,0.0,9.900000000000011,100.0,0.0
pool1vwf7ptdmz4vlgah5gfs3agf98v48gwszw6zxr0n39jx9z9avu7n,45,45,45,0,0.0,0.0,1465.0283678888884,<3M,0.0,0.0,100.0,0.0
pool1wxpxss59wuqz5qzw7dl0v2fncgwc9equ67qkmgupw93fz2jqsay,14,14,14,0,0.0,0.0,50895.364679071434,<3M,0.0,5.0,100.0,0.0
pool1ehfmxk64lnl90rmy66zt7nfjlsvzhqkxlzsml348z4ptss529mw,247,247,247,0,0.0,0.0,29319.93910503659,<3M,0.0,1.9999999999999931,100.0,0.0
pool1lg2kh02ffljktystvakj5y27ezc3u7u6mhquk9w94676vsmntrk,44,44,44,0,0.0,0.0,1663.8065704772735,<3M,0.0,0.4545454545454546,100.0,0.0
pool1rc8kh35s7fz0z9vll6jm3hku0md2dqzctlk3fkaameu5zv4uzjr,44,44,44,0,0.0,0.0,1012.7598716136364,<3M,0.0,0.0,100.0,0.0
pool1zajnjwstzxlrsh0zm472ymmkk6wms0hmxqx65k2yzcqd7920w3m,44,44,44,0,0.0,0.0,1007.6377596136361,<3M,0.0,5.0,100.0,0.0
pool1fvxrpcydcvh5xndxf98yaupfad5ct0desg7tv4v5rfv0sql04ks,44,44,44,0,0.0,0.0,1010.3517742272724,<3M,0.0,3.000000000000002,100.0,0.0
pool18en524ya9c2dtlgp490t46t5k60ztgzx5vvjj34c064duzhmgrr,97,97,96,1,0.0,0.0,30685.598246886635,<3M,0.0,0.0,98.96907216494846,0.0
pool1z3ha8ge73hkqzldetxwnlpmjxydk5ln5t2jgfqxg0r502km65hp,44,44,44,0,0.0,0.0,1014.3754611590917,<3M,0.0,3.000000000000002,100.0,0.0
pool1tac8gvcjnk7k2p8g6unmaq8tpx7fz94phxwpjjnmesxezv3fk7x,4,4,0,4,0.0,0.0,88.92346475,<3M,0.0,0.5,0.0,0.0
pool1wwqqcyr7nu045pnjsaajrxuw3aq45cqxz0jj349w8ttxjh7n5n9,15,15,0,15,0.0,0.0,2247.5718886666673,<3M,0.0,1.5000000000000007,0.0,0.0
pool1uvv7r2zul9m2hm6jd56dygee9ddr7jnen5ysfy5z3xvez3m823z,256,256,256,0,0.0,0.0,1056.5460096601564,<3M,0.0,0.9999999999999959,100.0,0.0
pool13vkkap4sd24pr4m5aw8r5y8rkn3sgdkduphd0f9cvxp5s4r83x2,3,3,2,1,0.0,0.0,10763.585931,<3M,0.0,0.6666666666666667,66.66666666666666,0.0
pool1ezulgvvxlaarpfqq5dlgrdnh7u0g36hwjqjse72x92luj3350fr,9,9,6,3,0.0,0.0,4862.272285555556,<3M,0.0,3.9444444444444455,66.66666666666666,0.0
pool14ym9xrwe8vjl8xfm7xjx3eeg7fdqekkrejhuug732myd66y6qdy,255,255,5,250,0.0,0.0,400.1750323764706,<3M,0.0,5.078431372549039,1.9607843137254901,0.0
pool126vzyvxdwhvrvcjrqkhg0c4j8pega886ww7qg0dad6mjy73pe2k,200,12,12,0,0.0,0.0,52418.9515676401,<3M,0.0,0.0,100.0,0.0
pool1gwyuzpvu9vhe2ge4qmg2qca8y0pzmzmwpu872vwzwse6shlespw,255,255,13,242,0.0,0.0,272.8005243411766,<3M,0.0,0.9999999999999959,5.098039215686274,0.0
pool1q4l2wpswlanqszppj4tcvgw4j9wdjmadqky57dq0wqhg5tmhsxn,234,234,234,0,0.0,0.0,15511.314565546945,<3M,0.0,5.000000000000013,100.0,0.0
pool12zgtcv0cu5caet8y2tna9l0jhthr46zpwh49dh0g4ew05st2t2w,254,254,254,0,0.0,0.0,3577.5252469566767,<3M,0.0,1.5000000000000038,100.0,0.0
pool1tgwsxdt0wuet80r3axcaruh3e2yw2s4lqy7mc7ldppkzj3skpw9,51,51,49,2,0.0,0.0,285.82859076470595,<3M,0.0,0.29411764705882354,96.07843137254902,0.0
pool1cj6js4ae570qqgssp5qr83zla0775u35fyxytk8j240uy2aca2q,253,253,253,0,0.0,0.0,13032.62035013043,<3M,0.0,0.999999999999996,100.0,0.0
pool1vfk2rjpkjaux6u8waahdz4urv9fucr80uvumvtvxcsddxkny593,20,20,20,0,0.0,0.0,37.31541395000001,<3M,0.0,2.5000000000000004,100.0,0.0
pool1j9nlvppmd5e2ms7w6xx7r6rgc37q2r930gkj2ssdu5a7jr53tev,113,113,113,0,0.0,0.0,6.821298999999989,<3M,0.0,4.999999999999989,100.0,0.0
pool1eg0cjkzr6gzemk5pmk2js3uydkzpxawwcapxxu0th9z66eyhf20,10,10,10,0,0.0,0.0,57.603735500000006,<3M,0.0,3.0000000000000004,100.0,0.0
pool1893ygts0e2lglr0kujztllk4c0dck078wj325c4vhw926rn324m,69,69,69,0,0.0,0.0,4394.925851956521,<3M,0.0,0.0,100.0,0.0
pool1cvmk7ftz7v5u2pd944e0xvalgchtxgsnnhryzqmqfavgxwgxmcy,252,252,252,0,0.0,0.0,3917.917446380948,<3M,0.0,3.999999999999985,100.0,0.0
pool1x9juhgslfvfdspmupa22k6vc9zusxsdkfd80jwxlfmymw3hxln5,4,4,3,1,0.0,0.0,775.2802790000001,<3M,0.0,1.0,75.0,0.0
pool1qd6mlgr6u0yp2ddxn7gd5jr6pcflu5md3sff4xyu2ngeu503jkd,251,251,251,0,0.0,0.0,3447.5626016454203,<3M,0.0,14.999999999999927,100.0,0.0
pool1675wjgy0ggtt2l23eeaj5ey5l02qj2ra48stvc7fyussslr0kq7,251,251,251,0,0.0,0.0,35.10501840637446,<3M,0.0,1.5000000000000036,100.0,0.0
pool1xgk0mj2wf7wftrc85ypamdjv7tv7xc8e9qwq5gvhmtlqym4202w,23,23,22,1,0.0,0.0,1809.9031192173916,<3M,0.0,0.0,95.65217391304348,0.0
pool16dsgd4elvvzpac4vv2hkemx40777k2xxscl3hsurw2fdz5q3cwv,57,57,56,1,0.0,0.0,66959.74034050877,<3M,0.0,49.3859649122807,98.24561403508771,0.0
pool1el9z347208wda3t5cqz65dmwal7r0e0eeq7xfzl6whdwvy80twn,250,250,250,0,0.0,0.0,1042.7570661719963,<3M,0.0,5.000000000000017,100.0,0.0
pool1qfzkp8svc7ah9vfuccmdxfg7npl4zhuf4wkzzschvnq6s03z7jr,1,1,0,1,0.0,0.0,0.0,<3M,0.0,5.0,0.0,0.0
pool16rcqtg9gywenzkp6t5qg8um5tuul6d4dzwauppz7z3ufyaj0ky3,249,249,249,0,0.0,0.0,1165.448886024099,<3M,0.0,1.0281124497991925,100.0,0.0
pool1ffukqpcl7z2akyzdl0e6aq9ds9yf5rm5dm6n00u0pkunqgw27wn,5,5,5,0,0.0,0.0,138.02875,<3M,0.0,0.0,100.0,0.0
pool1s7qh9wsx0v77e7ya3j82aw4j83n0w9h8q2rgvgpdtz75g66f7kx,73,73,73,0,0.0,0.0,26662.915386863016,<3M,0.0,1.767123287671234,100.0,0.0
pool1khmdf7afsrg303k7jmpdqx4h48jmfttqupdhdvr9ks3w7cwsmh0,54,54,53,1,0.0,0.0,209.79258727777778,<3M,0.0,99.09259259259264,98.14814814814815,0.0
pool1vygvrczrlzapm25qf8w3cxz4gxv2azrp43xj6538tt225jjfcpw,247,247,247,0,0.0,0.0,27726.85933157086,<3M,0.0,2.550607287449402,100.0,0.0
pool1t2pxldv2gln8gv0223drh5ftheuegclq35wx73u3uh2qzthtrnp,1,1,0,1,0.0,0.0,57.078291,<3M,0.0,0.0,0.0,0.0
pool1z97uz9kzzfdekjjrmxvslvxzyj9jep6thf4he5qtmcdaqvznl8c,71,71,71,0,0.0,0.0,40730.4546672676,<3M,0.0,0.0,100.0,0.0
pool12vx0utf438rpxskmvwm870vpz6qnur39jzl7gs3hhhldqekzjea,246,246,246,0,0.0,0.0,4088.385333284576,<3M,0.0,0.0,100.0,0.0
pool18pwq8mctjyctx00rl36e7r7m046mg34365amyaluw0n5cd7rv7w,244,244,47,197,0.0,0.0,2906.8875696803602,<3M,0.0,0.0,19.262295081967213,0.0
pool15jglqzc80vp83806wpa3rae699q32sxwycjmztkpy6h92p43t4h,244,244,244,0,0.0,0.0,555.060891577867,<3M,0.0,0.0,100.0,0.0
pool1tf9e29shjqn9wcgf59fk4yrjqw2gq97wlkdqe92z2ngevhvkllg,243,0,0,0,0.0,0.0,4961.251579732497,<3M,0.0,0.0,0.0,0.0
pool1gd3nuzly536f20e4kpm4ctkgv0ywes37qms6g7cy2f0xxf56nh7,244,244,226,18,0.0,0.0,103.95352685245953,<3M,0.0,5.000000000000016,92.62295081967213,0.0
pool17dqwaa26crnkecs7lydfr8826k3evkv5ypdf7wx8fu5mzexxa2x,242,242,242,0,0.0,0.0,168.72505024793352,<3M,0.0,1.2314049586776776,100.0,0.0
pool1tt6fzeh0z5dn9vfsn3fl74ur6jtvw9jsf220uaa4gj4h7fwufve,28,28,28,0,0.0,0.0,6785.466741142855,<3M,0.0,0.0,100.0,0.0
pool1w4xhfnhuenzgqqzuldnzrcm4kgpsjv8l0re3p574vg5lv4er0k7,85,85,85,0,0.0,0.0,1543.6837738235276,<3M,0.0,0.0,100.0,0.0
pool1rsrmpq6jnxnwh6z8wlzphnan4huyz6pymcgna2p5m93mz780xkw,242,42,41,1,0.0,0.0,1778.2433716570254,<3M,0.0,0.9409090909090891,97.61904761904762,0.0
pool1x5wraqz085kq37d5a3pp5n9v3rgs3mhmn4guw9328xrukndmhg0,20,20,19,1,0.0,0.0,6554.32638945,<3M,0.0,0.0,95.0,0.0
pool1q76j20af8vytskk8ej0234ynhzerasl75l8xkk6xvpnpzkfnkyp,22,22,21,1,0.0,0.0,9760.042878363633,<3M,0.0,2.1818181818181825,95.45454545454545,0.0
pool1ydcx8pf36rttvgyak63kqpgkqgrwp94k6a723zsxer0sja9t3d8,241,241,241,0,0.0,0.0,18355.657808186716,<3M,0.0,1.0269709543568428,100.0,0.0
pool1a8z4kxgsul7u4nedkxlx7g86mlcwt45dv4ntygmfsqc6kdse5c7,3,3,0,3,0.0,0.0,0.0,<3M,0.0,0.0,0.0,0.0
pool1qtvd8qypfyh3c5tr7vyya7kc65vz0erutstr2y2nu000shrg0uj,43,43,42,1,0.0,0.0,11490.769637186044,<3M,0.0,3.000000000000002,97.67441860465115,0.0
pool1unp72u3uss5rfxxkxrk4c0h7jc3a3adv07lt0avsh8q05gq3yel,26,26,26,0,0.0,0.0,137.61273230769226,<3M,0.0,0.0,100.0,0.0
pool1es4waxwdmwz2fvxk2sc50ucxaf7r3eqkrfhxr784wk9hql6x8xf,18,18,18,0,0.0,0.0,27789.025350722215,<3M,0.0,0.0,100.0,0.0
pool1l5wveuysr4uqlt9z8gheydtumhvcn5upu2fg0pu6z4y3gte9dph,2,2,0,2,0.0,0.0,151.50597249999998,<3M,0.0,0.0,0.0,0.0
pool1c8glhjlfs7lqww0zg7ghajtyf527zrahyksyawnz7l58kx0utf7,240,240,0,240,0.0,0.0,3457.683002766673,<3M,0.0,0.0,0.0,0.0
pool1sqjxn54szlmts7lh8ff00egpglycazvm0x3cfx0s37e4wa33zwu,39,39,21,18,0.0,0.0,27700.390636999968,<3M,0.0,1.5000000000000009,53.84615384615385,0.0
pool1zwvfvst3jldarh3sgjn07c3vk5yw8jz6p9m9xty5cakgqed6c9t,240,240,43,197,0.0,0.0,1248.4209358250039,<3M,0.0,32.07083333333333,17.916666666666668,0.0
pool1kqxgjf0zl60g88fxl3l8tpwu52pq78es33kqyaahgr2a7xh9g9t,239,239,166,73,0.0,0.0,820.3297163891232,<3M,0.0,6.900000000000035,69.4560669456067,0.0
pool18ej8nk0j3wt84p3gcln0h6lm2rcep9hnrmxuh2e9ru6qu8ced2r,13,0,0,0,0.0,0.0,47.80831899999999,<3M,0.0,3.9999999999999996,0.0,0.0
pool12qj3qpa2ca3jq8nj6p5psjrx7xu7dvjm25xra5s0sxxps4qx7c8,238,238,19,219,0.0,0.0,104.3630452436963,<3M,0.0,3.000000000000006,7.9831932773109235,0.0
pool15tn0nlazaatulwq667qdfs597pqlrgn62at0fqv3lvz5cg9l30m,238,238,0,238,0.0,0.0,63.65710306302493,<3M,0.0,0.0,0.0,0.0
pool1g43yqk4yuflm07faedr9qsgwdvjuw4welxae2vcv7ymyj27q8mg,237,237,29,208,0.0,0.0,34543.66473320668,<3M,0.0,10.000000000000028,12.236286919831224,0.0
pool1sas4dszphlgpljjmf4ys5pmml9mlevef7szr5hd3wmplglu3a9a,18,18,16,2,0.0,0.0,2822.9894986111103,<3M,0.0,0.3888888888888889,88.88888888888889,0.0
pool1wehqlvg34f3cpn48fa93qhnfkmxf5v3lxk9ymzukrm3tgxq34z2,157,157,153,4,0.0,0.0,5839.706855127388,<3M,0.0,1.6999999999999946,97.45222929936305,0.0
pool13meugktd0lyh5wkvcyedyj3e4utrtsueppx3m0aacej7u6h2k06,19,19,18,1,0.0,0.0,11777.017007421056,<3M,0.0,0.0,94.73684210526315,0.0
pool1329xugchyesx3zzm96nylqlpz78cauzhgvlxawtll0pt7gnyul7,236,236,235,1,0.0,0.0,561109.7562206788,<3M,0.0,100.0,99.57627118644068,0.0
pool1suy76cpk5lkpsmaqpecygl5j9na5du0xe2lrxd733dlwcus9j2n,235,235,235,0,0.0,0.0,264.89195663829827,<3M,0.0,14.999999999999932,100.0,0.0
pool13ngg00e5rfj63tjjqtgn5uvyqmk885kd49q78emykygpuv5rngs,4,4,4,0,0.0,0.0,1203.7886005,<3M,0.0,1.0,100.0,0.0
pool1chxnn5gurqm83728aafjm7thv8yla9tz85yejtstqsc658mrpm7,235,235,235,0,0.0,0.0,3714.384652838296,<3M,0.0,10.000000000000027,100.0,0.0
pool1787rqzfkqnnccznqv4wnu98u6ajru7fyfekwmv85td0dsqua9mq,9,9,8,1,0.0,0.0,5509.027714222222,<3M,0.0,1.9900000000000002,88.88888888888889,0.0
pool17087kgd2lvmysclhrgw59zd5k9tnhkj8pzxg6ed0upmd2f0q7up,8,8,8,0,0.0,0.0,1268.806079125,<3M,0.0,1.9900000000000002,100.0,0.0
pool1wh2z20a5aslu7pca4x40edpnpmwhm26martukmsly5q6qtnacgh,11,11,11,0,0.0,0.0,1258.0226377272725,<3M,0.0,11.454545454545455,100.0,0.0
pool1yw05sn4p9972p6lsdw9g4twvwxdf72rqtfuvwn0wp736vh4azfn,234,234,1,233,0.0,0.0,1914.7842375042512,<3M,0.0,2.863247863247875,0.4273504273504274,0.0
pool12znadsadf2h4v6xhf8jwqc6grjxsrdn6f53h5esrkaj5qjtjnfs,234,234,42,192,0.0,0.0,707.4057891025637,<3M,0.0,1.999999999999995,17.94871794871795,0.0
pool1r332ha95dh9nck7w92g7x4ecjglc7jg7l7tddcnnwf0vg97lk89,3,3,3,0,0.0,0.0,399.825347,<3M,0.0,2.0,100.0,0.0
pool10fsg5ykzcjuzq5fzm9vj6d3yd0jjqgg6qnza6u8wtq0677vam2t,234,234,233,1,0.0,0.0,97.02302699999959,<3M,0.0,2.3119658119658,99.57264957264957,0.0
pool1cxduaaaqpk8g3xr5yksg8urfemexxyjf42evekrmmg9a2f7gmn7,234,234,234,0,0.0,0.0,425.533546717948,<3M,0.0,2.3888888888888755,100.0,0.0
pool1mvyggldycatkpaa26gp5lwwh48k360nvv46z493rdrq7jt60e3z,1,1,1,0,0.0,0.0,148.500388,<3M,0.0,0.0,100.0,0.0
pool1khwvcz8jz9auk53k698ywgr6ams27hrz20vnwqx2d4xggscp93f,232,232,232,0,0.0,0.0,1239180.285808689,<3M,0.0,1.5000000000000029,100.0,0.0
pool1mh5qagd86gndurjs44k9dwurktdr7rra9prm5wwf09c77cwwaqw,232,232,232,0,0.0,0.0,11955.701207012962,<3M,0.0,0.9999999999999976,100.0,0.0
pool1ax7rlt56kgfpn0ystuwk5jawjh5r6qfw6xhwa8ckaqe47va4y39,232,232,0,232,0.0,0.0,1157.8884454008598,<3M,0.0,99.00000000000027,0.0,0.0
pool194x3sx05hac6fhy37a7umfj55uaac4qf2ysp5fl2gyq2x7n4n98,232,232,232,0,0.0,0.0,1876.5140427931103,<3M,0.0,0.0,100.0,0.0
pool1zf7aswkv5ll0ej9fcg45jf6cqt2ee7tn3l2wq6zyx05t7a5srus,231,231,231,0,0.0,0.0,500.0,<3M,0.0,10.000000000000025,100.0,0.0
pool19mj467cqjp32t5emqzgg09w3xma9lvw7falp3zskqf9jy3nwk8k,18,18,17,1,0.0,0.0,2010.7260508888894,<3M,0.0,1.0000000000000002,94.44444444444444,0.0
pool12cmz6vtm43tztqck4xnayhpmeml4ljxutvuexhwgsvrpwllnscv,231,231,231,0,0.0,0.0,7452.8705932337825,<3M,0.0,59.999999999999744,100.0,0.0
pool1lncn6a8xy3dm203m80hr4d4qm53h22a48e2s703z9qr9c20akka,32,32,32,0,0.0,0.0,73926.23161159376,<3M,0.0,1.0274999999999996,100.0,0.0
pool1605tpspp79qrux29ummuydlxqvpfd7un7g5yu2lwlr7duuft6a6,21,21,21,0,0.0,0.0,3807.895433714285,<3M,0.0,0.0,100.0,0.0
pool1wxehv3c0sa552jf4g2gwnggvh4les9l09d4y7yqndsrav5g5cu8,1,1,0,1,0.0,0.0,7025.669625,<3M,0.0,1.0,0.0,0.0
pool186p4yldn40xheqvcn9frucxhf0rldxqunsr0uzdydc36xj6p9lq,34,34,32,2,0.0,0.0,42223.48431244118,<3M,0.0,0.0,94.11764705882352,0.0
pool1ke7faeddsw3fnx8e0knykrgj2rry8ufxg6j844c73wc4gw4rcet,12,11,9,2,0.0,0.0,14351.0959255,<3M,0.0,2.241666666666667,81.81818181818183,0.0
pool1w404pkpkkw067ju4gjnyjdmqfex6wn92vrffhy9txhw5kxzupk5,230,230,228,2,0.0,0.0,1357.746447321744,<3M,0.0,0.9999999999999978,99.1304347826087,0.0
pool1eeflu4eaztffgd33enpsfh4nkta6t5qk662nddqqhjyrgdgmkc5,229,229,229,0,0.0,0.0,486.69327280785893,<3M,0.0,1.9999999999999958,100.0,0.0
pool1grnz2afeg7st9480vlzqc25gavvs4n34ndtktne8pnp8yutsmfv,228,228,28,200,0.0,0.0,3275.0214608508804,<3M,0.0,0.0,12.280701754385964,0.0
pool1yd8c34rhfr9daa5vgwzncsgpyx34l4ttstmhegp3ux24gujl55s,7,7,5,2,0.0,0.0,72259.19297514287,<3M,0.0,5.0,71.42857142857143,0.0
pool1e0shheqzrlrkzfhz9shnw562tg6ma3qqyytupk2edua56a9r2yd,228,228,4,224,0.0,0.0,1027.6120745000003,<3M,0.0,0.13157894736842105,1.7543859649122806,0.0
pool1u6etszaexv9v4lrf8r5xtjk2rc8wqq9waq9akrn7l5az6tm6u7m,227,227,48,179,0.0,0.0,9231.827002792937,<3M,0.0,1.2731277533039569,21.145374449339208,0.0
pool1fu64mttm7d8ljndu4hz68df5fkpsuuz3uj233wz3qpj0vfk9k4d,219,219,219,0,0.0,0.0,546.9255734748873,<3M,0.0,98.64383561643835,100.0,0.0
pool16x765v3ge3th3dml6v7zrj4x7r6zlrtr7y5qa9ap7uzg7f50uu8,219,219,219,0,0.0,0.0,546.9255734748873,<3M,0.0,98.64383561643835,100.0,0.0
pool1d6k8r2hhczhfvfgddx72j0jzp4e823r9lknqpec4tux3ymlyeye,219,219,219,0,0.0,0.0,546.9255734748873,<3M,0.0,98.64383561643835,100.0,0.0
pool1u3lnayg0fwfzhkcrnula5teuhrf9vwfn3cu4p4k8peqrcdv6sfe,219,219,219,0,0.0,0.0,546.9255734748873,<3M,0.0,98.64383561643835,100.0,0.0
pool1fe49nfwktu8rhn3ysqz4he594nh8a9gkgg8hy3mtwrq4558rptz,219,219,219,0,0.0,0.0,546.9043854018282,<3M,0.0,98.64383561643835,100.0,0.0
pool1pyzhux0l4lhd7ex2mj6dqt4l0r5hymlu4jc8ka6gna305jn4vhm,219,219,219,0,0.0,0.0,546.9255734748873,<3M,0.0,98.64383561643835,100.0,0.0
pool1qcra8mg7vaju9cxad4cffye0zq35eag220dxrnje2exzq683u4x,219,219,219,0,0.0,0.0,546.9255734748873,<3M,0.0,98.64383561643835,100.0,0.0
pool16p0mlm0acj3nvl4yxunnanf0fjewk7udj6wmkpvvupa5grx344k,8,8,8,0,0.0,0.0,84485.37954724999,<3M,0.0,99.25000000000001,100.0,0.0
pool1rm8rza3ff0cape54ddjclwwm6a4g5wx604t3y9mdlysdz898f42,225,77,38,39,0.0,0.0,4027.0268377822085,<3M,0.0,3.9999999999999933,49.35064935064935,0.0
pool1qh4jvncd9chmm5ru3sk3cqxuat83vj8v7rgl4x5lqfepcywvc9g,224,224,224,0,0.0,0.0,1358.6225304017833,<3M,0.0,0.004464285714285714,100.0,0.0
pool14sy680gu86suhqvnnxt2mwehhzwzqk3wf6uf3xqhm2km655vnz9,29,29,29,0,0.0,0.0,3429.694036413791,<3M,0.0,3.5000000000000018,100.0,0.0
pool18trhy2rj9mcfjlegg24aj5pl7uhcpvt9vq32ulue6xc0svehftt,36,36,15,21,0.0,0.0,139016.1372504444,<3M,0.0,0.0,41.66666666666667,0.0
pool1knfyl6yhm00m0a8alddmrwter4y4hq7trf5cmyn8lp56x927l5r,17,17,16,1,0.0,0.0,5124.751115294118,<3M,0.0,9.352941176470589,94.11764705882352,0.0
pool1hvuyyvvgyq8r4pfk6vcf3r5jt4m8hjpxvfkg5c4t3mrd7e264m0,34,34,34,0,0.0,0.0,2756.3060502058825,<3M,0.0,1.0000000000000004,100.0,0.0
pool17k4f0mdwyulkqhyu2mudavu2qqqd7hfc9xtxmxtk8dudvznma8k,222,222,77,145,0.0,0.0,21005.63705872073,<3M,0.0,4.905405405405414,34.68468468468468,0.0
pool17qyahrvutlsyq7c6ceynac8ay4qkmxkd2sh43w4va5yr255x437,221,221,221,0,0.0,0.0,15704.153167339166,<3M,0.0,3.000000000000005,100.0,0.0
pool1rtukw4r3a08nm57katru47uw8cwlzryzh0x2uhw2pcn0c84xjxw,11,11,11,0,0.0,0.0,1918.9056013636364,<3M,0.0,0.0,100.0,0.0
pool1npfxgjacvwjcl6xc2nxzv9qhtgl5aj6xm7kfgs5eeezjq6qnw8j,58,58,58,0,0.0,0.0,2614.175752534483,<3M,0.0,1.0000000000000004,100.0,0.0
pool1l40jtd7he9dv272md7jxp9yctj5glc598r6d3f5xv93qkx3e5z5,219,219,11,208,0.0,0.0,19908.183826228294,<3M,0.0,1.9999999999999976,5.0228310502283104,0.0
pool1pvg7uqf9a0ms24xcdfq8f48p72csfslgz3gzwlmfee5szuda0du,219,219,218,1,0.0,0.0,1997.4694178629986,<3M,0.0,5.000000000000009,99.54337899543378,0.0
pool157xnzltgv3h4zzege5qh0fx23cr90gve663xddtq4j0u56fu8c9,219,219,3,216,0.0,0.0,682.9430364383561,<3M,0.0,0.0,1.36986301369863,0.0
pool127rzlpgtv6dfzrtx4llkkzqducu9cvk0y6xwqkun9wdaucxdmwn,12,12,12,0,0.0,0.0,472.70159933333326,<3M,0.0,0.0,100.0,0.0
pool15gqw606tzfawwd3dl2hvlqwy66ugz4sfyp6vdq6e03yak7esevk,11,11,11,0,0.0,0.0,450.9881637272727,<3M,0.0,2.1818181818181825,100.0,0.0
pool1lfzvl4q8nemdajv4sa4sa8nc9rfkdv8fj33alpjt26r86q9wy4m,23,11,11,0,0.0,0.0,14541.94386826087,<3M,0.0,1.6956521739130446,100.0,0.0
pool1y2433yepkpw5xwps004zlz23xuja9xp2ckplak5lp72qss37333,217,217,211,6,0.0,0.0,83248.554663138,<3M,0.0,0.999999999999999,97.23502304147466,0.0
pool1dv7t03e8yqmcln04pyf4tygh8wtnftat32tv4jul2zzjsk2vggr,86,86,86,0,0.0,0.0,15111.28214705813,<3M,0.0,2.0000000000000013,100.0,0.0
pool1devkrwcez409eqm07mr224qqm4a5t3efx3x7u046kct7yk4fxa9,216,216,216,0,0.0,0.0,5667.228486060188,<3M,0.0,0.8958333333333309,100.0,0.0
pool106u02sp5nutn3atwxpgpecd3uc3fudaumddke7dwxqhh7lu58nz,20,20,19,1,0.0,0.0,4756.798004300001,<3M,0.0,3.0000000000000018,95.0,0.0
pool1xnfhm27l9sts2mq85qp2dp0yhw5xw0nt7vxxaa4a89zngykvxu4,178,0,0,0,0.0,0.0,3418.5548244438173,<3M,0.0,1.0000000000000007,0.0,0.0
pool1m7rvxkzc6rseh8axp7ckk7kwlqzctnvqc4lqq5w84sn4g4j4e90,55,55,53,2,0.0,0.0,2698.4122331090907,<3M,0.0,0.6727272727272728,96.36363636363636,0.0
pool126ugnr0nxjxz72jrlzrqetqx0exn43t5w67u9vuq23xex4ym7dv,213,213,213,0,0.0,0.0,109.61171000000006,<3M,0.0,14.999999999999941,100.0,0.0
pool10ve70nrc8epxmp9e9u6vu9kayehves8g7t7ev0znpufug5e0m8f,23,23,0,23,0.0,0.0,52.61699500000001,<3M,0.0,0.0,0.0,0.0
pool18ytn3k45n7vm7yps29zn8e8rr6hnelhtpc68npwhy72yv6xe6wz,5,5,5,0,0.0,0.0,1011.646211,<3M,0.0,2.5,100.0,0.0
pool1t2zc29vmryg0z72jp3vh04awlxlrqf88jc3zfx7wm8dwjuhgch9,211,209,209,0,0.0,0.0,657.3199445734602,<3M,0.0,1.9999999999999991,100.0,0.0
pool1kyt9cjwtp0sf8evu4sn7rumeup97ds5ul3kwz2ym00gajqvg4r9,68,68,68,0,0.0,0.0,3796.580246088236,<3M,0.0,1.0000000000000004,100.0,0.0
pool10zpgnaflyf6hmfk97h7s6nk7l6q04xhfzgrw7uns0js67dj65ux,119,119,101,18,0.0,0.0,2343.6903901512574,<3M,0.0,1.0000000000000007,84.87394957983193,0.0
pool19mpy9euyvak6usvdalcjyl8kqvrf75sf8lzkc0nl9e8mw4kzhyk,36,36,36,0,0.0,0.0,10304.723694222226,<3M,0.0,1.6944444444444449,100.0,0.0
pool1ylcl727memzjqypjaxg0jl0l40l3gy3vmtt0llwpjufwwdmptks,208,208,44,164,0.0,0.0,241.69711538461462,<3M,0.0,3.0000000000000036,21.153846153846153,0.0
pool1h8625k6vszveym92qandxwjv3wmnekc548yzcepr5w88ys824pg,208,208,208,0,0.0,0.0,2008.9885307307934,<3M,0.0,100.0,100.0,0.0
pool1g04psph8yjpqrgvtltqxrgh6vtl3uklvl46ng6ttrdhwjuvelna,208,208,208,0,0.0,0.0,92.63309400000034,<3M,0.0,0.0,100.0,0.0
pool1raldyr4a6lkrkakds9y5kxgwdu2cnue6wze4gqaukk9dw0kuw0e,51,51,51,0,0.0,0.0,27.621400019607844,<3M,0.0,0.0,100.0,0.0
pool1wsar9vtmyghy3htc7gz0gwq70ap0v7wrq9hq83qwx5auvzfm6fg,202,202,10,192,0.0,0.0,38570.261915604,<3M,0.0,2.2200000000000073,4.9504950495049505,0.0
pool1v8pu7txqydjmfhusgrfzvan4pragec3wu066cfmq2xpuvm2m8r5,206,206,206,0,0.0,0.0,1040.7974159417515,<3M,0.0,2.8999999999999932,100.0,0.0
pool1pnvthl5hwnsuulx6fch0885aae0l9fkht35rla46dw9r54d5whr,206,206,56,150,0.0,0.0,21523.57128698088,<3M,0.0,2.0,27.184466019417474,0.0
pool10emzedn7jczjrk7x7687mzwpqs2qfk8dnmyuf3ca7ju8cx79z57,205,205,0,205,0.0,0.0,1078.845868726832,<3M,0.0,99.58536585365853,0.0,0.0
pool15xt9rwxzgunwhhue548q3q22mclumqz5al9umanl8tn269sr66m,67,67,67,0,0.0,0.0,6.821299000000006,<3M,0.0,9.999999999999988,100.0,0.0
pool1wvqvqag4ut98jkgup6q87ver7dyjtyl783qcznam8pegw5zqjy3,4,4,3,1,0.0,0.0,5874.6897235,<3M,0.0,1.0,75.0,0.0
pool1wh23dzv4mjrm2lv5y5k3pk9yx8dpggd63ma6duesvzvvymawpny,201,201,28,173,0.0,0.0,5332.376179000002,<3M,0.0,0.0,13.930348258706468,0.0
pool1aq6sd3kr3cnjk995tfthhyf0suth3rm547kp6pv35z7wgqu6twn,201,201,201,0,0.0,0.0,2417.017414726369,<3M,0.0,6.000000000000005,100.0,0.0
pool19mc6suzenqdvmq3ssf3nfzv4xva3wgl83z6syumccdppyar0vga,201,201,201,0,0.0,0.0,3498.9047388159133,<3M,0.0,6.000000000000005,100.0,0.0
pool1chdvqec5lwsxuedrdhcdcxg2295tqrce9lcz3luru5fruzjf3wr,198,198,180,18,0.0,0.0,1137.0049948484805,<3M,0.0,2.3939393939393874,90.9090909090909,0.0
pool1547wlxasvw0e6kwr45llpg2yrwmcu0dlrlvmkd9xjf05skj3j3p,4,4,4,0,0.0,0.0,7.1220092500000005,<3M,0.0,0.0,100.0,0.0
pool14wn0gvhwme9lxx9l7j85k0dr2twyrgf9j0k3gx0f5d5ckzeln2l,198,198,198,0,0.0,0.0,655.4057353282822,<3M,0.0,0.0,100.0,0.0
pool1k65vmd0uyy0k5eylunwakd99m9j0n2hfynkxzd9472276m32p50,198,198,198,0,0.0,0.0,132081.50901052495,<3M,0.0,3.000000000000002,100.0,0.0
pool16nvyyawrxy0rsx99g332y3yasnnz42arrqhrsxq8pv7nwsya9nu,197,197,33,164,0.0,0.0,8205.224867725887,<3M,0.0,0.9796954314720819,16.751269035532996,0.0
pool15kh3h3d77hdcv4ld82cm7mxh7uuqm6d568drqaky9ftlczl6hfh,195,195,195,0,0.0,0.0,7096.626193276941,<3M,0.0,5.000000000000002,100.0,0.0
pool15t0vyldspax6eu8mq7f50s4rjk2qn2g7kudl98tjuqzt2a2zpmx,194,194,0,194,0.0,0.0,14.603486319587672,<3M,0.0,2.0000000000000013,0.0,0.0
pool1gseulah8qjuemuuh6wf2a2t2k2na7k8xrewdslcljprmcr2fqeq,194,194,0,194,0.0,0.0,10.19827812371136,<3M,0.0,2.0000000000000013,0.0,0.0
pool1qle9cf4ycvz2ervhjsedsq8kkxdey4a9jxyuhhmj8wanx2xjqgn,194,194,0,194,0.0,0.0,10.197970123711292,<3M,0.0,2.0000000000000013,0.0,0.0
pool1u56s0gg8xn8uqyzefwd38napn8jmrjqaum446alm38sgj3248re,194,194,0,194,0.0,0.0,2791.0538490773147,<3M,0.0,2.0000000000000013,0.0,0.0
pool1pd7x30trlcd86h9x8ya5ch3j4729wudgdh4qrmr6fulh5zm24w9,194,194,0,194,0.0,0.0,10.198058123711295,<3M,0.0,2.0000000000000013,0.0,0.0
pool1t2mxyjvqsay4yl6vm5gqep5f76nm9wen3452zxa0nu2xugmsm6k,194,194,0,194,0.0,0.0,10.198366123711365,<3M,0.0,2.0000000000000013,0.0,0.0
pool1lq60ecvs6ake3ntq45sv38v0xq3traf3tvc60vx7263n5c37df7,194,194,0,194,0.0,0.0,10.19827812371136,<3M,0.0,2.0000000000000013,0.0,0.0
pool1hxlu84r3xhce4gcc4rdqzlwdprqjptd2jqky572g35jfsjrnzww,194,194,0,194,0.0,0.0,14.338661896907201,<3M,0.0,2.0000000000000013,0.0,0.0
pool1uk6u7htf9g973dycdzsnegysu9h87t2l29gqatd9zuj7se4zl9p,3,3,3,0,0.0,0.0,47.374145999999996,<3M,0.0,4.0,100.0,0.0
pool16j2sst4yl703nhdyx8snk9ld5rwjga6a4fk203ptedztq7uza5f,14,3,0,3,0.0,0.0,6285.518072642858,<3M,0.0,7.499999999999998,0.0,0.0
pool14ts4y6fpvxnc3e2aqwxqh5xskjyzlpzk6rexgyt3syh2vdgrv7a,192,192,191,1,0.0,0.0,1694.864185869792,<3M,0.0,0.9895833333333341,99.47916666666666,0.0
pool1ckxdmhmt252pd0yz2r9wr60y0t4we2j8lz4qnv5jdz5sgrxc3vn,98,98,98,0,0.0,0.0,175.28672033673467,<3M,0.0,100.0,100.0,0.0
pool1f4pxpxcee0mhwd2knwqkwquaj35enlstssc6crsmt2tvv0pwymt,192,192,192,0,0.0,0.0,147.6244259999995,<3M,0.0,5.000000000000001,100.0,0.0
pool1sjrfgg0z0su3gun5xdsj5kvl34m5el3zf6mkaffukg9ucc0q4zc,191,191,0,191,0.0,0.0,1051.3134507277464,<3M,0.0,1.0000000000000007,0.0,0.0
pool1nwta4gataf3m6qxhuuphzd28pq5z9vjcl897ndlqacdec6ysdc8,21,21,21,0,0.0,0.0,592.911599190476,<3M,0.0,14.999999999999996,100.0,0.0
pool1samrdfdupytre8zuqf5y3sda0kxhp894yvjpnhwwczukwd4mx6y,190,190,189,1,0.0,0.0,687.8140207368389,<3M,0.0,7.499999999999976,99.47368421052632,0.0
pool1r5r0z899up4kc9slygn7a2uhl9ama33sl6qwafvef28jgaf06hz,190,190,42,148,0.0,0.0,4899.577186957921,<3M,0.0,1.0000000000000007,22.105263157894736,0.0
pool13penezr0xr3httf4ty0gexhrgkct2xdpajv2jda5rsnpsaakzgf,38,38,38,0,0.0,0.0,2291.1032252631594,<3M,0.0,2.000000000000001,100.0,0.0
pool1zkmt4feqe7nc7xjj4fyuc6ekf7dgmewewqz69nshudj6spwhz48,2,2,0,2,0.0,0.0,26.2441465,<3M,0.0,1.0,0.0,0.0
pool1m0zqmgewqwt4pd3amxtjug7ukjq4svgsqeam0h7d2tt6jfcxzk9,65,65,65,0,0.0,0.0,2502.6219434615386,<3M,0.0,4.999999999999995,100.0,0.0
pool1j5tw5wwfvk2zllqycg0cunu8emtd5g9tgymp0uayc6nzujunrhq,188,188,1,187,0.0,0.0,168.53635219680834,<3M,0.0,0.010638297872340425,0.5319148936170213,0.0
pool1rw3sdsrge8wa076403lrxey3zw557v3kpaw0kwaxwg02zjfv82k,187,187,0,187,0.0,0.0,0.0,<3M,0.0,0.8999999999999962,0.0,0.0
pool15ze5nu27jma6ynnrtnfqktsqun265sar5vlfx4m5mhvmy0mnjvj,78,78,78,0,0.0,0.0,355.20008258974406,<3M,0.0,98.99999999999997,100.0,0.0
pool1x0pr0y3hzlju5gxera9zt8fnxgzmqa4dqhm0wwu8ympxz37dwqw,187,187,184,3,0.0,0.0,1639.2266644224594,<3M,0.0,3.0000000000000013,98.3957219251337,0.0
pool1lfwwrwm3hrrv0s0ttf8t23p65xru35f7lvty8q0dhq90wudsp66,150,150,150,0,0.0,0.0,97.0511630200002,<3M,0.0,3.500000000000008,100.0,0.0
pool1kttdj98xlssts4kzwyvsuj905f30q096ptzcses2ze25ca9uerx,149,149,149,0,0.0,0.0,87.01910858389283,<3M,0.0,3.500000000000008,100.0,0.0
pool123rnakf966gefhpzqgrgufww8g5wkjn4rghch936yw5257e46gf,82,82,82,0,0.0,0.0,2468.2831279756097,<3M,0.0,2.499999999999996,100.0,0.0
pool1azwa3mcez0mr7520jznl0kamr3wdun5ygzscwtjulhdy5s58vvu,181,181,179,2,0.0,0.0,8074.869557950276,<3M,0.0,0.0,98.89502762430939,0.0
pool1tgf3x7xgzpt0uzvu25exhsl3pszrryrxjh6y8f3r4fytqfkyxuv,77,77,9,68,0.0,0.0,1912.273267766232,<3M,0.0,4.999999999999993,11.688311688311687,0.0
pool1l5wqsymwz5m2680wf8vxaltjsdszvux5pngc0kaqq073jgytzvu,3,3,3,0,0.0,0.0,241.86226033333332,<3M,0.0,1.0,100.0,0.0
pool1qle9z3ml65h3uc63cnedv7cppvel9y6jf82va7z7rqcp5a95sfe,108,106,100,6,0.0,0.0,47.23584201851858,<3M,0.0,0.019259259259259247,94.33962264150944,0.0
pool1j3ll2032rnaqrrzzq0j3e540d2ga50ze82s9083tnfjyz2a7zdt,86,86,82,4,0.0,0.0,52533.96666584878,<3M,0.0,2.9999999999999973,95.34883720930233,0.0
pool1qpn9lpmwp9p88vtp6gt20xdc5e7rf50ew42hp7gdnfltxqvfpka,178,178,1,177,0.0,0.0,2427.8583782584215,<3M,0.0,4.999999999999996,0.5617977528089888,0.0
pool1t3r5pxfpy6rkylenh64dc43uncsddrxp2e55dr2pzv66zh5hp6f,12,12,12,0,0.0,0.0,5497.415730249999,<3M,0.0,3.000000000000001,100.0,0.0
pool1w280s7zjysnn80mgu2qvvjw9c5pk4dwl70xvc7yk4aq4xaxdfqq,18,18,18,0,0.0,0.0,1557.746352777778,<3M,0.0,0.0,100.0,0.0
pool10ww24pk8znf747x6d0wcueajegrjwzpv8x9a4aar4t05s7uzf76,173,173,173,0,0.0,0.0,2431.1698812485542,<3M,0.0,1.7999999999999936,100.0,0.0
pool1kl7qlqtzxamrj8qwutn6ww0ksw3m7chwuewztqr6uu6yz0nuqtn,170,170,170,0,0.0,0.0,4708.25657939999,<3M,0.0,4.999999999999992,100.0,0.0
pool1gw25vftc9nnqqgld043k2fsjsm76rkkcy2xjzqdm268cvlf698l,172,171,38,133,0.0,0.0,5279.110410354655,<3M,0.0,0.12517441860465123,22.22222222222222,0.0
pool18s9snlm9kwex29wtgjjpkmwcn8j3fk3r22dpsehtjyqs754l70q,170,170,69,101,0.0,0.0,574.140865635294,<3M,0.0,0.41764705882352965,40.588235294117645,0.0
pool10pxym4rs92lj853juzku38z58d9n59ra55qd2mnm820ljx4c6h9,168,168,168,0,0.0,0.0,139.81865900000025,<3M,0.0,4.99999999999999,100.0,0.0
pool1r9mgl8cj0hyht0678cpdljt2pw353672jyy9ak00dzalglx2jq5,169,169,169,0,0.0,0.0,4077.2300725443843,<3M,0.0,99.00000000000003,100.0,0.0
pool12uu4d74fut72kav7ltxf8ut7w9hzey2k0ee0z9r92f3hjpw73ay,37,37,37,0,0.0,0.0,21644.373030675684,<3M,0.0,0.3783783783783784,100.0,0.0
pool1ycksh8m4ees8jf6f9muvpqxmprj7j2wk72h2qxcn7ykswv408w6,166,166,166,0,0.0,0.0,27345.74916516264,<3M,0.0,14.999999999999966,100.0,0.0
pool1nrmlaqy77txzd4lrayx92x76hmv97sldqgntqc49a820sf4ment,78,78,77,1,0.0,0.0,3094.620509987182,<3M,0.0,2.4999999999999964,98.71794871794873,0.0
pool18a8vhtlcz7t0mahmfdlgtpsspvae62egz936j3dt7f9ykr4j2av,164,164,164,0,0.0,0.0,517.0273037378058,<3M,0.0,11.70731707317073,100.0,0.0
pool17ntzw85gdf9zefhy60y3z43qfv8zv4569vq7m2pjewrzc02dz4f,23,23,23,0,0.0,0.0,1021.5100074782611,<3M,0.0,3.0000000000000018,100.0,0.0
pool18lc5x7fma0zsdwl56fa9rw97ayzc4kdue37sncrtdz2e7xfa8y6,161,161,160,1,0.0,0.0,97249.46796149659,<3M,0.0,0.0,99.37888198757764,0.0
pool18m27lqkjpsaa6u4zj233v2zur5r6xujx8cyfcvtnrrn35r04dte,6,6,6,0,0.0,0.0,102.0,<3M,0.0,2.0,100.0,0.0
pool1437c0ngxm5wdywc6ltc2kwp7hvn6r0wu6km5nr8kl5fluc6utun,3,3,3,0,0.0,0.0,30497.624029999995,<3M,0.0,15.0,100.0,0.0
pool1qkt8xdcvw7yt4mzhjscqkceau4039e0k548veu4fvaz4vrdn0fz,12,12,11,1,0.0,0.0,15128.713010750003,<3M,0.0,1.25,91.66666666666666,0.0
pool15mkly3gw008dmxfrh9eycl5aguyfm0rhdlup2hzukjkrsfdxqew,152,152,58,94,0.0,0.0,8551.800687644742,<3M,0.0,0.29605263157894735,38.15789473684211,0.0
pool14klr0hf5chszxhqt72nqxl57q4eemz0ys83pcpnc8nmy68fx5vc,152,152,0,152,0.0,0.0,365.9856059605269,<3M,0.0,14.999999999999975,0.0,0.0
pool1nn7tmm2antyp4879henta5ysg7a8g4pa02d6es2s2zc9jhpdptl,9,9,8,1,0.0,0.0,13835.792889333334,<3M,0.0,2.0,88.88888888888889,0.0
pool1jp9plcy9uqq0y832sj90r40sed03ft9pjczwy4zgy25hx9cj79e,150,150,0,150,0.0,0.0,352.18025228666664,<3M,0.0,1.0000000000000007,0.0,0.0
pool1j6uz7hz3mzd5hncsnvdw04q7785kpxx4vfze686zekdly7jz7gl,148,148,148,0,0.0,0.0,41.19662900675674,<3M,0.0,4.999999999999988,100.0,0.0
pool1wxzumlr95mjxhgxnd6cmxcey38pwe5zwu0ly2mlme07qy8n00r9,146,146,146,0,0.0,0.0,171.3276916369868,<3M,0.0,4.999999999999988,100.0,0.0
pool1mn50ptwxn5q4rgrwqe3tn9536umt9xf09cjg0wawuepqgk80d6r,54,54,54,0,0.0,0.0,7.631195166666661,<3M,0.0,100.0,100.0,0.0
pool1mlw3uh4m8qy0jlc8x0amx58gwt5xz277ya60xk6xv5daxjzt2gs,143,143,143,0,0.0,0.0,125.06470724475518,<3M,0.0,100.0,100.0,0.0
pool1je5j68dcgm0hynv4fd2t2xsplmad40adneu68vp3h4nlcdaznwc,143,143,143,0,0.0,0.0,57.602998000000106,<3M,0.0,100.0,100.0,0.0
pool1lzg07gaddygem6f5ch60yv0l0g2529af87hqgw6gkqdmsfs39z9,143,143,143,0,0.0,0.0,122.19102776223802,<3M,0.0,100.0,100.0,0.0
pool1ymmhkw7r5xj372w7gwel66fwtvqw4uv08j0fs2wycee96qv32j5,143,143,143,0,0.0,0.0,122.07868699999979,<3M,0.0,100.0,100.0,0.0
pool17z4hzv0544uxx8q7yhedvsrtdavtz46nzwqyp2rgtku4x6d0zcn,142,142,142,0,0.0,0.0,197.2373679999993,<3M,0.0,100.0,100.0,0.0
pool1aczlsvfl50xtyfuff4vk3d0v2h9r78hr269ycxwgx00dcng4u9d,142,142,142,0,0.0,0.0,197.6191900000004,<3M,0.0,100.0,100.0,0.0
pool17lue2fr93qlstfjwgstpkt22y5lg6h44ry3rz7jxe0mqqnq53wf,142,142,142,0,0.0,0.0,62.60246999999986,<3M,0.0,100.0,100.0,0.0
pool1tjd4vxjnr99jvlnrh35gmg7xqmphxjyftpdfn3mlv3zw60yw5y4,142,142,142,0,0.0,0.0,197.6191900000004,<3M,0.0,100.0,100.0,0.0
pool15jghwj2w3ag0yxh45w0a8d2aexlrhp3ce3gefm4ap07ssehz8qj,142,142,142,0,0.0,0.0,197.61602199999936,<3M,0.0,100.0,100.0,0.0
pool1huxl069mddvz0n95zg95u6gyx7ycvy0f0z0rh8md9w6kyvur9h6,142,142,142,0,0.0,0.0,197.6191900000004,<3M,0.0,100.0,100.0,0.0
pool1mvk6eup390pja32f2r9fgeus5sr5u8l6x9ver65tf7q76t6309z,140,140,140,0,0.0,0.0,1520.3239319071404,<3M,0.0,1.5964285714285684,100.0,0.0
pool1zyjvzvvkppsepsv4d75t2lmxt5p3cpn73pw7jk9gstxh78aa9ah,138,138,138,0,0.0,0.0,9304.510870710146,<3M,0.0,4.999999999999988,100.0,0.0
pool1ks49mpnl7mhh4eqa7ff3krhqa8nnx7gx04cawe46qnjeufawr5z,137,137,137,0,0.0,0.0,4738.779320656937,<3M,0.0,90.00000000000021,100.0,0.0
pool183q4r42upty765dakf62na5lqm4u2d0gnj2dmeqc5y5qsz39s4p,53,53,53,0,0.0,0.0,126970.45668237742,<3M,0.0,99.4528301886793,100.0,0.0
pool17veadtunvw0kkyxhzpls0auwyqhny8a6m7lcvcmgvg0ys0mm7yd,53,53,53,0,0.0,0.0,4082.230700660373,<3M,0.0,99.4528301886793,100.0,0.0
pool1zzf0gptwcqd8jf92k78nnruatk8xd7mnemv8rgk8shelwvq8whm,53,53,53,0,0.0,0.0,3987.8861717358495,<3M,0.0,100.0,100.0,0.0
pool195qjph6s5pv67x6jdhegd5hv25tryd0munna8tu8d7f2ydhvkw3,53,53,53,0,0.0,0.0,3987.704433716979,<3M,0.0,100.0,100.0,0.0
pool1h5lpz6wptze7pue225y4j4v4t7knekm4cddh9q8vymg92xhmn8w,53,53,53,0,0.0,0.0,3987.704433716979,<3M,0.0,100.0,100.0,0.0
pool19mhs4xzr0trqx7ge9wtx2zxnqvhtjn2xpgyc9un5hus8jeq352s,52,52,52,0,0.0,0.0,4620.930630384613,<3M,0.0,100.0,100.0,0.0
pool159hfz853jlqnxpykke9hqtss750wcsex3zft944cu5wpzs4tfyt,53,53,53,0,0.0,0.0,3987.704433716979,<3M,0.0,100.0,100.0,0.0
pool1faeyggq6fvrxfp5nq2s7azcmdmhvdmpk28866amm3ryrgmxs7ct,53,53,53,0,0.0,0.0,3987.704433716979,<3M,0.0,100.0,100.0,0.0
pool138qxuasdv843lsl7szmkg4dx8qp6sw37hyanll8tmmpkk3lps4q,52,52,52,0,0.0,0.0,4064.244139403849,<3M,0.0,100.0,100.0,0.0
pool16qgvj6r3wvdg02hethr42w0x38xkw9ssqd5mhue9ped0uxts5u3,52,52,52,0,0.0,0.0,4072.944819346157,<3M,0.0,100.0,100.0,0.0
pool1xl394gcvg3gv8g6mdrdna7tu88uee740vgp03hkf559vkmunstt,52,52,52,0,0.0,0.0,4064.244269711536,<3M,0.0,100.0,100.0,0.0
pool1g9ufx32syp3d6dauatlk2s2mfl25zypcd2n5n34ycgwwyfvzkt9,52,52,52,0,0.0,0.0,4460.586070326926,<3M,0.0,100.0,100.0,0.0
pool1llzgeuatrwr7e9ltsu3ywku7nu9avq09ehxhy3gr64qgwfh6ku0,51,51,51,0,0.0,0.0,4548.276607235289,<3M,0.0,100.0,100.0,0.0
pool129qfex5zjfs02xppkm4vehwa6qjj2sydx5layg3g07gfu498cnc,51,51,50,1,0.0,0.0,4548.924332960785,<3M,0.0,100.0,98.0392156862745,0.0
pool1yfmga3hqu3rvhazfztv2zd8ryly87w6rytkkk7dv4klz73w4w2r,50,50,50,0,0.0,0.0,4607.119138699996,<3M,0.0,100.0,100.0,0.0
pool1y4lq3xr3u9aye2y8wjz5azxu59n5czn3pjmnxs2dtdu3xx249ah,50,50,50,0,0.0,0.0,4607.806859459995,<3M,0.0,100.0,100.0,0.0
pool185ru3qhjtx2w2e9373nmxdex7z6nfqlfdvghqvjcdyfgzpal4y8,50,50,50,0,0.0,0.0,4606.93022978,<3M,0.0,100.0,100.0,0.0
pool1kn3w8ag20jr5685lukgq7uqh69x09lg6cw2haw8xa85r6l7mga9,50,50,50,0,0.0,0.0,6960.034826639999,<3M,0.0,100.0,100.0,0.0
pool1fttmappcugymuqxvayq2uew72cd8qej2gc5c9ajexsckswj3qza,132,132,130,2,0.0,0.0,9371.415180871185,<3M,0.0,0.0,98.48484848484848,0.0
pool1cxvjuq5lgelh0w5l40ffnpuqy27853vq50t25469j8546e8pg8v,46,46,46,0,0.0,0.0,4353.741192108696,<3M,0.0,100.0,100.0,0.0
pool1aq96t8euygvwtqddnum9sufuwjz26m0z7u8s7vepr6rsk4k2e8z,46,46,46,0,0.0,0.0,4788.475243413048,<3M,0.0,100.0,100.0,0.0
pool1y79l0uvl5anwvf0dnake06w7rzdypkntm9qyfncs60kmymtm694,46,46,46,0,0.0,0.0,4353.552283108699,<3M,0.0,100.0,100.0,0.0
pool1nzpx9eal6duv2qu2jda7mhs4n57gyem6zr760h0wu4kcgvjwzpc,46,46,46,0,0.0,0.0,4353.6886791739125,<3M,0.0,100.0,100.0,0.0
pool1f3gezy8r777xzzhx6ps5kdgd2fvvmqqand565kd3vgkjwkygr9g,46,46,46,0,0.0,0.0,4353.741192108696,<3M,0.0,100.0,100.0,0.0
pool1qu3drghfc57dfjtuae72lk6tusgr7s57v8mn8k79pg9sk2jlntz,10,10,9,1,0.0,0.0,18259.8682347,<3M,0.0,3.0000000000000004,90.0,0.0
pool18cmyegrx5a7h2wc5c95l8tptt37xfyt5up6cstc2qfclwel8lyw,48,48,48,0,0.0,0.0,20.0,<3M,0.0,1.0000000000000004,100.0,0.0
pool1qu0dhg6rpjxt3qg5wwj4wnny0lcdmntp84unfpsxsasvxe346ww,48,48,0,48,0.0,0.0,0.0,<3M,0.0,1.0000000000000004,0.0,0.0
pool1lx28p237j3wufpppu8qfhdj7yf6kde9naj8cn23u25xc6qmuc0f,48,48,0,48,0.0,0.0,0.0,<3M,0.0,1.0000000000000004,0.0,0.0
pool15n6eszhryw02kd00t6q6mj2nn9xqz7avfrfmwr5v63u7jfketrc,48,48,0,48,0.0,0.0,0.0,<3M,0.0,1.0000000000000004,0.0,0.0
pool16aecjk454wjsch49w0pdm2yrcku8tjsc2gl7r6kc9ylj7hp983w,48,48,0,48,0.0,0.0,0.0,<3M,0.0,1.0000000000000004,0.0,0.0
pool17cv040ddgl4ag6n83u3k07fh35nay748q2pndye74ev7j0ypu3f,48,48,0,48,0.0,0.0,0.0,<3M,0.0,1.0000000000000004,0.0,0.0
pool1xwjud5lmph3vz7y7sammj48rpfxg4ppgupchv90xka56weruuly,48,48,0,48,0.0,0.0,0.0,<3M,0.0,1.0000000000000004,0.0,0.0
pool1ps7rmrhcmeeycmn8tt9c9wqwhfpqfk7s5qtpxjj3u4rqz0u9ps4,48,48,0,48,0.0,0.0,0.0,<3M,0.0,1.0000000000000004,0.0,0.0
pool1m7glnluhe85rsy4mhda0cey3dvddcc42je9cfw84jc7xk0ye90y,48,48,0,48,0.0,0.0,0.0,<3M,0.0,1.0000000000000004,0.0,0.0
pool1s53z0g06qg0ctmqzupfvaselc2jea8dllrkpeuzhhk3ny973fms,48,48,0,48,0.0,0.0,0.0,<3M,0.0,1.0000000000000004,0.0,0.0
pool1t9a3amxxls8sdnayvg4sycz24e26mvrrgqm0tslkx5e77he89f5,44,44,44,0,0.0,0.0,7.625583613636355,<3M,0.0,100.0,100.0,0.0
pool13yea0zx0cwtrz0yzly3pvht70rwyevs9whvsfws6fj87gkegwp4,46,46,46,0,0.0,0.0,7.625753282608687,<3M,0.0,100.0,100.0,0.0
pool1ymqwfp9p8m6g09a6ca0mkm0nmc0ezgnvhtj0vpsvnmyjvy8zh7z,130,130,130,0,0.0,0.0,576.8726751692313,<3M,0.0,0.5000000000000003,100.0,0.0
pool188saenerh7nxajvnlct4tlw9frxmjmdpja4sr4ajqm8rkkfkxn8,43,43,43,0,0.0,0.0,3.6258448604651203,<3M,0.0,100.0,100.0,0.0
pool1tqafjzjq2egtu6cuqy52d8utnwp0mg7zsu9dl0g7pth35pvskz3,1,1,0,1,0.0,0.0,0.0,<3M,0.0,1.9,0.0,0.0
pool1rg8yt3kqrzdch8edul6fm7n6achgvfyg8n6zhrpx5a83scz83ys,124,124,124,0,0.0,0.0,121092.2614482984,<3M,0.0,6.870967741935495,100.0,0.0
pool1cvekct2pwhypvwrfw5e936vkk2kqhwsjxzkpf63xsc87klnsxqv,126,126,126,0,0.0,0.0,7492.147815793641,<3M,0.0,5.039682539682528,100.0,0.0
pool1zdn25g5v2qlcnerghvj60djfzzex9q6aysr3mdqz37x7qryesjj,124,124,124,0,0.0,0.0,18071.768082120972,<3M,0.0,7.193548387096787,100.0,0.0
pool12fwssqn23kzvxrl35lvywa3ypsy7ldr4zds248np7ypukm4a5y5,45,45,44,1,0.0,0.0,32554.520033711167,<3M,0.0,100.0,97.77777777777777,0.0
pool17dkgt30q7q53eavtrygh4p549wml9eq2339pfkuec6yf7x7h5rz,122,122,0,122,0.0,0.0,142.85183663114753,<3M,0.0,1.0000000000000007,0.0,0.0
pool1l5ktcfhhsx66ms6ugguusytr0nnsy49t2684avev6dak55jc00t,119,119,32,87,0.0,0.0,5079.767456521017,<3M,0.0,60.00000000000003,26.89075630252101,0.0
pool17agmzy52u2hh2f8zkuvzrvth94wdr3erlpng50thrlmryqvkz57,118,118,23,95,0.0,0.0,63962.681586855775,<3M,0.0,1.4999999999999964,19.491525423728813,0.0
pool1k26f25u5uqvhxuj20x3p72kx5gx4lc658f55kr328y5xzh0x4et,118,118,118,0,0.0,0.0,3340.289597211875,<3M,0.0,15.000000000000007,100.0,0.0
pool1avasc2zwrf3msr264l6gejk4g26xtyvk9jf4gu06z9u3j8thzyf,4,4,4,0,0.0,0.0,153.727988,<3M,0.0,0.0,100.0,0.0
pool1asrtuc9qg28lu0mel03z74vgx2ny5alvw0kvlmu6lrqazv6c23w,11,11,4,7,0.0,0.0,145.52727272727273,<3M,0.0,25.0,36.36363636363637,0.0
pool13rcsycq8h085yfu7m3s48gqf9gsxg26fp89q27e3l788k8xa4ea,114,114,0,114,0.0,0.0,5874.445715280691,<3M,0.0,15.000000000000014,0.0,0.0
pool1pup39uk3d9hl8vg3v0evn3hxkxygkas0asekng7x9cpx5f2r6d6,113,113,113,0,0.0,0.0,6575.363943353984,<3M,0.0,18.194690265486813,100.0,0.0
pool1jh5p5627hzqxdzjutfenz83qs7p2qtha4kvst3hs0829sdc0ksm,109,109,109,0,0.0,0.0,4128.905905495413,<3M,0.0,2.999999999999994,100.0,0.0
pool13zagy9a4nnhgme5wcnl0w3xzt523yn76jxh52360rryexc9f9dc,106,106,105,1,0.0,0.0,11528.45389725472,<3M,0.0,0.1981132075471698,99.05660377358491,0.0
pool1q88rk0mz4zlwaegqyw65v7tkn8p4u42vym793zr3n47yycjvqsw,29,29,29,0,0.0,0.0,39124.81850662069,<3M,0.0,0.0,100.0,0.0
pool1llwt52flj60vwd2tv3z4qzynu9p2njvsm95cf603zemlua4f955,104,104,104,0,0.0,0.0,122.29088425961548,<3M,0.0,2.9999999999999947,100.0,0.0
pool1uwk437q9npu9yhsj5r3qdnkq6r47wvyfzjp0c52932esg5rgnkx,104,104,104,0,0.0,0.0,122.30316829807697,<3M,0.0,2.9999999999999947,100.0,0.0
pool1hwwjax7vu2zzvhjr6yxxu9exrgyr2rtr08ssnhk364rpzhhxye3,19,19,18,1,0.0,0.0,168878.88517257888,<3M,0.0,0.0,94.73684210526315,0.0
pool1nm52ep89mc3c9rkacpw8u8cktklc2quta4fk7nhh9wad2k77xq5,7,7,7,0,0.0,0.0,91765.77548257142,<3M,0.0,0.0,100.0,0.0
pool1pjc7paja05sa5uzukgkc0wn6hfwmx37a50akys5hrhx3j96vf2j,96,96,92,4,0.0,0.0,59284.96133063535,<3M,0.0,2.0000000000000013,95.83333333333334,0.0
pool1uhdcmcn36vq8kk3207tqjwp90t0nwr49pc498wh5vxmgqyr78d5,91,91,91,0,0.0,0.0,27378.99016997798,<3M,0.0,0.0,100.0,0.0
pool15vvmd9cqg8dr8e46539lazgz3x8vzjxxh2yv0qu3809tgzp3uyx,38,38,37,1,0.0,0.0,1613.4187894736851,<3M,0.0,15.000000000000007,97.36842105263158,0.0
pool1nwljjun9hsly0vkuq2kuxzleteyl35j9s8ap4x9yh4lpuglxmu3,90,90,1,89,0.0,0.0,2.533191088888889,<3M,0.0,2.999999999999997,1.1111111111111112,0.0
pool19025q8tv73gk9aj0r7u20xvdu4xrxgwqswma50atmuj6s6km8x7,13,13,13,0,0.0,0.0,63081.81250530771,<3M,0.0,0.9999999999999999,100.0,0.0
pool1fv3926zygys5k6960xgw3nrg6s6xhg3zvlkt6xmu76tayeampzf,17,17,17,0,0.0,0.0,11796.077241941175,<3M,0.0,1.0,100.0,0.0
pool1qelp62ghdjald2mfsmfd4k82y0rnd2e8udypc8vu58fwkpaceml,88,88,88,0,0.0,0.0,342.465963704545,<3M,0.0,2.2329545454545414,100.0,0.0
pool1g6czdusgxwskqy8evsnxvqkg2a70rpjtv0maauldl5uusmhm94a,87,87,87,0,0.0,0.0,146.30138649425265,<3M,0.0,4.999999999999991,100.0,0.0
pool1dm4plrca3jdaqls39pqpjfs25seevw925v55qd9jlxnquvxe35e,5,5,5,0,0.0,0.0,9354.072668800001,<3M,0.0,0.38,100.0,0.0
pool1e9dpszsu2qhjxxx06eshvg5xtyfhtmqug66zcayde7ph2a8t7d9,1,0,0,0,0.0,0.0,126.570911,<3M,0.0,99.0,0.0,0.0
pool12ptdh2np3sl3c9zxaaz58ka775hv3z9f4nypgn5dlhp0w4qcd0e,47,47,0,47,0.0,0.0,2541.8420078936174,<3M,0.0,0.0,0.0,0.0
pool1w2s88xpylulw3l8naaql9wzxqwra06n8c2lwklmph25zjkvwuvj,83,83,74,9,0.0,0.0,4308.099227337346,<3M,0.0,5.421686746987952,89.1566265060241,0.0
pool1rf2q4a04tgrwpuj5xg4sf0dj737ytaqs8s6yuyps55r6s87x7v7,81,81,81,0,0.0,0.0,2389.041706654324,<3M,0.0,1.0000000000000004,100.0,0.0
pool1ksye6zwlzaytspldngc3966aj79zkjvmkykydu2txay75c0krfp,54,54,50,4,0.0,0.0,52235.63033264814,<3M,0.0,0.9629629629629634,92.5925925925926,0.0
pool15jh849vks9mctm28xe6kgz682vnlu0pzawvftl7ltjtvwpwp59s,75,75,75,0,0.0,0.0,17864.997259973334,<3M,0.0,3.0,100.0,0.0
pool152sqf6kqauklelhcr4a0ps4gyk4lz2kr4dduzst7t2kv2wamjkx,10,10,10,0,0.0,0.0,1123211.5323569,<3M,0.0,10.0,100.0,0.0
pool12p907u2s7hh84cn8xn26h8ytdtftrv4u8fe6xznl4xasvckxd8r,69,69,69,0,0.0,0.0,3051.393711594204,<3M,0.0,1.0000000000000004,100.0,0.0
pool1yu9y9qvqu2d399qvzcy2ugnrsw4vh8uzsufq8jhyfrsjk563jqc,72,72,71,1,0.0,0.0,518.5862557083337,<3M,0.0,2.000000000000001,98.61111111111111,0.0
pool1k5a5e3ylva34qpmwdywv7fn75wt3gzv423e9uw2vmw5rqjc2q7t,71,64,64,0,0.0,0.0,93761.65335443668,<3M,0.0,0.07042253521126761,100.0,0.0
pool1wez7d86xlurc8cr7v8qehx7z7qdyegjwyvcawjjsj2dxvagadgy,31,31,30,1,0.0,0.0,497.55924396774213,<3M,0.0,8.000000000000004,96.7741935483871,0.0
pool1gn4vygcs9trs7pzzdcwv6djr69eq5ux8dmwy028zk5vhcpgn8ty,67,67,67,0,0.0,0.0,704.510019791044,<3M,0.0,1.0000000000000004,100.0,0.0
pool10hua8csg69l59hv4v48fpzcap726l48g77kckdg27zm5v349p69,67,67,67,0,0.0,0.0,9871.798832029861,<3M,0.0,0.0,100.0,0.0
pool1m7mcqg2k4tvrsxgesvw9796f3d028at8z8zxnc5dfksk203fftn,6,6,5,1,0.0,0.0,18300.881442166665,<3M,0.0,2.0000000000000004,83.33333333333334,0.0
pool10w77akxggesfpfm6ry6k5lkr5a27jsetqxjnwzrztalgstkns0w,17,17,14,3,0.0,0.0,733.0747680588233,<3M,0.0,0.23529411764705893,82.35294117647058,0.0
pool1mgkn6k5esursgcwyvhxy7guhnx8cdwjjcfmz2t5hve5n7shtphl,2,2,2,0,0.0,0.0,1000.1326770000001,<3M,0.0,0.0,100.0,0.0
pool1j045vdrzmj3hl36p50c6mhhpwtu2q7cmecnrqjuqq0khja02sr0,61,61,0,61,0.0,0.0,432.5334824262291,<3M,0.0,0.6475409836065578,0.0,0.0
pool1fza7ms33y7mnq63etrgz0caqhaw2tsxme0gp52ltv9wwgwurged,53,53,53,0,0.0,0.0,7998662.2290217355,3M-10M,0.0,4.000000000000002,100.0,0.0
pool10vgnav004xgw03qkqfy6864zq53lzjkcf0syeu4g3uj8xaytlm8,51,51,51,0,0.0,0.0,724.525494294118,<3M,0.0,8.000000000000004,100.0,0.0
pool1fhrhklkcqy5mlygak5hszc3phplq7qq5a6wn30hjrv4e6ydrl9g,47,47,47,0,0.0,0.0,5456.621596893614,<3M,0.0,0.5531914893617024,100.0,0.0
pool1xpeupsjcwntlt78ak74kk9ymfhn2pac000yu9dp42qlpz58f0un,45,45,45,0,0.0,0.0,7833.486848688889,<3M,0.0,0.0,100.0,0.0
pool1av640ert5ktadalakrc5lkgrf988tu0t0j58d9hptd06u57qlms,44,44,38,6,0.0,0.0,22567.041078795457,<3M,0.0,1.0454545454545454,86.36363636363636,0.0
pool1hju4yeclny559p5wrnpgprhs3wqpne8zg8glmtfm4muwcyrxju5,20,20,20,0,0.0,0.0,67.98803309999998,<3M,0.0,0.0,100.0,0.0
pool19yf67fkanhu30qqdcug4gwfy7gpzy8jhq56llg5ua3g3kufg3s5,38,38,38,0,0.0,0.0,36393.99570810526,<3M,0.0,0.1842105263157895,100.0,0.0
pool1w3q90q8cmfv5l0nxettd9pafpfhews2ta57e6xvr6s96swfkrvz,37,37,37,0,0.0,0.0,0.0,<3M,0.0,3.4999999999999996,100.0,0.0
pool1q0c5nnpfpyl8ks0fdm0h2p833yxj0gll237z362yluvs2nt65pp,35,35,35,0,0.0,0.0,110.59931800000003,<3M,0.0,5.000000000000003,100.0,0.0
pool135y07cyqvw5tk55y336jtm28rae5rsgrsr6e4cwrzlvqz305cng,32,32,32,0,0.0,0.0,965.5146954687499,<3M,0.0,3.0156250000000013,100.0,0.0
pool1spakm5z76m4jvu3zn43yyw7659gj3zv5vtkgsvswdwm8q56zj5z,31,31,31,0,0.0,0.0,1034.874949225807,<3M,0.0,1.0000000000000004,100.0,0.0
pool1lakvp73yzpuueyrhzr3sfyy0796gm53g95kapgnmsvv4k6apr5r,29,29,29,0,0.0,0.0,30972.650116827564,<3M,0.0,1.5000000000000009,100.0,0.0
pool1sydxpvsdhkn3rnk7d923fkwxhn9nwwdwcgmuqyh2q5nyunl0mgd,28,28,28,0,0.0,0.0,12969.89082217857,<3M,0.0,0.2142857142857143,100.0,0.0
pool1v8h0h94vgnl54qx3jn0l0p3dya4tpjwcqqwmy0l74g0jxeavcwq,27,27,27,0,0.0,0.0,1014.9709111111109,<3M,0.0,2.0000000000000004,100.0,0.0
pool1tll7ysfwe8cmsh7g336fh2qxf4jsxap5ssmhzrs9jpksg2g86zt,28,28,28,0,0.0,0.0,2325.0912190714284,<3M,0.0,1.0000000000000004,100.0,0.0
pool1kcrpxr6rqyqu0zlpdflma4565qrxtz4u4whcqhsan6335g5uext,24,24,23,1,0.0,0.0,12.123281166666663,<3M,0.0,6.1875000000000036,95.83333333333334,0.0
pool1g59d82m8c84f2ds6l50mng863h9cxfm88khxyhna2l9rzgv6030,24,24,24,0,0.0,0.0,13.532959958333334,<3M,0.0,10.000000000000004,100.0,0.0
pool18pnja3z8vfkw3sj578xetj3ujhyp2vmljezjg5es290awqmzq7g,21,21,14,7,0.0,0.0,14127.729024285714,<3M,0.0,0.0,66.66666666666666,0.0
pool1u5nyr9y7fz4znep9utncyvjrnd57p77yt9lm4fu89fawswz7guj,21,21,20,1,0.0,0.0,530.3068468571427,<3M,0.0,0.0,95.23809523809523,0.0
pool1ah6f5h5xss3qcc5wv5smvkwsqrqz2v2v4u0pvmrrttzs6z52kx8,20,20,20,0,0.0,0.0,90164.72168135,<3M,0.0,10.000000000000002,100.0,0.0
pool1lfxjjg2fmaea3dnvu6wpxylrtrzq0pkgjutjesuzwem4xymtqaj,20,20,20,0,0.0,0.0,5.046708999999997,<3M,0.0,10.000000000000002,100.0,0.0
pool1l92vxagssugcsu4wyhvnjd0t6dlqjjfrxkt8v4qaucgmq8t3j3s,20,20,20,0,0.0,0.0,5.046708999999997,<3M,0.0,10.000000000000002,100.0,0.0
pool13sw2tm09us4kgdkz9nfq6ucccjl34q7aa62zp8vzggjqg0qnf59,5,5,3,2,0.0,0.0,1809.1599346000003,<3M,0.0,0.0,60.0,0.0
pool1jas6p8hw9e2nz049g3xfn2me9yzknka4w84vzrxg0c2ej63stlm,15,15,15,0,0.0,0.0,1735.3162094666664,<3M,0.0,3.0000000000000013,100.0,0.0
pool1dhugawja82wkmrq0lhd24uyrhm02v7grdhnren9r2qgujsh5kml,11,11,11,0,0.0,0.0,10013.177996,<3M,0.0,1.9999999999999998,100.0,0.0
pool133p3wvahj3gzh6cv9ac0ka9pgmltrzs6lt269aumqlkpzhkd9re,13,13,13,0,0.0,0.0,550456.665332,<3M,0.0,1.8900000000000001,100.0,0.0
pool1qxpjz94fpwdwnltngf036yjkh63nrl55xkshug56aukqqwn6gsn,14,14,14,0,0.0,0.0,19672.108988714284,<3M,0.0,10.0,100.0,0.0
pool1je8qh9d4nawl9zstsg3vyan3r64lyw9dzruw0ulxvpumxa66l6g,11,11,11,0,0.0,0.0,37.92232009090908,<3M,0.0,3.0000000000000004,100.0,0.0
pool1hnmcevsa69k88nh4d6ud5qyykwmgzrg6crju79zsv2uu65mkgr8,11,11,11,0,0.0,0.0,375.13910181818187,<3M,0.0,0.7900000000000003,100.0,0.0
pool1yze2j2m286u2evnsphkaz3uyx805wxrg9qqn9ftns43kypl45kq,10,10,10,0,0.0,0.0,496.6728706999999,<3M,0.0,0.0,100.0,0.0
pool1ygmlrra5qn95zw6afntvzxpdpzz67vtqjr4dmslerua2c092a6j,9,9,8,1,0.0,0.0,24193.20012077778,<3M,0.0,2.0,88.88888888888889,0.0
pool17r9r3a7072rju8t0l5sr49xmedc6t26674uhjqfczak2sgp29ax,3,3,0,3,0.0,0.0,3067.2880759999994,<3M,0.0,1.0,0.0,0.0
pool1zsasyr8lvmw6w2ds8h05ppxknphk45c9q76vz7wwvf9dvl0d3x9,7,7,7,0,0.0,0.0,2170.3539078571425,<3M,0.0,3.0,100.0,0.0
pool142dzectpdjwzqmfxdg4mehfe9dd0ts39zz4y7x92fqlyc8gwdmh,7,0,0,0,0.0,0.0,409.87288914285716,<3M,0.0,2.0,0.0,0.0
pool1vddluuhcfrrflgmnczgzz472rc3g6h06hzz6hcv565nwcrelvma,7,7,7,0,0.0,0.0,57.470277,<3M,0.0,4.0,100.0,0.0
pool14z3hap9tf6gt4gk8u84kcwm3s0etcgha26sn8t8wmvcruk0kvgj,6,6,6,0,0.0,0.0,394721.0951861667,<3M,0.0,0.0,100.0,0.0
pool1ct4ag0j73mxzy4325zwwxhgswemlgmepdnqxj6f7edz4zmlfeve,6,6,6,0,0.0,0.0,26338.958710000003,<3M,0.0,5.0,100.0,0.0
pool1fuge4duc9hfgm9xvu33llsntmnfcumsyw2d0away49v8gmphfzs,5,5,5,0,0.0,0.0,5.046709,<3M,0.0,10.0,100.0,0.0
pool1xflehvzad4wr6rrvf6eea65jst5af0r4k0rh4xvmnqgvkzt3xjt,5,5,5,0,0.0,0.0,14.772192999999998,<3M,0.0,0.0,100.0,0.0
pool19egsg4esywdpq8lk5e0r4c8se3mx6k68de2pt2d0fnrs7jntp6m,5,5,5,0,0.0,0.0,2960000.0,<3M,0.0,100.0,100.0,0.0
pool1j4vmgapf520ul8tvwz95xsmne4alpymxpmcnf0zu5v4vz2pej34,5,5,5,0,0.0,0.0,4.840598,<3M,0.0,10.0,100.0,0.0
pool1m4awll97kncxpantx2cvswt3yfh0sqkhzzg7m2rstyy36udnt29,5,5,5,0,0.0,0.0,5.046709,<3M,0.0,10.0,100.0,0.0
pool1anxttanf5g4cjgagns6cf084wq6x9k2pfygjdjyk3swf77wj2ax,5,5,5,0,0.0,0.0,5.046709,<3M,0.0,10.0,100.0,0.0
pool1p6t3cglz78w32telly44te3d5l30zc0f0mprhehm6jus59m9aaa,5,5,5,0,0.0,0.0,2960000.0,<3M,0.0,100.0,100.0,0.0
pool1ds25hy480zcnzjwzr4eef28j85lvpm4mq9qm55vr4mqr5h3l68y,5,5,5,0,0.0,0.0,2960000.0,<3M,0.0,100.0,100.0,0.0
pool1j6jnnxsngexalq60tqnvn2muge7vevd5ukc0unacr4432t4lr28,5,5,5,0,0.0,0.0,3080000.0,3M-10M,0.0,100.0,100.0,0.0
pool1ktqaf79utweyenk6e7289ta5p5993g32emn8355rxmp0kgh2r0m,5,5,5,0,0.0,0.0,2960000.0,<3M,0.0,100.0,100.0,0.0
pool1cn0ku4zvg266h3rznm7kzsytg3smeu9wma785g25yr89xdgw3kj,4,4,4,0,0.0,0.0,7569.4526625,<3M,0.0,2.0,100.0,0.0
pool1wkaj4sy8set0fzrzgeyl8a8du9fg9fmx06yau2hyfemfy7k5mse,4,4,4,0,0.0,0.0,1000.0,<3M,0.0,2.0,100.0,0.0
pool1rjkalgw0mp4mh38yppx8mc9s0dyf23ktuqlzqpqld63uufvhudd,2,2,2,0,0.0,0.0,1127.038199,<3M,0.0,0.0,100.0,0.0
pool1gyrvar6gwyad7u2rsryeg49dgqtsp99k4903knwj5eq9qmu5jlj,1,1,1,0,0.0,0.0,251432.391066,<3M,0.0,2.0,100.0,0.0
pool15wppycnx4mgq5nmwg4eyzj4pg5wazhyml48wsy0jskunsqq69gh,1,1,1,0,0.0,0.0,157.63701,<3M,0.0,2.0,100.0,0.0
